review_id,app_id,author_id,review_text,voted_up,votes_up,votes_funny,playtime_forever,timestamp_created
10000000,512661,7656119880603855,Too repetitive and expensive for the amount of content.,False,1,0,8711,1694642400
10000001,461082,7656119880169658,Poor optimization and awful monetization system.,False,5,0,1170,1685224800
10000002,210358,7656119878017742,"Full of bugs, crashes on startup after recent update.",False,2,0,11126,1764457200
10000003,285728,7656119860029590,Poor optimization and awful monetization system.,False,10,0,13315,1732575600
10000004,886856,7656119863789139,One of the best indie games I have played this year.,True,107,0,11038,1413583200
10000005,678655,7656119889204890,One of the best indie games I have played this year.,True,1,0,2789,1666562400
10000006,686701,7656119843952868,"Great gameplay, amazing soundtrack, highly recommended!",True,0,0,10568,1686348000
10000007,229069,7656119822870191,Absolute masterpiece! Spent over 200 hours in this game.,True,11,0,13953,1767394800
10000008,328223,7656119842632259,Too repetitive and expensive for the amount of content.,False,3,27,5948,1780092000
10000009,820820,7656119874491429,"Great gameplay, amazing soundtrack, highly recommended!",True,10,0,8792,1565560800
10000010,851097,7656119895356954,"Great gameplay, amazing soundtrack, highly recommended!",True,8,0,7382,1747864800
10000011,600514,7656119871874603,10/10 worth every cent. Must buy during Steam sales!,True,0,0,7596,1768950000
10000012,580402,7656119835979123,10/10 worth every cent. Must buy during Steam sales!,True,0,0,440,1733612400
10000013,880529,7656119886458651,"Solid mechanics, great performance, active developers.",True,9,0,7703,1737327600
10000014,394090,7656119889718177,"Solid mechanics, great performance, active developers.",True,0,0,12789,1741734000
10000015,505743,7656119827316436,Poor optimization and awful monetization system.,False,10,0,8387,1755727200
10000016,668586,7656119880603855,"Not recommended in its current state, wait for patches.",False,114,0,12044,1733007600
10000017,662089,7656119895893273,"Great gameplay, amazing soundtrack, highly recommended!",True,7,0,8535,1688248800
10000018,840069,7656119842037221,One of the best indie games I have played this year.,True,0,0,13876,1767481200
10000019,603347,7656119873634692,Overrated game. Story is weak and servers lag constantly.,False,9,0,12721,1661464800
10000020,724178,7656119842117626,"Solid mechanics, great performance, active developers.",True,1,0,1980,1578870000
10000021,573085,7656119825479160,"Solid mechanics, great performance, active developers.",True,0,19,3618,1504216800
10000022,324235,7656119893653666,Too repetitive and expensive for the amount of content.,False,234,0,1477,1732316400
10000023,327570,7656119896543196,"Great gameplay, amazing soundtrack, highly recommended!",True,3,0,13216,1465250400
10000024,382076,7656119880169658,10/10 worth every cent. Must buy during Steam sales!,True,4,0,12265,1643151600
10000025,687354,7656119811005666,Absolute masterpiece! Spent over 200 hours in this game.,True,8,0,7222,1515970800
10000026,442777,7656119871930609,"Full of bugs, crashes on startup after recent update.",False,8,0,14040,1522879200
10000027,359033,7656119893396458,Poor optimization and awful monetization system.,False,1,0,6753,1709506800
10000028,184481,7656119861419075,"Not recommended in its current state, wait for patches.",False,7,0,7213,1675551600
10000029,820820,7656119877539481,Absolute masterpiece! Spent over 200 hours in this game.,True,9,0,5699,1525816800
10000030,536225,7656119895143130,"Solid mechanics, great performance, active developers.",True,8,0,12880,1764198000
10000031,260815,7656119870144577,Absolute masterpiece! Spent over 200 hours in this game.,True,6,0,12202,1499292000
10000032,569280,7656119897578580,Poor optimization and awful monetization system.,False,8,33,3983,1596924000
10000033,919483,7656119833251139,"Full of bugs, crashes on startup after recent update.",False,187,1,1522,1735167600
10000034,617901,7656119895547449,One of the best indie games I have played this year.,True,55,0,7746,1776636000
10000035,448444,7656119842137754,"Solid mechanics, great performance, active developers.",True,9,0,14160,1750111200
10000036,229208,7656119863754215,10/10 worth every cent. Must buy during Steam sales!,True,1,0,9559,1651788000
10000037,148999,7656119893653666,"Great gameplay, amazing soundtrack, highly recommended!",True,4,0,11659,1759701600
10000038,211995,7656119824098732,"Great gameplay, amazing soundtrack, highly recommended!",True,2,0,852,1508709600
10000039,630847,7656119896949775,"Solid mechanics, great performance, active developers.",True,121,0,1278,1670108400
10000040,738297,7656119810751777,"Great gameplay, amazing soundtrack, highly recommended!",True,1,40,10770,1506117600
10000041,809680,7656119867059398,"Great gameplay, amazing soundtrack, highly recommended!",True,5,32,3424,1596232800
10000042,569280,7656119845918564,Too repetitive and expensive for the amount of content.,False,152,0,7501,1630533600
10000043,166937,7656119868807755,"Solid mechanics, great performance, active developers.",True,7,0,3227,1652047200
10000044,754888,7656119857675029,One of the best indie games I have played this year.,True,220,0,4059,1578351600
10000045,359033,7656119857116187,"Not recommended in its current state, wait for patches.",False,1,0,6439,1514242800
10000046,238975,7656119829998979,One of the best indie games I have played this year.,True,4,0,5677,1676674800
10000047,263753,7656119831754449,Absolute masterpiece! Spent over 200 hours in this game.,True,8,0,7917,1741042800
10000048,588308,7656119842618575,"Solid mechanics, great performance, active developers.",True,149,8,4778,1647903600
10000049,628777,7656119812636483,One of the best indie games I have played this year.,True,2,0,7886,1587679200
10000050,650224,7656119822094552,"Solid mechanics, great performance, active developers.",True,7,0,7203,1699138800
10000051,880063,7656119882121336,One of the best indie games I have played this year.,True,0,0,3776,1666476000
10000052,800614,7656119824342977,"Full of bugs, crashes on startup after recent update.",False,4,0,4618,1768604400
10000053,467100,7656119818760412,"Solid mechanics, great performance, active developers.",True,0,0,14231,1764802800
10000054,619878,7656119867638428,"Full of bugs, crashes on startup after recent update.",False,4,0,13614,1637276400
10000055,294521,7656119865922856,Too repetitive and expensive for the amount of content.,False,6,0,6664,1604530800
10000056,623476,7656119810772080,Absolute masterpiece! Spent over 200 hours in this game.,True,0,0,10280,1687471200
10000057,507324,7656119895350510,"Full of bugs, crashes on startup after recent update.",False,63,0,8925,1769986800
10000058,390188,7656119847693851,"Great gameplay, amazing soundtrack, highly recommended!",True,4,0,8902,1658872800
10000059,292168,7656119863287624,Absolute masterpiece! Spent over 200 hours in this game.,True,7,0,8824,1632607200
10000060,668586,7656119812211816,Overrated game. Story is weak and servers lag constantly.,False,6,0,12354,1758146400
10000061,120804,7656119895140851,"Not recommended in its current state, wait for patches.",False,145,49,3481,1619388000
10000062,254921,7656119818221287,Absolute masterpiece! Spent over 200 hours in this game.,True,2,0,13961,1522188000
10000063,528112,7656119884272147,Overrated game. Story is weak and servers lag constantly.,False,2,0,5792,1739228400
10000064,324235,7656119873399820,Absolute masterpiece! Spent over 200 hours in this game.,True,213,0,10985,1602885600
10000065,656976,7656119849658226,One of the best indie games I have played this year.,True,2,0,6782,1649541600
10000066,298321,7656119858332699,Overrated game. Story is weak and servers lag constantly.,False,9,0,4789,1386457200
10000067,528112,7656119834631033,"Not recommended in its current state, wait for patches.",False,10,0,14310,1709506800
10000068,592114,7656119867924014,Poor optimization and awful monetization system.,False,10,0,14493,1647644400
10000069,128872,7656119877927055,One of the best indie games I have played this year.,True,189,0,10133,1737068400
10000070,302920,7656119815493533,Too repetitive and expensive for the amount of content.,False,39,0,10127,1756072800
10000071,354548,7656119875354390,"Solid mechanics, great performance, active developers.",True,99,0,4650,1785016800
10000072,158385,7656119880603855,"Not recommended in its current state, wait for patches.",False,10,0,9369,1749247200
10000073,946176,7656119859112772,Absolute masterpiece! Spent over 200 hours in this game.,True,1,0,11891,1554588000
10000074,238975,7656119855625122,"Solid mechanics, great performance, active developers.",True,227,0,14358,1464040800
10000075,690366,7656119872859276,One of the best indie games I have played this year.,True,10,0,14711,1766358000
10000076,943439,7656119889155610,One of the best indie games I have played this year.,True,23,0,7712,1611874800
10000077,796684,7656119829998979,One of the best indie games I have played this year.,True,3,0,7126,1480892400
10000078,125207,7656119865180850,Poor optimization and awful monetization system.,False,0,0,1959,1616713200
10000079,355639,7656119866513733,Too repetitive and expensive for the amount of content.,False,5,0,13313,1727906400
10000080,940715,7656119842933598,Too repetitive and expensive for the amount of content.,False,8,0,873,1443996000
10000081,467100,7656119887543595,Overrated game. Story is weak and servers lag constantly.,False,6,0,2820,1656799200
10000082,421226,7656119871409823,"Full of bugs, crashes on startup after recent update.",False,5,0,12799,1737068400
10000083,492245,7656119846353565,10/10 worth every cent. Must buy during Steam sales!,True,8,0,2583,1625608800
10000084,447813,7656119858584860,"Great gameplay, amazing soundtrack, highly recommended!",True,9,0,13343,1631484000
10000085,449532,7656119894885144,"Great gameplay, amazing soundtrack, highly recommended!",True,99,0,13057,1701126000
10000086,177911,7656119874185264,"Full of bugs, crashes on startup after recent update.",False,3,41,6810,1583190000
10000087,224578,7656119874831295,10/10 worth every cent. Must buy during Steam sales!,True,2,0,12610,1644966000
10000088,544238,7656119812958909,One of the best indie games I have played this year.,True,3,0,9281,1764370800
10000089,293203,7656119815493533,10/10 worth every cent. Must buy during Steam sales!,True,8,0,13975,1561154400
10000090,777304,7656119819750606,"Not recommended in its current state, wait for patches.",False,5,0,10650,1759528800
10000091,934527,7656119828189105,Absolute masterpiece! Spent over 200 hours in this game.,True,9,0,276,1612134000
10000092,512023,7656119832229589,One of the best indie games I have played this year.,True,2,0,6845,1652306400
10000093,353862,7656119859984977,10/10 worth every cent. Must buy during Steam sales!,True,126,17,1679,1671922800
10000094,835952,7656119886458651,Overrated game. Story is weak and servers lag constantly.,False,0,0,8743,1654639200
10000095,283450,7656119825947932,Absolute masterpiece! Spent over 200 hours in this game.,True,0,19,11710,1667775600
10000096,682191,7656119823939347,Absolute masterpiece! Spent over 200 hours in this game.,True,94,0,7446,1468015200
10000097,707175,7656119835478687,Too repetitive and expensive for the amount of content.,False,243,0,8685,1621461600
10000098,479104,7656119856144944,"Solid mechanics, great performance, active developers.",True,47,0,9956,1731884400
10000099,369932,7656119821570486,"Solid mechanics, great performance, active developers.",True,14,0,13204,1631311200
10000100,312186,7656119854746532,Overrated game. Story is weak and servers lag constantly.,False,2,0,13276,1561586400
10000101,512661,7656119854746532,"Great gameplay, amazing soundtrack, highly recommended!",True,106,0,6940,1708124400
10000102,507324,7656119829998979,"Not recommended in its current state, wait for patches.",False,1,0,9607,1766876400
10000103,182338,7656119849703018,"Full of bugs, crashes on startup after recent update.",False,7,0,3838,1674082800
10000104,869859,7656119873703170,10/10 worth every cent. Must buy during Steam sales!,True,179,0,6896,1729720800
10000105,514813,7656119858027047,Absolute masterpiece! Spent over 200 hours in this game.,True,209,0,6252,1643842800
10000106,624567,7656119884575328,One of the best indie games I have played this year.,True,0,16,8390,1750975200
10000107,327570,7656119834631033,"Solid mechanics, great performance, active developers.",True,147,0,4210,1522015200
10000108,210358,7656119822737860,One of the best indie games I have played this year.,True,190,0,1275,1757800800
10000109,118121,7656119862172995,10/10 worth every cent. Must buy during Steam sales!,True,5,0,7713,1715551200
10000110,390188,7656119892416189,"Solid mechanics, great performance, active developers.",True,103,0,13105,1686520800
10000111,621239,7656119887193607,"Solid mechanics, great performance, active developers.",True,1,0,4215,1722117600
10000112,656841,7656119880179362,"Not recommended in its current state, wait for patches.",False,2,0,2708,1754949600
10000113,267886,7656119817891675,Absolute masterpiece! Spent over 200 hours in this game.,True,7,0,3444,1749420000
10000114,668586,7656119864685571,Overrated game. Story is weak and servers lag constantly.,False,4,42,6278,1768172400
10000115,401638,7656119811419219,"Solid mechanics, great performance, active developers.",True,181,0,6724,1659823200
10000116,245513,7656119889155610,"Not recommended in its current state, wait for patches.",False,9,0,1581,1622066400
10000117,522499,7656119842067830,10/10 worth every cent. Must buy during Steam sales!,True,4,26,12594,1657317600
10000118,188096,7656119865488462,"Solid mechanics, great performance, active developers.",True,250,16,5346,1443996000
10000119,613859,7656119857675029,"Full of bugs, crashes on startup after recent update.",False,25,0,779,1699830000
10000120,608581,7656119875302702,"Not recommended in its current state, wait for patches.",False,7,0,11725,1628200800
10000121,169501,7656119892108109,One of the best indie games I have played this year.,True,10,0,8868,1688767200
10000122,678655,7656119861457269,"Not recommended in its current state, wait for patches.",False,7,0,3922,1700002800
10000123,298321,7656119890441277,Too repetitive and expensive for the amount of content.,False,4,0,3716,1384815600
10000124,102045,7656119883405106,"Not recommended in its current state, wait for patches.",False,5,27,12726,1764630000
10000125,201051,7656119823019333,"Not recommended in its current state, wait for patches.",False,244,0,13895,1483916400
10000126,120706,7656119838038019,Poor optimization and awful monetization system.,False,9,0,11929,1586642400
10000127,125207,7656119882160976,"Great gameplay, amazing soundtrack, highly recommended!",True,6,0,10148,1603231200
10000128,285728,7656119837678289,"Great gameplay, amazing soundtrack, highly recommended!",True,8,0,14078,1730329200
10000129,483607,7656119876172990,"Great gameplay, amazing soundtrack, highly recommended!",True,7,0,12646,1459720800
10000130,808513,7656119860912493,Too repetitive and expensive for the amount of content.,False,3,0,120,1602540000
10000131,328223,7656119852445357,10/10 worth every cent. Must buy during Steam sales!,True,8,0,7586,1401055200
10000132,463737,7656119829049164,"Great gameplay, amazing soundtrack, highly recommended!",True,0,0,11689,1634248800
10000133,648717,7656119869373841,Too repetitive and expensive for the amount of content.,False,246,0,596,1746828000
10000134,483607,7656119842075985,Absolute masterpiece! Spent over 200 hours in this game.,True,1,0,4595,1612134000
10000135,810187,7656119862945280,Overrated game. Story is weak and servers lag constantly.,False,2,8,11475,1524952800
10000136,384826,7656119879427113,Too repetitive and expensive for the amount of content.,False,83,0,3132,1529704800
10000137,885209,7656119836994635,Poor optimization and awful monetization system.,False,1,47,4308,1605999600
10000138,720128,7656119853689858,10/10 worth every cent. Must buy during Steam sales!,True,7,0,14338,1709766000
10000139,108633,7656119865874989,Absolute masterpiece! Spent over 200 hours in this game.,True,5,0,7024,1572040800
10000140,843949,7656119899237211,One of the best indie games I have played this year.,True,6,0,14026,1656712800
10000141,619878,7656119889155610,Overrated game. Story is weak and servers lag constantly.,False,3,0,4887,1716501600
10000142,184481,7656119839261529,One of the best indie games I have played this year.,True,10,38,5967,1594332000
10000143,188476,7656119853856306,Overrated game. Story is weak and servers lag constantly.,False,6,37,8950,1653256800
10000144,603181,7656119875265953,"Not recommended in its current state, wait for patches.",False,216,0,10520,1776463200
10000145,946176,7656119837880532,"Great gameplay, amazing soundtrack, highly recommended!",True,8,0,8719,1452466800
10000146,995493,7656119895840198,One of the best indie games I have played this year.,True,232,0,3221,1768777200
10000147,290060,7656119851911094,10/10 worth every cent. Must buy during Steam sales!,True,219,0,13371,1746914400
10000148,260897,7656119828755207,10/10 worth every cent. Must buy during Steam sales!,True,161,0,3984,1784757600
10000149,903416,7656119850955238,"Full of bugs, crashes on startup after recent update.",False,211,0,12514,1736290800
10000150,449711,7656119851613513,Absolute masterpiece! Spent over 200 hours in this game.,True,10,0,3473,1663797600
10000151,175965,7656119865043608,Overrated game. Story is weak and servers lag constantly.,False,17,3,14700,1707001200
10000152,484520,7656119858369020,"Great gameplay, amazing soundtrack, highly recommended!",True,4,0,14536,1768950000
10000153,166937,7656119889073225,"Great gameplay, amazing soundtrack, highly recommended!",True,0,0,8251,1538604000
10000154,940715,7656119899691868,10/10 worth every cent. Must buy during Steam sales!,True,240,0,14014,1455922800
10000155,283450,7656119889752333,"Great gameplay, amazing soundtrack, highly recommended!",True,246,0,12798,1721253600
10000156,354548,7656119826254390,"Great gameplay, amazing soundtrack, highly recommended!",True,7,0,467,1747346400
10000157,922415,7656119895752963,"Solid mechanics, great performance, active developers.",True,2,0,694,1530136800
10000158,843949,7656119890445590,One of the best indie games I have played this year.,True,2,0,11521,1644793200
10000159,395577,7656119837880532,Poor optimization and awful monetization system.,False,5,0,8082,1671750000
10000160,839682,7656119849129617,Too repetitive and expensive for the amount of content.,False,14,0,3931,1766098800
10000161,108169,7656119846086687,"Solid mechanics, great performance, active developers.",True,10,0,9586,1650578400
10000162,983731,7656119848427828,"Great gameplay, amazing soundtrack, highly recommended!",True,6,0,2756,1712700000
10000163,120706,7656119835802687,One of the best indie games I have played this year.,True,125,0,14057,1580166000
10000164,561997,7656119864377981,10/10 worth every cent. Must buy during Steam sales!,True,9,50,6183,1763766000
10000165,969809,7656119884493943,10/10 worth every cent. Must buy during Steam sales!,True,25,42,2079,1649800800
10000166,285728,7656119880520362,"Solid mechanics, great performance, active developers.",True,138,39,9867,1670281200
10000167,395577,7656119867086644,10/10 worth every cent. Must buy during Steam sales!,True,35,15,13507,1457996400
10000168,100495,7656119842794291,"Full of bugs, crashes on startup after recent update.",False,94,0,13938,1779573600
10000169,442777,7656119875623235,Overrated game. Story is weak and servers lag constantly.,False,4,0,5962,1499810400
10000170,859341,7656119853346105,"Full of bugs, crashes on startup after recent update.",False,8,0,8727,1783893600
10000171,367762,7656119829016396,"Solid mechanics, great performance, active developers.",True,3,0,8029,1666994400
10000172,463737,7656119895893273,10/10 worth every cent. Must buy during Steam sales!,True,4,0,10048,1543186800
10000173,614098,7656119877433804,10/10 worth every cent. Must buy during Steam sales!,True,3,0,9454,1644793200
10000174,666065,7656119855961760,One of the best indie games I have played this year.,True,72,0,6010,1631743200
10000175,369932,7656119834164185,One of the best indie games I have played this year.,True,231,0,7129,1737932400
10000176,551309,7656119877811116,Overrated game. Story is weak and servers lag constantly.,False,42,0,3626,1675638000
10000177,128872,7656119868314392,Absolute masterpiece! Spent over 200 hours in this game.,True,7,13,12923,1651442400
10000178,551101,7656119813013645,"Solid mechanics, great performance, active developers.",True,3,0,4179,1775685600
10000179,551309,7656119859861431,Overrated game. Story is weak and servers lag constantly.,False,4,0,4442,1750888800
10000180,984846,7656119885439162,Overrated game. Story is weak and servers lag constantly.,False,10,0,3296,1698444000
10000181,738297,7656119864579932,"Great gameplay, amazing soundtrack, highly recommended!",True,1,0,11418,1524952800
10000182,238975,7656119854265602,Absolute masterpiece! Spent over 200 hours in this game.,True,4,0,6365,1751666400
10000183,254921,7656119863789139,"Solid mechanics, great performance, active developers.",True,213,0,240,1628719200
10000184,320386,7656119857079678,10/10 worth every cent. Must buy during Steam sales!,True,8,0,12597,1676156400
10000185,492245,7656119852938869,One of the best indie games I have played this year.,True,10,0,7830,1366668000
10000186,854608,7656119854925951,10/10 worth every cent. Must buy during Steam sales!,True,6,0,464,1749938400
10000187,651034,7656119899237211,Poor optimization and awful monetization system.,False,2,26,3657,1645052400
10000188,608581,7656119866555236,"Solid mechanics, great performance, active developers.",True,10,0,8695,1557180000
10000189,354548,7656119859984977,"Great gameplay, amazing soundtrack, highly recommended!",True,5,11,13825,1736809200
10000190,721258,7656119863731163,Too repetitive and expensive for the amount of content.,False,4,43,11916,1500242400
10000191,810187,7656119864618491,Absolute masterpiece! Spent over 200 hours in this game.,True,9,0,4887,1567548000
10000192,394090,7656119879169430,"Solid mechanics, great performance, active developers.",True,8,0,976,1743976800
10000193,851097,7656119851120607,One of the best indie games I have played this year.,True,47,33,5882,1755554400
10000194,681592,7656119865900420,Too repetitive and expensive for the amount of content.,False,9,0,4053,1606258800
10000195,659434,7656119815816324,"Great gameplay, amazing soundtrack, highly recommended!",True,151,0,5458,1575932400
10000196,324235,7656119818733153,One of the best indie games I have played this year.,True,6,0,3632,1619128800
10000197,312186,7656119854879837,Overrated game. Story is weak and servers lag constantly.,False,0,0,5472,1779573600
10000198,721910,7656119845400793,10/10 worth every cent. Must buy during Steam sales!,True,8,0,2522,1686002400
10000199,666103,7656119881658529,"Solid mechanics, great performance, active developers.",True,188,0,3412,1732575600
10000200,449532,7656119880272341,Overrated game. Story is weak and servers lag constantly.,False,4,0,10865,1668294000
10000201,974174,7656119877019316,"Full of bugs, crashes on startup after recent update.",False,5,0,7900,1503957600
10000202,983329,7656119833628518,10/10 worth every cent. Must buy during Steam sales!,True,8,0,7237,1759096800
10000203,738297,7656119877496785,"Not recommended in its current state, wait for patches.",False,8,23,5701,1514588400
10000204,148999,7656119876251763,"Great gameplay, amazing soundtrack, highly recommended!",True,0,0,8970,1783288800
10000205,509990,7656119899491469,"Solid mechanics, great performance, active developers.",True,218,9,4627,1600898400
10000206,709172,7656119816869198,10/10 worth every cent. Must buy during Steam sales!,True,181,0,7262,1542582000
10000207,120804,7656119824342977,Absolute masterpiece! Spent over 200 hours in this game.,True,1,0,12849,1634162400
10000208,983731,7656119839042149,One of the best indie games I have played this year.,True,5,16,14327,1724536800
10000209,923301,7656119888179325,"Full of bugs, crashes on startup after recent update.",False,53,0,9069,1609801200
10000210,514813,7656119876172990,One of the best indie games I have played this year.,True,7,0,1365,1768950000
10000211,532383,7656119870960166,10/10 worth every cent. Must buy during Steam sales!,True,1,0,4434,1586210400
10000212,658679,7656119864579932,One of the best indie games I have played this year.,True,7,0,7500,1767222000
10000213,555423,7656119867402243,"Great gameplay, amazing soundtrack, highly recommended!",True,3,0,3267,1741647600
10000214,851097,7656119845599177,"Great gameplay, amazing soundtrack, highly recommended!",True,7,0,6774,1745618400
10000215,800614,7656119858177516,Absolute masterpiece! Spent over 200 hours in this game.,True,2,0,8203,1765407600
10000216,668144,7656119871265746,"Great gameplay, amazing soundtrack, highly recommended!",True,44,0,5501,1524348000
10000217,816259,7656119898143370,"Full of bugs, crashes on startup after recent update.",False,3,3,14141,1678834800
10000218,120804,7656119839691120,Absolute masterpiece! Spent over 200 hours in this game.,True,241,0,14243,1703631600
10000219,869859,7656119815397634,"Great gameplay, amazing soundtrack, highly recommended!",True,6,12,9257,1594159200
10000220,873433,7656119833956418,10/10 worth every cent. Must buy during Steam sales!,True,4,0,4404,1673478000
10000221,188476,7656119835079074,"Not recommended in its current state, wait for patches.",False,6,0,3874,1581202800
10000222,590077,7656119821694125,"Great gameplay, amazing soundtrack, highly recommended!",True,5,0,14827,1589320800
10000223,687354,7656119898702192,"Solid mechanics, great performance, active developers.",True,2,0,8085,1624485600
10000224,486018,7656119877915832,Poor optimization and awful monetization system.,False,5,0,5465,1401746400
10000225,253587,7656119823551489,One of the best indie games I have played this year.,True,3,0,14973,1682719200
10000226,105407,7656119858584860,Absolute masterpiece! Spent over 200 hours in this game.,True,246,0,10940,1720216800
10000227,373986,7656119870144577,Poor optimization and awful monetization system.,False,2,34,14059,1759356000
10000228,119791,7656119898075745,Absolute masterpiece! Spent over 200 hours in this game.,True,223,0,13875,1769641200
10000229,873433,7656119865084031,Overrated game. Story is weak and servers lag constantly.,False,5,0,996,1498946400
10000230,850655,7656119885916564,Too repetitive and expensive for the amount of content.,False,163,1,9257,1647298800
10000231,809680,7656119894863746,Absolute masterpiece! Spent over 200 hours in this game.,True,9,0,9928,1531000800
10000232,610526,7656119862119600,"Great gameplay, amazing soundtrack, highly recommended!",True,5,23,10943,1506463200
10000233,428878,7656119854992041,"Great gameplay, amazing soundtrack, highly recommended!",True,54,0,2283,1668466800
10000234,750671,7656119818630297,"Solid mechanics, great performance, active developers.",True,10,0,5082,1671836400
10000235,484520,7656119868066902,One of the best indie games I have played this year.,True,4,0,3511,1661032800
10000236,603181,7656119822406462,"Not recommended in its current state, wait for patches.",False,5,0,13596,1688508000
10000237,132182,7656119878714999,Too repetitive and expensive for the amount of content.,False,5,11,534,1783461600
10000238,211995,7656119837011987,One of the best indie games I have played this year.,True,5,0,11636,1585090800
10000239,390188,7656119880110255,"Not recommended in its current state, wait for patches.",False,8,39,4813,1771196400
10000240,979600,7656119864377981,10/10 worth every cent. Must buy during Steam sales!,True,205,0,659,1761084000
10000241,118121,7656119896122897,Overrated game. Story is weak and servers lag constantly.,False,6,0,6604,1663452000
10000242,613859,7656119864377981,Too repetitive and expensive for the amount of content.,False,8,0,6098,1728424800
10000243,467100,7656119891445045,"Solid mechanics, great performance, active developers.",True,0,0,5232,1763593200
10000244,242940,7656119883772233,One of the best indie games I have played this year.,True,6,0,1449,1659045600
10000245,463737,7656119891047569,"Solid mechanics, great performance, active developers.",True,10,0,149,1505253600
10000246,617901,7656119811005666,10/10 worth every cent. Must buy during Steam sales!,True,208,0,14396,1744840800
10000247,682191,7656119850154324,"Great gameplay, amazing soundtrack, highly recommended!",True,147,0,221,1429567200
10000248,188476,7656119863789139,Overrated game. Story is weak and servers lag constantly.,False,6,0,11352,1651096800
10000249,320386,7656119887180866,Absolute masterpiece! Spent over 200 hours in this game.,True,10,0,6510,1665352800
10000250,974174,7656119837034660,Absolute masterpiece! Spent over 200 hours in this game.,True,6,0,13937,1754776800
10000251,138126,7656119890018483,Overrated game. Story is weak and servers lag constantly.,False,244,0,10654,1716588000
10000252,808513,7656119832106440,One of the best indie games I have played this year.,True,4,0,3203,1704236400
10000253,608581,7656119822509868,Absolute masterpiece! Spent over 200 hours in this game.,True,3,0,13034,1775944800
10000254,411344,7656119892096221,"Solid mechanics, great performance, active developers.",True,1,0,1211,1659823200
10000255,358325,7656119882112766,Overrated game. Story is weak and servers lag constantly.,False,5,0,10266,1591308000
10000256,239304,7656119835802687,10/10 worth every cent. Must buy during Steam sales!,True,5,0,547,1687989600
10000257,365931,7656119814143488,"Full of bugs, crashes on startup after recent update.",False,149,0,12366,1545260400
10000258,709172,7656119881160827,10/10 worth every cent. Must buy during Steam sales!,True,3,0,2756,1739833200
10000259,972686,7656119898062086,10/10 worth every cent. Must buy during Steam sales!,True,3,0,3483,1750629600
10000260,327447,7656119882836195,Absolute masterpiece! Spent over 200 hours in this game.,True,47,0,12518,1697925600
10000261,353862,7656119842632259,One of the best indie games I have played this year.,True,187,0,11982,1498773600
10000262,860996,7656119851632139,Overrated game. Story is weak and servers lag constantly.,False,174,0,3412,1725055200
10000263,727193,7656119877714846,"Full of bugs, crashes on startup after recent update.",False,8,46,8932,1764284400
10000264,688444,7656119822843696,Poor optimization and awful monetization system.,False,1,15,2119,1701730800
10000265,238975,7656119816099279,"Full of bugs, crashes on startup after recent update.",False,39,0,14767,1452121200
10000266,118121,7656119892245940,10/10 worth every cent. Must buy during Steam sales!,True,8,0,13632,1649109600
10000267,328417,7656119842397331,10/10 worth every cent. Must buy during Steam sales!,True,8,0,2253,1577919600
10000268,919483,7656119857665199,"Not recommended in its current state, wait for patches.",False,4,0,2637,1695333600
10000269,851097,7656119880876552,"Great gameplay, amazing soundtrack, highly recommended!",True,147,0,7286,1746568800
10000270,573085,7656119892358385,10/10 worth every cent. Must buy during Steam sales!,True,3,0,2489,1617919200
10000271,923327,7656119817925265,Too repetitive and expensive for the amount of content.,False,152,0,3235,1717192800
10000272,756505,7656119898143370,"Solid mechanics, great performance, active developers.",True,5,0,11316,1531692000
10000273,353862,7656119825304742,One of the best indie games I have played this year.,True,185,0,3769,1584313200
10000274,668586,7656119875759370,Absolute masterpiece! Spent over 200 hours in this game.,True,211,0,12253,1692482400
10000275,580402,7656119821979467,"Solid mechanics, great performance, active developers.",True,7,0,1049,1725832800
10000276,924651,7656119885732523,"Great gameplay, amazing soundtrack, highly recommended!",True,2,0,10669,1761429600
10000277,934527,7656119825479160,"Great gameplay, amazing soundtrack, highly recommended!",True,9,0,8873,1587247200
10000278,461082,7656119831810402,Overrated game. Story is weak and servers lag constantly.,False,9,0,12331,1732489200
10000279,621239,7656119863466816,"Solid mechanics, great performance, active developers.",True,3,0,2424,1714255200
10000280,120804,7656119834164185,"Solid mechanics, great performance, active developers.",True,7,0,5415,1564178400
10000281,302920,7656119876061591,Absolute masterpiece! Spent over 200 hours in this game.,True,10,0,10910,1766962800
10000282,228079,7656119864618491,"Great gameplay, amazing soundtrack, highly recommended!",True,7,0,12148,1518044400
10000283,138126,7656119835802687,Absolute masterpiece! Spent over 200 hours in this game.,True,3,34,4082,1669935600
10000284,678655,7656119855366179,"Great gameplay, amazing soundtrack, highly recommended!",True,130,0,6882,1544655600
10000285,761716,7656119876958080,Poor optimization and awful monetization system.,False,3,0,8399,1683583200
10000286,453113,7656119813179344,Overrated game. Story is weak and servers lag constantly.,False,3,0,9785,1590876000
10000287,940715,7656119863252375,One of the best indie games I have played this year.,True,2,0,3869,1692309600
10000288,125207,7656119842044885,"Not recommended in its current state, wait for patches.",False,56,9,12092,1603144800
10000289,600039,7656119818486890,One of the best indie games I have played this year.,True,8,0,6932,1490738400
10000290,995493,7656119871994620,"Great gameplay, amazing soundtrack, highly recommended!",True,51,0,13744,1746050400
10000291,650224,7656119876172990,Overrated game. Story is weak and servers lag constantly.,False,10,31,6898,1443304800
10000292,635657,7656119854606124,Absolute masterpiece! Spent over 200 hours in this game.,True,10,0,14210,1659996000
10000293,364851,7656119853689858,"Great gameplay, amazing soundtrack, highly recommended!",True,10,0,11990,1740178800
10000294,650224,7656119889334151,Poor optimization and awful monetization system.,False,9,0,13844,1676415600
10000295,369053,7656119885732523,Absolute masterpiece! Spent over 200 hours in this game.,True,7,17,12905,1630620000
10000296,229069,7656119877915832,Absolute masterpiece! Spent over 200 hours in this game.,True,10,0,8307,1783980000
10000297,854608,7656119858369020,Poor optimization and awful monetization system.,False,10,0,9297,1544050800
10000298,229202,7656119862119600,"Solid mechanics, great performance, active developers.",True,121,39,6741,1747519200
10000299,327570,7656119893250830,"Great gameplay, amazing soundtrack, highly recommended!",True,181,0,13358,1445900400
10000300,375654,7656119815183301,"Great gameplay, amazing soundtrack, highly recommended!",True,0,14,2141,1670886000
10000301,390188,7656119862119600,Too repetitive and expensive for the amount of content.,False,2,0,2582,1690322400
10000302,291387,7656119842067830,"Solid mechanics, great performance, active developers.",True,200,0,2364,1702940400
10000303,923327,7656119830711293,Overrated game. Story is weak and servers lag constantly.,False,7,0,7755,1774393200
10000304,479104,7656119875840383,"Not recommended in its current state, wait for patches.",False,212,0,13027,1782252000
10000305,559452,7656119835478687,One of the best indie games I have played this year.,True,2,0,10665,1713218400
10000306,972686,7656119858807097,One of the best indie games I have played this year.,True,8,0,9772,1775772000
10000307,727676,7656119881509951,Absolute masterpiece! Spent over 200 hours in this game.,True,10,0,4637,1727820000
10000308,364851,7656119851921090,Absolute masterpiece! Spent over 200 hours in this game.,True,222,0,11681,1698620400
10000309,860996,7656119889976731,"Full of bugs, crashes on startup after recent update.",False,211,0,12810,1693260000
10000310,108169,7656119813409134,10/10 worth every cent. Must buy during Steam sales!,True,4,0,3801,1696197600
10000311,175965,7656119825700013,Overrated game. Story is weak and servers lag constantly.,False,57,0,10871,1678402800
10000312,122727,7656119879079456,"Full of bugs, crashes on startup after recent update.",False,31,0,4705,1536962400
10000313,458731,7656119870709446,One of the best indie games I have played this year.,True,7,0,6283,1469916000
10000314,678655,7656119836994415,Absolute masterpiece! Spent over 200 hours in this game.,True,159,0,281,1529791200
10000315,810187,7656119849659772,Too repetitive and expensive for the amount of content.,False,0,0,8190,1764975600
10000316,509990,7656119839127570,10/10 worth every cent. Must buy during Steam sales!,True,0,0,14412,1644102000
10000317,750671,7656119852166150,"Solid mechanics, great performance, active developers.",True,5,0,10833,1699052400
10000318,367762,7656119816146243,Absolute masterpiece! Spent over 200 hours in this game.,True,85,0,1510,1596578400
10000319,684738,7656119863065746,"Great gameplay, amazing soundtrack, highly recommended!",True,163,0,8445,1773010800
10000320,778971,7656119881509951,"Great gameplay, amazing soundtrack, highly recommended!",True,2,14,10879,1751752800
10000321,229202,7656119892038621,One of the best indie games I have played this year.,True,3,0,949,1770418800
10000322,328223,7656119822843696,"Great gameplay, amazing soundtrack, highly recommended!",True,6,0,12028,1534284000
10000323,880063,7656119834349710,"Solid mechanics, great performance, active developers.",True,3,0,12507,1736031600
10000324,253587,7656119859861431,Absolute masterpiece! Spent over 200 hours in this game.,True,6,10,5486,1660860000
10000325,431977,7656119875157803,"Solid mechanics, great performance, active developers.",True,73,0,1858,1510268400
10000326,373986,7656119826546509,"Great gameplay, amazing soundtrack, highly recommended!",True,196,0,10153,1727215200
10000327,709172,7656119871008385,10/10 worth every cent. Must buy during Steam sales!,True,2,0,9244,1783980000
10000328,242940,7656119887193607,One of the best indie games I have played this year.,True,1,0,11148,1673046000
10000329,120368,7656119816869198,10/10 worth every cent. Must buy during Steam sales!,True,1,15,10163,1703977200
10000330,598115,7656119852977718,"Great gameplay, amazing soundtrack, highly recommended!",True,5,0,8669,1722549600
10000331,710466,7656119849659772,Absolute masterpiece! Spent over 200 hours in this game.,True,4,31,14291,1652133600
10000332,278648,7656119870837637,"Full of bugs, crashes on startup after recent update.",False,3,0,8232,1650924000
10000333,761898,7656119814912627,One of the best indie games I have played this year.,True,228,31,12726,1752444000
10000334,104323,7656119860871850,One of the best indie games I have played this year.,True,4,43,13953,1497132000
10000335,364851,7656119861419075,Absolute masterpiece! Spent over 200 hours in this game.,True,4,42,13124,1478300400
10000336,862692,7656119871874603,Too repetitive and expensive for the amount of content.,False,25,0,5745,1675638000
10000337,721910,7656119851613513,"Solid mechanics, great performance, active developers.",True,6,0,335,1419030000
10000338,807875,7656119880520362,Absolute masterpiece! Spent over 200 hours in this game.,True,190,0,4407,1619128800
10000339,298321,7656119852744039,10/10 worth every cent. Must buy during Steam sales!,True,10,0,6792,1539208800
10000340,682191,7656119892330364,Overrated game. Story is weak and servers lag constantly.,False,8,0,9152,1635285600
10000341,486018,7656119850691559,Poor optimization and awful monetization system.,False,8,0,14258,1776722400
10000342,375381,7656119842662951,One of the best indie games I have played this year.,True,5,0,3059,1636412400
10000343,291387,7656119879427113,Poor optimization and awful monetization system.,False,7,0,2339,1752530400
10000344,835952,7656119821570486,One of the best indie games I have played this year.,True,10,0,5868,1609628400
10000345,624567,7656119852455947,Too repetitive and expensive for the amount of content.,False,238,0,2447,1649023200
10000346,555423,7656119825670721,10/10 worth every cent. Must buy during Steam sales!,True,89,0,11755,1746396000
10000347,401638,7656119898136802,"Solid mechanics, great performance, active developers.",True,1,0,5797,1545433200
10000348,128837,7656119874892580,"Solid mechanics, great performance, active developers.",True,3,38,13533,1609542000
10000349,449532,7656119862650923,"Not recommended in its current state, wait for patches.",False,7,0,9050,1695074400
10000350,619673,7656119892296861,One of the best indie games I have played this year.,True,107,0,1459,1662156000
10000351,828364,7656119858177516,"Not recommended in its current state, wait for patches.",False,134,0,14328,1742943600
10000352,607836,7656119891452087,10/10 worth every cent. Must buy during Steam sales!,True,0,0,6306,1750802400
10000353,115880,7656119891441715,Poor optimization and awful monetization system.,False,165,0,8052,1445724000
10000354,182338,7656119870837637,"Not recommended in its current state, wait for patches.",False,3,0,8310,1705618800
10000355,615496,7656119854606124,10/10 worth every cent. Must buy during Steam sales!,True,66,0,2122,1712008800
10000356,743906,7656119824015277,Overrated game. Story is weak and servers lag constantly.,False,164,0,5352,1553468400
10000357,522499,7656119857409967,"Full of bugs, crashes on startup after recent update.",False,61,0,8743,1623189600
10000358,294521,7656119850945190,Absolute masterpiece! Spent over 200 hours in this game.,True,138,0,4179,1771455600
10000359,682191,7656119837678289,10/10 worth every cent. Must buy during Steam sales!,True,9,0,5837,1634853600
10000360,924651,7656119889073225,One of the best indie games I have played this year.,True,6,0,11497,1765148400
10000361,421226,7656119889183214,Poor optimization and awful monetization system.,False,8,0,5504,1776117600
10000362,373986,7656119858677036,Absolute masterpiece! Spent over 200 hours in this game.,True,162,0,12110,1748124000
10000363,620079,7656119818322555,10/10 worth every cent. Must buy during Steam sales!,True,0,0,9372,1409176800
10000364,291387,7656119815713788,"Solid mechanics, great performance, active developers.",True,6,0,8195,1553382000
10000365,672581,7656119878017742,"Great gameplay, amazing soundtrack, highly recommended!",True,7,0,6953,1657317600
10000366,958242,7656119818719344,One of the best indie games I have played this year.,True,120,0,7971,1434492000
10000367,167100,7656119861203118,Overrated game. Story is weak and servers lag constantly.,False,7,0,9671,1445464800
10000368,525711,7656119828728821,"Solid mechanics, great performance, active developers.",True,7,0,3294,1663020000
10000369,983731,7656119820257225,10/10 worth every cent. Must buy during Steam sales!,True,144,0,12660,1711753200
10000370,659434,7656119834164185,"Great gameplay, amazing soundtrack, highly recommended!",True,93,0,7807,1760824800
10000371,687354,7656119842166393,Absolute masterpiece! Spent over 200 hours in this game.,True,6,0,11646,1505685600
10000372,580402,7656119873571210,Absolute masterpiece! Spent over 200 hours in this game.,True,25,0,2666,1728684000
10000373,211995,7656119887722453,"Not recommended in its current state, wait for patches.",False,1,0,8530,1785880800
10000374,851097,7656119894094616,10/10 worth every cent. Must buy during Steam sales!,True,10,46,12492,1773442800
10000375,555423,7656119865815863,"Not recommended in its current state, wait for patches.",False,6,0,868,1764457200
10000376,931793,7656119848692840,"Not recommended in its current state, wait for patches.",False,0,0,8992,1600725600
10000377,224578,7656119848137782,"Great gameplay, amazing soundtrack, highly recommended!",True,174,0,1939,1632607200
10000378,946176,7656119877927055,One of the best indie games I have played this year.,True,4,0,8653,1667948400
10000379,588308,7656119860295510,"Not recommended in its current state, wait for patches.",False,127,38,12075,1747951200
10000380,619673,7656119833697206,One of the best indie games I have played this year.,True,9,0,14977,1786226400
10000381,983731,7656119837969645,"Great gameplay, amazing soundtrack, highly recommended!",True,9,0,10040,1742943600
10000382,290060,7656119898062086,"Great gameplay, amazing soundtrack, highly recommended!",True,10,0,8929,1535925600
10000383,408349,7656119848859818,"Solid mechanics, great performance, active developers.",True,192,0,8894,1764802800
10000384,709087,7656119861032887,One of the best indie games I have played this year.,True,9,0,13798,1555884000
10000385,869859,7656119821992827,Too repetitive and expensive for the amount of content.,False,5,0,12947,1729548000
10000386,551101,7656119892108109,"Full of bugs, crashes on startup after recent update.",False,5,0,8395,1705273200
10000387,184481,7656119892358385,Overrated game. Story is weak and servers lag constantly.,False,6,0,4958,1433887200
10000388,847065,7656119854101955,"Great gameplay, amazing soundtrack, highly recommended!",True,0,0,6599,1663279200
10000389,108169,7656119838152141,Absolute masterpiece! Spent over 200 hours in this game.,True,6,28,5104,1518476400
10000390,742800,7656119877927055,10/10 worth every cent. Must buy during Steam sales!,True,79,0,573,1615935600
10000391,614098,7656119832106440,One of the best indie games I have played this year.,True,10,0,9999,1558044000
10000392,812156,7656119823474578,10/10 worth every cent. Must buy during Steam sales!,True,6,46,14540,1734822000
10000393,620079,7656119884237375,"Solid mechanics, great performance, active developers.",True,90,0,13431,1586124000
10000394,778971,7656119870357887,"Not recommended in its current state, wait for patches.",False,112,0,14018,1637276400
10000395,843949,7656119875948431,"Great gameplay, amazing soundtrack, highly recommended!",True,9,0,6893,1772060400
10000396,880529,7656119832251733,"Solid mechanics, great performance, active developers.",True,3,0,6034,1759356000
10000397,667966,7656119825301971,One of the best indie games I have played this year.,True,4,0,4670,1686780000
10000398,272387,7656119871108646,10/10 worth every cent. Must buy during Steam sales!,True,7,0,13573,1739660400
10000399,635657,7656119879037051,10/10 worth every cent. Must buy during Steam sales!,True,4,0,3791,1504216800
10000400,532383,7656119855830349,Absolute masterpiece! Spent over 200 hours in this game.,True,8,0,13217,1577055600
10000401,582432,7656119841632285,10/10 worth every cent. Must buy during Steam sales!,True,127,2,9551,1762902000
10000402,289227,7656119885037110,Poor optimization and awful monetization system.,False,88,0,11959,1748469600
10000403,531421,7656119868630991,One of the best indie games I have played this year.,True,10,0,603,1654984800
10000404,590077,7656119874650013,"Solid mechanics, great performance, active developers.",True,6,0,2582,1502402400
10000405,850655,7656119845440051,Overrated game. Story is weak and servers lag constantly.,False,4,0,1666,1696802400
10000406,411344,7656119880876552,"Full of bugs, crashes on startup after recent update.",False,105,0,230,1632348000
10000407,580402,7656119817544084,"Great gameplay, amazing soundtrack, highly recommended!",True,6,0,11307,1740524400
10000408,108633,7656119889752333,Poor optimization and awful monetization system.,False,5,0,2672,1378850400
10000409,972686,7656119878270687,Absolute masterpiece! Spent over 200 hours in this game.,True,9,0,7128,1742338800
10000410,789660,7656119855708507,Too repetitive and expensive for the amount of content.,False,223,35,2416,1774994400
10000411,524765,7656119879778551,One of the best indie games I have played this year.,True,0,0,2126,1676156400
10000412,138126,7656119861903732,Overrated game. Story is weak and servers lag constantly.,False,8,0,4142,1598997600
10000413,160015,7656119895669465,"Great gameplay, amazing soundtrack, highly recommended!",True,213,0,7345,1470175200
10000414,448714,7656119885351616,"Solid mechanics, great performance, active developers.",True,165,0,3425,1785448800
10000415,509990,7656119892038621,"Solid mechanics, great performance, active developers.",True,4,0,3384,1632952800
10000416,777304,7656119882384926,"Great gameplay, amazing soundtrack, highly recommended!",True,6,0,6835,1699570800
10000417,509990,7656119843901913,"Solid mechanics, great performance, active developers.",True,8,0,12221,1724104800
10000418,211995,7656119831804163,Absolute masterpiece! Spent over 200 hours in this game.,True,6,0,3854,1628892000
10000419,807875,7656119839568065,Absolute masterpiece! Spent over 200 hours in this game.,True,82,0,14215,1620165600
10000420,690366,7656119886990244,"Great gameplay, amazing soundtrack, highly recommended!",True,6,0,10926,1715292000
10000421,384826,7656119873399820,Absolute masterpiece! Spent over 200 hours in this game.,True,3,0,13942,1753999200
10000422,847065,7656119826857015,Absolute masterpiece! Spent over 200 hours in this game.,True,4,37,1905,1582585200
10000423,454799,7656119870460470,Overrated game. Story is weak and servers lag constantly.,False,10,0,13512,1687730400
10000424,931195,7656119822843696,"Great gameplay, amazing soundtrack, highly recommended!",True,4,0,2233,1769727600
10000425,291387,7656119835168561,"Solid mechanics, great performance, active developers.",True,5,19,14127,1767913200
10000426,939106,7656119863330540,Too repetitive and expensive for the amount of content.,False,7,0,2957,1614898800
10000427,756505,7656119866703965,10/10 worth every cent. Must buy during Steam sales!,True,157,0,9044,1656799200
10000428,408323,7656119817632399,"Solid mechanics, great performance, active developers.",True,88,0,4903,1540159200
10000429,670637,7656119871994620,10/10 worth every cent. Must buy during Steam sales!,True,122,0,4145,1757196000
10000430,536225,7656119851648767,"Great gameplay, amazing soundtrack, highly recommended!",True,0,0,13863,1733094000
10000431,285728,7656119892997324,10/10 worth every cent. Must buy during Steam sales!,True,2,0,10469,1648418400
10000432,625408,7656119880179362,Absolute masterpiece! Spent over 200 hours in this game.,True,26,0,517,1742943600
10000433,507324,7656119852084727,"Full of bugs, crashes on startup after recent update.",False,9,0,10648,1753826400
10000434,408323,7656119871994620,Too repetitive and expensive for the amount of content.,False,0,0,3138,1713909600
10000435,312186,7656119877532430,"Solid mechanics, great performance, active developers.",True,2,0,686,1632002400
10000436,358325,7656119828728821,"Solid mechanics, great performance, active developers.",True,1,0,12120,1548198000
10000437,662700,7656119879652092,10/10 worth every cent. Must buy during Steam sales!,True,7,0,2048,1602626400
10000438,167100,7656119839568065,"Solid mechanics, great performance, active developers.",True,113,0,7140,1587247200
10000439,960289,7656119818519632,"Great gameplay, amazing soundtrack, highly recommended!",True,8,0,14966,1727647200
10000440,840069,7656119863252375,"Great gameplay, amazing soundtrack, highly recommended!",True,6,0,11883,1774306800
10000441,375381,7656119840225803,"Great gameplay, amazing soundtrack, highly recommended!",True,35,0,6034,1657231200
10000442,939106,7656119810559083,"Great gameplay, amazing soundtrack, highly recommended!",True,1,0,11293,1498255200
10000443,635657,7656119829821265,"Full of bugs, crashes on startup after recent update.",False,9,0,9702,1610233200
10000444,628606,7656119855827867,10/10 worth every cent. Must buy during Steam sales!,True,0,0,4277,1675465200
10000445,681592,7656119860029590,10/10 worth every cent. Must buy during Steam sales!,True,4,0,11284,1767135600
10000446,721910,7656119879811845,"Solid mechanics, great performance, active developers.",True,1,0,11048,1610233200
10000447,946176,7656119885916564,"Not recommended in its current state, wait for patches.",False,219,0,9086,1525557600
10000448,607836,7656119898658398,Absolute masterpiece! Spent over 200 hours in this game.,True,6,0,11049,1743631200
10000449,972686,7656119875026854,Too repetitive and expensive for the amount of content.,False,2,0,8373,1740956400
10000450,188096,7656119858332699,"Solid mechanics, great performance, active developers.",True,4,6,10797,1690236000
10000451,624567,7656119850994457,Overrated game. Story is weak and servers lag constantly.,False,4,0,928,1621288800
10000452,826309,7656119884575328,"Great gameplay, amazing soundtrack, highly recommended!",True,124,0,5190,1721426400
10000453,175965,7656119845440051,"Full of bugs, crashes on startup after recent update.",False,124,0,2603,1692309600
10000454,325690,7656119846639199,10/10 worth every cent. Must buy during Steam sales!,True,0,0,10804,1587247200
10000455,716238,7656119825301971,Too repetitive and expensive for the amount of content.,False,42,23,68,1750111200
10000456,682191,7656119825301971,"Great gameplay, amazing soundtrack, highly recommended!",True,1,0,10176,1476050400
10000457,559452,7656119832856981,Overrated game. Story is weak and servers lag constantly.,False,3,25,1732,1666821600
10000458,672581,7656119820122216,10/10 worth every cent. Must buy during Steam sales!,True,169,0,4180,1756850400
10000459,666065,7656119873746724,10/10 worth every cent. Must buy during Steam sales!,True,10,0,8228,1731711600
10000460,469090,7656119866703965,One of the best indie games I have played this year.,True,5,0,9340,1502834400
10000461,479104,7656119865815863,One of the best indie games I have played this year.,True,117,14,8653,1586901600
10000462,507324,7656119846998004,One of the best indie games I have played this year.,True,123,0,8470,1767740400
10000463,922415,7656119824750749,Overrated game. Story is weak and servers lag constantly.,False,5,0,10544,1517698800
10000464,972653,7656119851685103,"Not recommended in its current state, wait for patches.",False,3,0,6404,1640732400
10000465,648717,7656119812586103,10/10 worth every cent. Must buy during Steam sales!,True,4,3,8371,1718402400
10000466,541989,7656119829821265,"Solid mechanics, great performance, active developers.",True,173,42,2962,1688508000
10000467,238975,7656119823238728,"Great gameplay, amazing soundtrack, highly recommended!",True,4,0,10414,1715378400
10000468,458731,7656119865488462,One of the best indie games I have played this year.,True,8,0,8861,1456441200
10000469,423916,7656119830802435,One of the best indie games I have played this year.,True,0,0,7922,1640041200
10000470,727676,7656119887918786,"Solid mechanics, great performance, active developers.",True,3,0,11276,1740006000
10000471,569280,7656119874185264,Absolute masterpiece! Spent over 200 hours in this game.,True,9,0,3025,1480028400
10000472,932173,7656119898136802,"Great gameplay, amazing soundtrack, highly recommended!",True,3,0,10371,1497132000
10000473,727676,7656119810856589,"Great gameplay, amazing soundtrack, highly recommended!",True,1,0,10851,1741302000
10000474,969809,7656119845599177,"Solid mechanics, great performance, active developers.",True,7,0,13808,1559340000
10000475,118121,7656119820595243,10/10 worth every cent. Must buy during Steam sales!,True,193,0,3739,1759096800
10000476,835952,7656119825479160,Too repetitive and expensive for the amount of content.,False,166,0,8432,1718575200
10000477,254921,7656119846312467,"Full of bugs, crashes on startup after recent update.",False,0,0,2485,1756072800
10000478,308199,7656119863953369,10/10 worth every cent. Must buy during Steam sales!,True,4,0,12542,1739314800
10000479,169501,7656119886001594,"Great gameplay, amazing soundtrack, highly recommended!",True,45,0,452,1707174000
10000480,777304,7656119888945086,Absolute masterpiece! Spent over 200 hours in this game.,True,125,50,11738,1706914800
10000481,635657,7656119849168104,10/10 worth every cent. Must buy during Steam sales!,True,7,1,12509,1593122400
10000482,263753,7656119854265602,10/10 worth every cent. Must buy during Steam sales!,True,6,50,14579,1781128800
10000483,699678,7656119892330364,10/10 worth every cent. Must buy during Steam sales!,True,0,0,12108,1687644000
10000484,915050,7656119877845717,One of the best indie games I have played this year.,True,1,0,13951,1779314400
10000485,681592,7656119885330103,10/10 worth every cent. Must buy during Steam sales!,True,4,42,13710,1576796400
10000486,925370,7656119897153199,"Solid mechanics, great performance, active developers.",True,218,0,3121,1769554800
10000487,682191,7656119881905353,Absolute masterpiece! Spent over 200 hours in this game.,True,4,0,12977,1580770800
10000488,850655,7656119891777515,10/10 worth every cent. Must buy during Steam sales!,True,129,0,1992,1612566000
10000489,122727,7656119879427113,"Full of bugs, crashes on startup after recent update.",False,2,0,11386,1419548400
10000490,166937,7656119814777792,One of the best indie games I have played this year.,True,6,0,509,1739487600
10000491,285728,7656119813577448,"Solid mechanics, great performance, active developers.",True,10,0,7225,1760824800
10000492,854608,7656119848284293,One of the best indie games I have played this year.,True,214,0,504,1680300000
10000493,523435,7656119875046351,One of the best indie games I have played this year.,True,44,0,5550,1474236000
10000494,224578,7656119862119600,"Full of bugs, crashes on startup after recent update.",False,103,14,3282,1606345200
10000495,923301,7656119863105912,Too repetitive and expensive for the amount of content.,False,10,0,2494,1720648800
10000496,320386,7656119875623235,10/10 worth every cent. Must buy during Steam sales!,True,4,0,14427,1662760800
10000497,358325,7656119811408659,"Full of bugs, crashes on startup after recent update.",False,9,0,7796,1595023200
10000498,125207,7656119880603855,Too repetitive and expensive for the amount of content.,False,3,26,8687,1542322800
10000499,484520,7656119857338194,"Great gameplay, amazing soundtrack, highly recommended!",True,5,0,8554,1772146800
10000500,363398,7656119818503806,One of the best indie games I have played this year.,True,215,0,14626,1745704800
10000501,915050,7656119875623235,One of the best indie games I have played this year.,True,3,46,8390,1782338400
10000502,924651,7656119869214392,10/10 worth every cent. Must buy during Steam sales!,True,245,0,6889,1665180000
10000503,107961,7656119848009963,Absolute masterpiece! Spent over 200 hours in this game.,True,8,0,10321,1769641200
10000504,408349,7656119880603855,"Great gameplay, amazing soundtrack, highly recommended!",True,14,0,3362,1736550000
10000505,283450,7656119836757136,Poor optimization and awful monetization system.,False,3,0,13340,1536012000
10000506,648717,7656119819885877,"Full of bugs, crashes on startup after recent update.",False,7,0,13967,1711494000
10000507,588308,7656119889571864,Poor optimization and awful monetization system.,False,6,0,13712,1638745200
10000508,826309,7656119890045703,"Great gameplay, amazing soundtrack, highly recommended!",True,10,24,12486,1647730800
10000509,727193,7656119816146243,Too repetitive and expensive for the amount of content.,False,10,0,13444,1769727600
10000510,354548,7656119843058064,"Great gameplay, amazing soundtrack, highly recommended!",True,7,0,8543,1762297200
10000511,630847,7656119855366179,One of the best indie games I have played this year.,True,233,0,4960,1714341600
10000512,854175,7656119843519903,"Solid mechanics, great performance, active developers.",True,10,0,5797,1763074800
10000513,525700,7656119810722911,"Not recommended in its current state, wait for patches.",False,9,0,2066,1715983200
10000514,505743,7656119837042824,"Full of bugs, crashes on startup after recent update.",False,9,0,1094,1593900000
10000515,188476,7656119881905353,"Great gameplay, amazing soundtrack, highly recommended!",True,1,0,4080,1651701600
10000516,127275,7656119833251139,"Not recommended in its current state, wait for patches.",False,104,0,12895,1543618800
10000517,536225,7656119858177516,One of the best indie games I have played this year.,True,0,0,14155,1708470000
10000518,590077,7656119849690627,One of the best indie games I have played this year.,True,246,0,3684,1468188000
10000519,127275,7656119867724892,Absolute masterpiece! Spent over 200 hours in this game.,True,4,0,6325,1628978400
10000520,428878,7656119824265825,One of the best indie games I have played this year.,True,5,0,7135,1740610800
10000521,823082,7656119867638428,Absolute masterpiece! Spent over 200 hours in this game.,True,2,2,2976,1696197600
10000522,158385,7656119893199294,Overrated game. Story is weak and servers lag constantly.,False,9,0,10628,1717452000
10000523,778971,7656119839088611,Too repetitive and expensive for the amount of content.,False,126,0,4930,1776722400
10000524,454799,7656119811408659,Overrated game. Story is weak and servers lag constantly.,False,10,0,1382,1765580400
10000525,610526,7656119875257688,"Great gameplay, amazing soundtrack, highly recommended!",True,1,0,4229,1492380000
10000526,238975,7656119836627865,"Solid mechanics, great performance, active developers.",True,1,0,12292,1492293600
10000527,108633,7656119892373860,"Not recommended in its current state, wait for patches.",False,2,0,13978,1480028400
10000528,180835,7656119826448008,"Solid mechanics, great performance, active developers.",True,10,0,8419,1694296800
10000529,630847,7656119886990244,"Solid mechanics, great performance, active developers.",True,78,0,10323,1659909600
10000530,614098,7656119858332699,"Great gameplay, amazing soundtrack, highly recommended!",True,112,14,14990,1550358000
10000531,943946,7656119867638428,"Not recommended in its current state, wait for patches.",False,1,0,4646,1597010400
10000532,608581,7656119895350510,One of the best indie games I have played this year.,True,7,0,9942,1703631600
10000533,603181,7656119861583672,Poor optimization and awful monetization system.,False,9,0,14957,1713477600
10000534,448444,7656119878834761,"Solid mechanics, great performance, active developers.",True,1,0,3091,1732402800
10000535,703646,7656119845497579,10/10 worth every cent. Must buy during Steam sales!,True,8,0,14138,1614812400
10000536,862692,7656119843901913,"Great gameplay, amazing soundtrack, highly recommended!",True,2,42,8651,1704063600
10000537,448714,7656119855566397,10/10 worth every cent. Must buy during Steam sales!,True,6,0,3208,1766530800
10000538,823082,7656119814209023,Poor optimization and awful monetization system.,False,9,24,10886,1672268400
10000539,720128,7656119874491429,10/10 worth every cent. Must buy during Steam sales!,True,10,13,8145,1479337200
10000540,375654,7656119837743090,10/10 worth every cent. Must buy during Steam sales!,True,6,14,14918,1705705200
10000541,922684,7656119874992367,Poor optimization and awful monetization system.,False,8,0,13813,1587679200
10000542,512023,7656119823939347,"Solid mechanics, great performance, active developers.",True,3,43,14392,1642719600
10000543,509990,7656119887814248,Too repetitive and expensive for the amount of content.,False,6,0,1642,1612306800
10000544,590077,7656119834079309,One of the best indie games I have played this year.,True,6,0,7799,1610492400
10000545,544238,7656119858332699,Overrated game. Story is weak and servers lag constantly.,False,9,0,14052,1739142000
10000546,628777,7656119835665649,Poor optimization and awful monetization system.,False,199,0,12818,1560549600
10000547,627515,7656119861902722,10/10 worth every cent. Must buy during Steam sales!,True,6,0,12542,1733439600
10000548,716238,7656119896566356,One of the best indie games I have played this year.,True,8,0,10092,1769814000
10000549,278648,7656119877433804,Too repetitive and expensive for the amount of content.,False,2,0,7969,1760047200
10000550,448714,7656119898075745,One of the best indie games I have played this year.,True,1,0,8678,1592690400
10000551,455604,7656119877817123,Absolute masterpiece! Spent over 200 hours in this game.,True,1,0,9707,1553382000
10000552,120368,7656119854559048,"Not recommended in its current state, wait for patches.",False,7,0,7204,1643065200
10000553,839682,7656119838589424,One of the best indie games I have played this year.,True,4,0,12867,1662847200
10000554,248073,7656119812958909,Absolute masterpiece! Spent over 200 hours in this game.,True,234,0,4674,1687644000
10000555,630847,7656119878175365,"Solid mechanics, great performance, active developers.",True,157,0,1898,1716501600
10000556,324235,7656119816464350,"Solid mechanics, great performance, active developers.",True,68,0,14543,1698530400
10000557,822976,7656119817891675,"Great gameplay, amazing soundtrack, highly recommended!",True,3,0,7395,1530309600
10000558,588308,7656119858369020,10/10 worth every cent. Must buy during Steam sales!,True,9,0,1461,1591999200
10000559,932173,7656119835295300,"Full of bugs, crashes on startup after recent update.",False,5,0,9082,1592690400
10000560,119791,7656119899163076,Poor optimization and awful monetization system.,False,2,0,13807,1780351200
10000561,105407,7656119813024169,"Full of bugs, crashes on startup after recent update.",False,7,0,7300,1518390000
10000562,245513,7656119888766016,"Solid mechanics, great performance, active developers.",True,7,0,14861,1782684000
10000563,928141,7656119825548192,Too repetitive and expensive for the amount of content.,False,6,0,2040,1670886000
10000564,100495,7656119858177516,Poor optimization and awful monetization system.,False,6,47,13789,1768950000
10000565,382076,7656119828398545,10/10 worth every cent. Must buy during Steam sales!,True,9,0,10110,1763506800
10000566,684738,7656119868630991,Absolute masterpiece! Spent over 200 hours in this game.,True,10,0,1854,1713045600
10000567,662089,7656119877845717,"Not recommended in its current state, wait for patches.",False,239,0,14780,1713996000
10000568,619878,7656119821947429,"Not recommended in its current state, wait for patches.",False,145,0,1520,1780351200
10000569,120368,7656119867111921,"Solid mechanics, great performance, active developers.",True,1,12,13809,1772924400
10000570,448444,7656119869526772,Absolute masterpiece! Spent over 200 hours in this game.,True,4,0,6701,1773442800
10000571,328417,7656119853689858,One of the best indie games I have played this year.,True,10,0,12032,1693605600
10000572,716289,7656119830986153,"Great gameplay, amazing soundtrack, highly recommended!",True,162,0,13276,1588543200
10000573,923327,7656119887028535,"Great gameplay, amazing soundtrack, highly recommended!",True,224,5,6983,1739746800
10000574,590077,7656119867952552,"Solid mechanics, great performance, active developers.",True,0,0,13369,1420239600
10000575,972686,7656119879824621,"Solid mechanics, great performance, active developers.",True,6,0,240,1773356400
10000576,401638,7656119869214392,"Solid mechanics, great performance, active developers.",True,159,0,1926,1682460000
10000577,528112,7656119886458651,"Not recommended in its current state, wait for patches.",False,4,0,5462,1612998000
10000578,432150,7656119862129353,10/10 worth every cent. Must buy during Steam sales!,True,4,0,10534,1650837600
10000579,703646,7656119885439162,One of the best indie games I have played this year.,True,184,0,12229,1642892400
10000580,505743,7656119896382621,Poor optimization and awful monetization system.,False,4,0,4167,1527631200
10000581,780150,7656119843235251,Absolute masterpiece! Spent over 200 hours in this game.,True,167,30,5751,1667602800
10000582,619673,7656119889718177,Overrated game. Story is weak and servers lag constantly.,False,0,0,8726,1739574000
10000583,551309,7656119892108109,Poor optimization and awful monetization system.,False,39,0,13887,1720476000
10000584,932173,7656119837880532,"Great gameplay, amazing soundtrack, highly recommended!",True,2,0,7678,1466114400
10000585,448444,7656119893946332,One of the best indie games I have played this year.,True,194,0,6545,1738191600
10000586,447813,7656119814143488,One of the best indie games I have played this year.,True,0,0,2398,1502488800
10000587,648717,7656119829954005,"Great gameplay, amazing soundtrack, highly recommended!",True,9,0,12913,1782079200
10000588,720128,7656119874110835,Absolute masterpiece! Spent over 200 hours in this game.,True,53,0,5207,1546556400
10000589,780150,7656119859222621,"Not recommended in its current state, wait for patches.",False,1,0,2449,1680213600
10000590,395577,7656119862172995,One of the best indie games I have played this year.,True,3,0,12723,1426201200
10000591,569280,7656119828398545,Poor optimization and awful monetization system.,False,2,14,5942,1612998000
10000592,367762,7656119828728821,"Full of bugs, crashes on startup after recent update.",False,7,41,10161,1732402800
10000593,839682,7656119879811845,Absolute masterpiece! Spent over 200 hours in this game.,True,3,30,10084,1644793200
10000594,919483,7656119862017981,"Great gameplay, amazing soundtrack, highly recommended!",True,7,0,4315,1776636000
10000595,512023,7656119832728860,"Not recommended in its current state, wait for patches.",False,6,0,7914,1550617200
10000596,703646,7656119888589592,"Solid mechanics, great performance, active developers.",True,23,0,2663,1673737200
10000597,677743,7656119818322555,Poor optimization and awful monetization system.,False,96,0,1145,1771110000
10000598,408323,7656119821125343,"Solid mechanics, great performance, active developers.",True,171,0,1292,1554415200
10000599,541989,7656119858232277,Too repetitive and expensive for the amount of content.,False,63,0,1456,1773529200
10000600,551309,7656119857338194,Too repetitive and expensive for the amount of content.,False,10,0,4970,1680040800
10000601,621239,7656119839218426,"Great gameplay, amazing soundtrack, highly recommended!",True,1,0,6946,1723154400
10000602,320738,7656119861203118,One of the best indie games I have played this year.,True,9,22,6904,1642028400
10000603,687354,7656119889956405,One of the best indie games I have played this year.,True,7,0,13968,1398981600
10000604,182338,7656119884176350,10/10 worth every cent. Must buy during Steam sales!,True,55,0,14180,1708815600
10000605,738173,7656119875623235,One of the best indie games I have played this year.,True,84,0,8772,1765062000
10000606,328417,7656119831275433,"Great gameplay, amazing soundtrack, highly recommended!",True,8,0,11057,1599343200
10000607,369295,7656119829821265,Too repetitive and expensive for the amount of content.,False,5,0,1273,1648850400
10000608,177911,7656119833007121,Too repetitive and expensive for the amount of content.,False,27,0,10861,1750975200
10000609,225189,7656119810423215,"Great gameplay, amazing soundtrack, highly recommended!",True,3,0,9424,1580338800
10000610,238975,7656119820595243,10/10 worth every cent. Must buy during Steam sales!,True,4,20,12246,1609110000
10000611,615496,7656119885823927,"Solid mechanics, great performance, active developers.",True,223,0,989,1696802400
10000612,600514,7656119832941566,"Full of bugs, crashes on startup after recent update.",False,1,0,12203,1770159600
10000613,756505,7656119858145401,Absolute masterpiece! Spent over 200 hours in this game.,True,9,0,12364,1757973600
10000614,862692,7656119823507904,"Solid mechanics, great performance, active developers.",True,144,0,1395,1613689200
10000615,166937,7656119814143488,Absolute masterpiece! Spent over 200 hours in this game.,True,2,17,10922,1630879200
10000616,847065,7656119869406464,Poor optimization and awful monetization system.,False,28,0,14614,1636066800
10000617,328223,7656119886555931,Poor optimization and awful monetization system.,False,4,0,2035,1430863200
10000618,829462,7656119883062276,"Great gameplay, amazing soundtrack, highly recommended!",True,187,0,5603,1626559200
10000619,238975,7656119847841310,"Great gameplay, amazing soundtrack, highly recommended!",True,27,0,2815,1467151200
10000620,304958,7656119853346105,"Solid mechanics, great performance, active developers.",True,2,0,6357,1683842400
10000621,874837,7656119893653666,"Great gameplay, amazing soundtrack, highly recommended!",True,1,0,3564,1687989600
10000622,384826,7656119863870785,Absolute masterpiece! Spent over 200 hours in this game.,True,15,0,1934,1542150000
10000623,662089,7656119813024169,Poor optimization and awful monetization system.,False,5,0,1776,1748124000
10000624,327447,7656119819749563,10/10 worth every cent. Must buy during Steam sales!,True,243,0,6912,1627336800
10000625,773642,7656119896781972,10/10 worth every cent. Must buy during Steam sales!,True,5,0,10322,1723327200
10000626,148999,7656119810054963,"Full of bugs, crashes on startup after recent update.",False,9,0,2416,1752616800
10000627,122727,7656119821889883,"Great gameplay, amazing soundtrack, highly recommended!",True,0,0,8069,1612479600
10000628,446143,7656119830711293,Absolute masterpiece! Spent over 200 hours in this game.,True,8,0,2251,1780696800
10000629,523435,7656119865793743,Overrated game. Story is weak and servers lag constantly.,False,7,0,13861,1522188000
10000630,988019,7656119871108646,10/10 worth every cent. Must buy during Steam sales!,True,203,0,8589,1749592800
10000631,211995,7656119815493533,"Great gameplay, amazing soundtrack, highly recommended!",True,4,0,13779,1718488800
10000632,915050,7656119812586103,"Great gameplay, amazing soundtrack, highly recommended!",True,4,0,506,1782424800
10000633,630847,7656119859270957,Absolute masterpiece! Spent over 200 hours in this game.,True,32,0,5451,1677020400
10000634,120706,7656119843519903,One of the best indie games I have played this year.,True,7,0,14801,1690927200
10000635,454799,7656119863732160,One of the best indie games I have played this year.,True,163,0,14586,1710543600
10000636,919483,7656119871147136,"Solid mechanics, great performance, active developers.",True,9,0,13523,1766703600
10000637,563124,7656119855366179,Absolute masterpiece! Spent over 200 hours in this game.,True,167,0,1574,1488841200
10000638,921237,7656119887566987,"Full of bugs, crashes on startup after recent update.",False,245,0,3784,1702508400
10000639,703646,7656119862957744,One of the best indie games I have played this year.,True,4,0,5408,1377295200
10000640,635657,7656119842296555,"Solid mechanics, great performance, active developers.",True,8,0,9801,1663624800
10000641,703646,7656119842662951,10/10 worth every cent. Must buy during Steam sales!,True,178,0,11092,1389913200
10000642,778971,7656119833762365,10/10 worth every cent. Must buy during Steam sales!,True,226,0,11872,1680472800
10000643,239304,7656119838850088,Too repetitive and expensive for the amount of content.,False,60,0,13556,1724018400
10000644,658679,7656119867059398,10/10 worth every cent. Must buy during Steam sales!,True,10,0,6257,1779487200
10000645,851097,7656119852344185,10/10 worth every cent. Must buy during Steam sales!,True,4,0,3229,1765666800
10000646,874837,7656119865180850,Too repetitive and expensive for the amount of content.,False,37,0,5089,1780956000
10000647,681592,7656119853689858,One of the best indie games I have played this year.,True,2,0,10782,1654552800
10000648,160015,7656119840124298,"Full of bugs, crashes on startup after recent update.",False,5,0,763,1511132400
10000649,943946,7656119828699359,10/10 worth every cent. Must buy during Steam sales!,True,172,0,10385,1686348000
10000650,302920,7656119875157803,"Full of bugs, crashes on startup after recent update.",False,143,0,9591,1773010800
10000651,826309,7656119861529626,"Solid mechanics, great performance, active developers.",True,5,0,3259,1745964000
10000652,328223,7656119816425482,Poor optimization and awful monetization system.,False,3,0,4327,1436652000
10000653,119791,7656119820595243,10/10 worth every cent. Must buy during Steam sales!,True,7,10,8594,1743458400
10000654,810187,7656119819604650,10/10 worth every cent. Must buy during Steam sales!,True,6,0,2400,1773442800
10000655,909126,7656119861457269,10/10 worth every cent. Must buy during Steam sales!,True,4,0,11935,1752012000
10000656,148999,7656119838589424,"Solid mechanics, great performance, active developers.",True,5,0,12173,1767567600
10000657,619878,7656119844467546,10/10 worth every cent. Must buy during Steam sales!,True,5,0,8119,1624658400
10000658,688444,7656119827703139,10/10 worth every cent. Must buy during Steam sales!,True,137,0,7439,1769295600
10000659,687354,7656119859463677,"Great gameplay, amazing soundtrack, highly recommended!",True,6,0,7244,1548630000
10000660,555423,7656119862764077,Poor optimization and awful monetization system.,False,10,0,10733,1722722400
10000661,874837,7656119818322825,One of the best indie games I have played this year.,True,5,38,7548,1760565600
10000662,854175,7656119810679443,10/10 worth every cent. Must buy during Steam sales!,True,144,0,4761,1727560800
10000663,401638,7656119890441803,"Solid mechanics, great performance, active developers.",True,4,16,6041,1623880800
10000664,603347,7656119870344756,"Great gameplay, amazing soundtrack, highly recommended!",True,5,3,6023,1757023200
10000665,628581,7656119895971365,Poor optimization and awful monetization system.,False,6,0,8109,1767654000
10000666,100495,7656119873571210,Poor optimization and awful monetization system.,False,9,0,5939,1717797600
10000667,710466,7656119850945190,Absolute masterpiece! Spent over 200 hours in this game.,True,8,0,7716,1693864800
10000668,285728,7656119818322555,"Great gameplay, amazing soundtrack, highly recommended!",True,71,13,10037,1703026800
10000669,320386,7656119855163741,"Great gameplay, amazing soundtrack, highly recommended!",True,144,0,10597,1606431600
10000670,167100,7656119882112766,"Great gameplay, amazing soundtrack, highly recommended!",True,8,0,11134,1734390000
10000671,563124,7656119890139294,Absolute masterpiece! Spent over 200 hours in this game.,True,10,0,4220,1550444400
10000672,808513,7656119814692325,Too repetitive and expensive for the amount of content.,False,10,0,9045,1579388400
10000673,854175,7656119854606124,"Great gameplay, amazing soundtrack, highly recommended!",True,3,0,619,1607986800
10000674,184481,7656119839261529,Poor optimization and awful monetization system.,False,0,0,2786,1459375200
10000675,627515,7656119843263041,"Not recommended in its current state, wait for patches.",False,8,0,2284,1781820000
10000676,325690,7656119878270687,Absolute masterpiece! Spent over 200 hours in this game.,True,1,0,4193,1558562400
10000677,983731,7656119842617069,"Great gameplay, amazing soundtrack, highly recommended!",True,2,0,13405,1668466800
10000678,524765,7656119811408659,"Full of bugs, crashes on startup after recent update.",False,0,0,12515,1738537200
10000679,555423,7656119850142166,"Full of bugs, crashes on startup after recent update.",False,51,0,11327,1754344800
10000680,449711,7656119837361621,Too repetitive and expensive for the amount of content.,False,5,0,9581,1541372400
10000681,363398,7656119870144577,10/10 worth every cent. Must buy during Steam sales!,True,2,0,4311,1720216800
10000682,294521,7656119812037236,Absolute masterpiece! Spent over 200 hours in this game.,True,2,0,1247,1692741600
10000683,188476,7656119839219712,10/10 worth every cent. Must buy during Steam sales!,True,86,0,3362,1683756000
10000684,880529,7656119855566397,One of the best indie games I have played this year.,True,76,0,14516,1679439600
10000685,138126,7656119897041327,Too repetitive and expensive for the amount of content.,False,4,0,14583,1741906800
10000686,201051,7656119871930609,Poor optimization and awful monetization system.,False,194,0,5753,1687212000
10000687,260815,7656119824565428,"Full of bugs, crashes on startup after recent update.",False,9,0,4597,1733007600
10000688,559452,7656119873545725,"Solid mechanics, great performance, active developers.",True,10,17,1705,1785967200
10000689,105407,7656119890300428,"Great gameplay, amazing soundtrack, highly recommended!",True,10,0,1395,1603666800
10000690,401638,7656119893946332,"Great gameplay, amazing soundtrack, highly recommended!",True,9,0,12814,1639522800
10000691,390188,7656119842166393,"Great gameplay, amazing soundtrack, highly recommended!",True,0,0,9639,1775080800
10000692,922415,7656119826838372,Too repetitive and expensive for the amount of content.,False,2,0,5115,1700953200
10000693,874837,7656119877112823,Poor optimization and awful monetization system.,False,9,0,5982,1761343200
10000694,188476,7656119827598923,One of the best indie games I have played this year.,True,6,0,7605,1693173600
10000695,228079,7656119845070068,Poor optimization and awful monetization system.,False,9,0,1528,1529791200
10000696,138126,7656119833697206,"Full of bugs, crashes on startup after recent update.",False,28,0,4262,1582326000
10000697,355639,7656119873583625,One of the best indie games I have played this year.,True,8,0,4111,1753394400
10000698,710466,7656119810346531,10/10 worth every cent. Must buy during Steam sales!,True,155,0,14906,1607209200
10000699,449711,7656119835714845,"Great gameplay, amazing soundtrack, highly recommended!",True,0,0,12976,1693778400
10000700,463737,7656119835265859,10/10 worth every cent. Must buy during Steam sales!,True,1,0,6833,1605481200
10000701,707175,7656119849531916,Overrated game. Story is weak and servers lag constantly.,False,153,0,10971,1447714800
10000702,290060,7656119891452087,"Full of bugs, crashes on startup after recent update.",False,1,16,14710,1409349600
10000703,678655,7656119862708444,10/10 worth every cent. Must buy during Steam sales!,True,99,0,6836,1545519600
10000704,662700,7656119877433804,"Solid mechanics, great performance, active developers.",True,4,0,2066,1683151200
10000705,903416,7656119884728228,"Great gameplay, amazing soundtrack, highly recommended!",True,5,39,14438,1731452400
10000706,139499,7656119890466449,"Not recommended in its current state, wait for patches.",False,21,0,340,1761429600
10000707,979600,7656119830986153,"Great gameplay, amazing soundtrack, highly recommended!",True,3,0,4075,1742425200
10000708,454799,7656119876830108,"Full of bugs, crashes on startup after recent update.",False,3,0,2205,1697925600
10000709,582432,7656119864618491,Absolute masterpiece! Spent over 200 hours in this game.,True,232,0,12055,1686693600
10000710,408349,7656119870960166,"Solid mechanics, great performance, active developers.",True,85,0,9500,1742770800
10000711,615496,7656119842137754,Too repetitive and expensive for the amount of content.,False,2,11,11969,1715292000
10000712,423916,7656119875840383,Too repetitive and expensive for the amount of content.,False,6,0,1421,1686520800
10000713,431977,7656119825670721,10/10 worth every cent. Must buy during Steam sales!,True,2,33,8611,1501797600
10000714,851936,7656119876360003,Too repetitive and expensive for the amount of content.,False,67,0,661,1782079200
10000715,794625,7656119864618491,"Solid mechanics, great performance, active developers.",True,76,0,9384,1718834400
10000716,684738,7656119871147136,"Great gameplay, amazing soundtrack, highly recommended!",True,6,0,6914,1742338800
10000717,628606,7656119847841310,One of the best indie games I have played this year.,True,8,0,1751,1633298400
10000718,307380,7656119871108646,Overrated game. Story is weak and servers lag constantly.,False,101,41,2369,1472248800
10000719,158385,7656119861789576,Too repetitive and expensive for the amount of content.,False,5,0,624,1710630000
10000720,260815,7656119840581642,Poor optimization and awful monetization system.,False,7,0,8762,1549494000
10000721,461082,7656119859856854,One of the best indie games I have played this year.,True,23,0,11873,1724536800
10000722,898338,7656119822076203,One of the best indie games I have played this year.,True,5,0,5746,1602453600
10000723,707175,7656119816464350,"Solid mechanics, great performance, active developers.",True,6,0,14739,1648418400
10000724,416730,7656119829979500,10/10 worth every cent. Must buy during Steam sales!,True,3,0,2468,1598392800
10000725,684738,7656119890045703,"Full of bugs, crashes on startup after recent update.",False,8,50,10539,1732057200
10000726,551309,7656119891825764,"Not recommended in its current state, wait for patches.",False,8,0,4540,1645570800
10000727,421226,7656119825785904,One of the best indie games I have played this year.,True,172,0,8824,1640905200
10000728,551101,7656119834349710,Overrated game. Story is weak and servers lag constantly.,False,141,43,12846,1666389600
10000729,454799,7656119818322555,Poor optimization and awful monetization system.,False,10,0,9365,1710457200
10000730,118238,7656119879427113,"Great gameplay, amazing soundtrack, highly recommended!",True,105,0,11343,1664229600
10000731,509075,7656119858145401,One of the best indie games I have played this year.,True,189,0,9114,1740006000
10000732,525700,7656119861902722,Too repetitive and expensive for the amount of content.,False,2,0,6836,1755295200
10000733,260897,7656119870460470,"Solid mechanics, great performance, active developers.",True,5,0,10918,1610233200
10000734,278648,7656119852985068,"Great gameplay, amazing soundtrack, highly recommended!",True,219,0,4628,1679698800
10000735,607836,7656119885278627,Absolute masterpiece! Spent over 200 hours in this game.,True,111,0,8464,1721858400
10000736,847065,7656119842618575,"Full of bugs, crashes on startup after recent update.",False,0,0,13771,1616799600
10000737,166593,7656119885037110,10/10 worth every cent. Must buy during Steam sales!,True,6,0,5736,1747173600
10000738,909126,7656119841076682,"Not recommended in its current state, wait for patches.",False,2,0,11474,1700175600
10000739,630847,7656119858177516,"Solid mechanics, great performance, active developers.",True,10,0,11377,1648335600
10000740,677743,7656119845599177,One of the best indie games I have played this year.,True,2,3,11748,1719266400
10000741,175965,7656119840175015,One of the best indie games I have played this year.,True,2,0,5126,1550271600
10000742,778971,7656119889155610,"Not recommended in its current state, wait for patches.",False,10,0,10744,1685138400
10000743,382076,7656119888945086,One of the best indie games I have played this year.,True,2,44,11253,1764370800
10000744,808513,7656119837897808,10/10 worth every cent. Must buy during Steam sales!,True,2,8,12642,1755122400
10000745,756505,7656119821570486,"Great gameplay, amazing soundtrack, highly recommended!",True,46,0,13714,1560808800
10000746,854608,7656119852744039,"Full of bugs, crashes on startup after recent update.",False,10,0,13336,1726956000
10000747,184481,7656119894235099,Too repetitive and expensive for the amount of content.,False,120,0,2671,1643842800
10000748,983731,7656119876830108,One of the best indie games I have played this year.,True,119,0,2449,1774479600
10000749,709087,7656119889976035,Too repetitive and expensive for the amount of content.,False,175,0,4145,1529618400
10000750,458731,7656119882454484,One of the best indie games I have played this year.,True,10,0,11918,1454886000
10000751,375381,7656119895350510,One of the best indie games I have played this year.,True,6,0,5375,1480114800
10000752,375381,7656119824938950,"Solid mechanics, great performance, active developers.",True,9,36,3573,1657404000
10000753,118121,7656119870709446,Absolute masterpiece! Spent over 200 hours in this game.,True,10,0,11884,1490738400
10000754,544238,7656119849676565,"Great gameplay, amazing soundtrack, highly recommended!",True,3,0,14085,1769468400
10000755,431977,7656119836994415,"Great gameplay, amazing soundtrack, highly recommended!",True,61,0,1355,1715983200
10000756,922684,7656119896395551,Too repetitive and expensive for the amount of content.,False,93,0,2698,1644534000
10000757,716238,7656119821207452,"Full of bugs, crashes on startup after recent update.",False,215,0,5199,1714255200
10000758,915050,7656119869406464,"Solid mechanics, great performance, active developers.",True,5,0,9072,1746223200
10000759,903416,7656119830793224,10/10 worth every cent. Must buy during Steam sales!,True,8,0,9706,1747260000
10000760,603181,7656119865488462,10/10 worth every cent. Must buy during Steam sales!,True,208,0,11351,1696802400
10000761,623476,7656119824750749,"Great gameplay, amazing soundtrack, highly recommended!",True,4,0,270,1600984800
10000762,766548,7656119875265953,Absolute masterpiece! Spent over 200 hours in this game.,True,10,0,6152,1762642800
10000763,610526,7656119885916564,"Great gameplay, amazing soundtrack, highly recommended!",True,4,0,6109,1671145200
10000764,188096,7656119886555931,"Solid mechanics, great performance, active developers.",True,5,0,913,1634335200
10000765,354548,7656119828651197,Absolute masterpiece! Spent over 200 hours in this game.,True,1,0,13220,1691359200
10000766,703646,7656119863287624,Absolute masterpiece! Spent over 200 hours in this game.,True,2,0,10780,1777845600
10000767,308199,7656119838306648,10/10 worth every cent. Must buy during Steam sales!,True,7,0,8684,1712181600
10000768,479104,7656119830986153,10/10 worth every cent. Must buy during Steam sales!,True,0,35,4573,1687471200
10000769,325690,7656119856146502,"Solid mechanics, great performance, active developers.",True,7,50,5053,1546902000
10000770,619673,7656119827703139,Absolute masterpiece! Spent over 200 hours in this game.,True,1,0,11667,1771282800
10000771,789660,7656119815183301,10/10 worth every cent. Must buy during Steam sales!,True,206,0,457,1709161200
10000772,923301,7656119881329359,"Great gameplay, amazing soundtrack, highly recommended!",True,0,0,4911,1640041200
10000773,724178,7656119815636550,10/10 worth every cent. Must buy during Steam sales!,True,5,0,5553,1685484000
10000774,260897,7656119895893273,"Great gameplay, amazing soundtrack, highly recommended!",True,6,0,10783,1691013600
10000775,969809,7656119865180850,"Full of bugs, crashes on startup after recent update.",False,5,0,9882,1550444400
10000776,310047,7656119863793463,"Solid mechanics, great performance, active developers.",True,88,0,7295,1764457200
10000777,514322,7656119827703139,10/10 worth every cent. Must buy during Steam sales!,True,9,0,4446,1664748000
10000778,158385,7656119861049092,Poor optimization and awful monetization system.,False,209,0,1383,1748642400
10000779,854608,7656119835146364,"Full of bugs, crashes on startup after recent update.",False,1,12,5661,1620424800
10000780,690366,7656119862957744,"Solid mechanics, great performance, active developers.",True,250,0,14943,1749679200
10000781,862692,7656119824750749,Too repetitive and expensive for the amount of content.,False,9,0,5341,1723413600
10000782,188476,7656119877532430,"Great gameplay, amazing soundtrack, highly recommended!",True,239,0,1246,1562104800
10000783,528112,7656119877714846,Absolute masterpiece! Spent over 200 hours in this game.,True,6,0,9499,1504303200
10000784,532383,7656119824342977,10/10 worth every cent. Must buy during Steam sales!,True,9,0,4780,1597356000
10000785,919483,7656119866251362,"Great gameplay, amazing soundtrack, highly recommended!",True,5,0,4920,1714860000
10000786,551101,7656119844157044,Overrated game. Story is weak and servers lag constantly.,False,8,0,3664,1605740400
10000787,780150,7656119886123974,"Full of bugs, crashes on startup after recent update.",False,0,0,11678,1513810800
10000788,102045,7656119851921090,Overrated game. Story is weak and servers lag constantly.,False,247,0,4981,1741129200
10000789,166937,7656119858220748,One of the best indie games I have played this year.,True,37,0,10333,1535320800
10000790,289227,7656119894515978,10/10 worth every cent. Must buy during Steam sales!,True,6,5,5072,1750975200
10000791,826309,7656119811005666,Absolute masterpiece! Spent over 200 hours in this game.,True,8,0,8496,1694901600
10000792,492245,7656119833052183,"Solid mechanics, great performance, active developers.",True,6,0,3201,1533852000
10000793,619878,7656119875046351,Overrated game. Story is weak and servers lag constantly.,False,183,0,5824,1437084000
10000794,886381,7656119817632399,"Great gameplay, amazing soundtrack, highly recommended!",True,0,0,4912,1729375200
10000795,778971,7656119897578580,Absolute masterpiece! Spent over 200 hours in this game.,True,214,0,9180,1592431200
10000796,454799,7656119884229914,"Great gameplay, amazing soundtrack, highly recommended!",True,2,0,8482,1755554400
10000797,312186,7656119889976731,Poor optimization and awful monetization system.,False,0,0,5449,1689544800
10000798,716289,7656119826061046,One of the best indie games I have played this year.,True,10,15,8665,1768863600
10000799,290060,7656119876061591,Overrated game. Story is weak and servers lag constantly.,False,123,0,10532,1756418400
10000800,666103,7656119880809249,"Great gameplay, amazing soundtrack, highly recommended!",True,10,0,2189,1777500000
10000801,132182,7656119837678289,One of the best indie games I have played this year.,True,7,0,9104,1611529200
10000802,408323,7656119826857015,10/10 worth every cent. Must buy during Steam sales!,True,7,0,1850,1697493600
10000803,312186,7656119833052183,Absolute masterpiece! Spent over 200 hours in this game.,True,193,23,3104,1585692000
10000804,432918,7656119815713788,Absolute masterpiece! Spent over 200 hours in this game.,True,26,0,4201,1673564400
10000805,943439,7656119870183473,"Solid mechanics, great performance, active developers.",True,14,0,8408,1681596000
10000806,969809,7656119845008073,One of the best indie games I have played this year.,True,2,0,9552,1484953200
10000807,851936,7656119815493533,"Solid mechanics, great performance, active developers.",True,8,0,13976,1744840800
10000808,138126,7656119884728228,"Solid mechanics, great performance, active developers.",True,7,0,5900,1712613600
10000809,710466,7656119863613423,Poor optimization and awful monetization system.,False,1,0,5049,1626991200
10000810,619878,7656119875840383,"Great gameplay, amazing soundtrack, highly recommended!",True,6,0,5763,1491170400
10000811,102045,7656119862193197,Absolute masterpiece! Spent over 200 hours in this game.,True,1,0,8834,1741042800
10000812,290060,7656119870213437,"Great gameplay, amazing soundtrack, highly recommended!",True,46,0,10802,1395788400
10000813,765415,7656119852876630,10/10 worth every cent. Must buy during Steam sales!,True,7,0,7508,1532728800
10000814,569280,7656119839918835,Poor optimization and awful monetization system.,False,236,0,7572,1554588000
10000815,939106,7656119897737559,"Great gameplay, amazing soundtrack, highly recommended!",True,41,0,5659,1523916000
10000816,615496,7656119840682169,Absolute masterpiece! Spent over 200 hours in this game.,True,225,0,7527,1556575200
10000817,651034,7656119866703965,"Not recommended in its current state, wait for patches.",False,10,41,10379,1603490400
10000818,483607,7656119842632259,10/10 worth every cent. Must buy during Steam sales!,True,46,0,5354,1381356000
10000819,228079,7656119857960760,"Solid mechanics, great performance, active developers.",True,127,0,11453,1500328800
10000820,369053,7656119870709446,Absolute masterpiece! Spent over 200 hours in this game.,True,238,0,10483,1712440800
10000821,454799,7656119832728860,10/10 worth every cent. Must buy during Steam sales!,True,232,0,6601,1775253600
10000822,512023,7656119831810402,"Great gameplay, amazing soundtrack, highly recommended!",True,108,8,3196,1577487600
10000823,188096,7656119883772233,10/10 worth every cent. Must buy during Steam sales!,True,107,0,4111,1609801200
10000824,716289,7656119822076203,10/10 worth every cent. Must buy during Steam sales!,True,0,0,3138,1369692000
10000825,363398,7656119842397331,Overrated game. Story is weak and servers lag constantly.,False,1,0,13484,1698793200
10000826,401638,7656119885233093,"Not recommended in its current state, wait for patches.",False,2,0,13062,1623362400
10000827,839682,7656119889956405,Absolute masterpiece! Spent over 200 hours in this game.,True,2,39,1363,1728079200
10000828,449711,7656119890735586,Absolute masterpiece! Spent over 200 hours in this game.,True,2,0,13756,1571781600
10000829,166593,7656119833220943,Absolute masterpiece! Spent over 200 hours in this game.,True,3,0,12766,1673478000
10000830,118121,7656119817648422,"Not recommended in its current state, wait for patches.",False,79,0,2481,1507845600
10000831,512023,7656119848284293,"Great gameplay, amazing soundtrack, highly recommended!",True,9,0,8065,1722895200
10000832,514813,7656119827574546,10/10 worth every cent. Must buy during Steam sales!,True,113,0,13444,1718229600
10000833,940715,7656119867508741,Poor optimization and awful monetization system.,False,45,0,4154,1542927600
10000834,851097,7656119820033913,Absolute masterpiece! Spent over 200 hours in this game.,True,173,0,12930,1751320800
10000835,909126,7656119833049040,"Solid mechanics, great performance, active developers.",True,5,0,13913,1723327200
10000836,862692,7656119852344185,"Great gameplay, amazing soundtrack, highly recommended!",True,4,0,2949,1714514400
10000837,285728,7656119840867720,"Solid mechanics, great performance, active developers.",True,229,0,8842,1712786400
10000838,862692,7656119836820132,"Solid mechanics, great performance, active developers.",True,8,0,14428,1696629600
10000839,600514,7656119863703073,10/10 worth every cent. Must buy during Steam sales!,True,8,0,716,1730847600
10000840,505482,7656119874831295,"Great gameplay, amazing soundtrack, highly recommended!",True,0,0,2650,1724277600
10000841,884885,7656119821207452,One of the best indie games I have played this year.,True,85,0,4191,1738710000
10000842,923301,7656119832106440,"Great gameplay, amazing soundtrack, highly recommended!",True,3,0,5399,1360278000
10000843,367762,7656119892096221,Absolute masterpiece! Spent over 200 hours in this game.,True,0,0,11074,1667775600
10000844,260897,7656119859000690,"Great gameplay, amazing soundtrack, highly recommended!",True,3,0,8958,1747173600
10000845,761716,7656119826428365,10/10 worth every cent. Must buy during Steam sales!,True,105,0,7789,1624140000
10000846,290060,7656119875487203,"Not recommended in its current state, wait for patches.",False,185,0,14813,1462226400
10000847,859341,7656119865793743,"Solid mechanics, great performance, active developers.",True,73,0,10833,1778191200
10000848,184481,7656119889956405,10/10 worth every cent. Must buy during Steam sales!,True,1,0,4257,1709074800
10000849,289227,7656119831607329,10/10 worth every cent. Must buy during Steam sales!,True,192,0,14827,1758146400
10000850,958242,7656119873583625,Absolute masterpiece! Spent over 200 hours in this game.,True,0,18,7255,1753394400
10000851,979600,7656119865488462,One of the best indie games I have played this year.,True,6,0,9138,1752789600
10000852,563124,7656119884458526,"Not recommended in its current state, wait for patches.",False,10,0,10173,1478559600
10000853,668144,7656119815636550,10/10 worth every cent. Must buy during Steam sales!,True,118,0,12554,1571522400
10000854,862692,7656119852361788,"Great gameplay, amazing soundtrack, highly recommended!",True,13,0,4830,1606950000
10000855,100495,7656119841776403,Absolute masterpiece! Spent over 200 hours in this game.,True,2,0,8822,1748210400
10000856,120804,7656119822278173,"Full of bugs, crashes on startup after recent update.",False,3,0,13771,1689717600
10000857,598115,7656119863998888,"Great gameplay, amazing soundtrack, highly recommended!",True,3,0,8935,1689112800
10000858,600039,7656119891047569,"Great gameplay, amazing soundtrack, highly recommended!",True,3,0,11590,1541545200
10000859,390188,7656119881384573,"Full of bugs, crashes on startup after recent update.",False,7,0,11245,1679698800
10000860,761898,7656119892358385,10/10 worth every cent. Must buy during Steam sales!,True,5,17,4846,1744408800
10000861,291387,7656119851921090,"Not recommended in its current state, wait for patches.",False,18,0,1773,1703804400
10000862,449711,7656119819749563,Poor optimization and awful monetization system.,False,4,44,11608,1486940400
10000863,826309,7656119871265746,10/10 worth every cent. Must buy during Steam sales!,True,7,0,5661,1772838000
10000864,367762,7656119861903732,"Great gameplay, amazing soundtrack, highly recommended!",True,2,0,11457,1541977200
10000865,809680,7656119821757027,"Great gameplay, amazing soundtrack, highly recommended!",True,166,0,9068,1600293600
10000866,650224,7656119852166150,Overrated game. Story is weak and servers lag constantly.,False,6,0,4905,1762038000
10000867,184481,7656119854559048,Overrated game. Story is weak and servers lag constantly.,False,9,0,14184,1471212000
10000868,166937,7656119838235459,Absolute masterpiece! Spent over 200 hours in this game.,True,3,0,8407,1704495600
10000869,688444,7656119851988678,Poor optimization and awful monetization system.,False,162,0,9564,1461189600
10000870,775847,7656119837034660,10/10 worth every cent. Must buy during Steam sales!,True,10,0,12475,1742943600
10000871,369295,7656119821979467,10/10 worth every cent. Must buy during Steam sales!,True,10,0,13968,1761606000
10000872,201051,7656119876830108,"Solid mechanics, great performance, active developers.",True,2,0,5489,1435096800
10000873,367762,7656119831275433,"Solid mechanics, great performance, active developers.",True,177,0,14179,1558130400
10000874,773642,7656119823551489,Absolute masterpiece! Spent over 200 hours in this game.,True,4,0,4416,1674774000
10000875,682191,7656119843952868,10/10 worth every cent. Must buy during Steam sales!,True,164,0,977,1728165600
10000876,239304,7656119824587682,"Full of bugs, crashes on startup after recent update.",False,9,0,1287,1701644400
10000877,128872,7656119863998888,10/10 worth every cent. Must buy during Steam sales!,True,4,0,4792,1778191200
10000878,850655,7656119820796679,Absolute masterpiece! Spent over 200 hours in this game.,True,115,0,13967,1670108400
10000879,928141,7656119846998004,Absolute masterpiece! Spent over 200 hours in this game.,True,28,0,11274,1663711200
10000880,635657,7656119823623979,10/10 worth every cent. Must buy during Steam sales!,True,6,0,248,1531605600
10000881,653999,7656119866101009,"Solid mechanics, great performance, active developers.",True,8,8,9667,1657576800
10000882,991371,7656119861053268,"Not recommended in its current state, wait for patches.",False,6,0,1391,1717711200
10000883,670637,7656119844895966,Too repetitive and expensive for the amount of content.,False,3,0,8310,1712181600
10000884,721910,7656119830326286,"Solid mechanics, great performance, active developers.",True,2,0,9578,1608937200
10000885,600514,7656119868191485,10/10 worth every cent. Must buy during Steam sales!,True,0,35,1106,1702249200
10000886,662089,7656119871108646,One of the best indie games I have played this year.,True,130,0,8577,1690668000
10000887,525711,7656119825304742,"Full of bugs, crashes on startup after recent update.",False,0,0,8573,1595023200
10000888,486018,7656119813847775,Poor optimization and awful monetization system.,False,3,0,4126,1661896800
10000889,974174,7656119889571864,One of the best indie games I have played this year.,True,4,0,9713,1722549600
10000890,621239,7656119873588586,"Solid mechanics, great performance, active developers.",True,120,0,767,1735772400
10000891,822976,7656119854781120,Poor optimization and awful monetization system.,False,4,0,13304,1483830000
10000892,312186,7656119876172990,"Not recommended in its current state, wait for patches.",False,221,0,9091,1591394400
10000893,263753,7656119839261529,"Great gameplay, amazing soundtrack, highly recommended!",True,5,0,6724,1776981600
10000894,260897,7656119875759370,One of the best indie games I have played this year.,True,197,49,5986,1785880800
10000895,651034,7656119898136802,"Full of bugs, crashes on startup after recent update.",False,7,0,3718,1548111600
10000896,347238,7656119872717437,Absolute masterpiece! Spent over 200 hours in this game.,True,3,0,8119,1644015600
10000897,681592,7656119885739071,One of the best indie games I have played this year.,True,4,0,9815,1778536800
10000898,402015,7656119857665199,10/10 worth every cent. Must buy during Steam sales!,True,2,0,9176,1610838000
10000899,229208,7656119880140998,"Great gameplay, amazing soundtrack, highly recommended!",True,0,0,10552,1701298800
10000900,561997,7656119889284265,"Great gameplay, amazing soundtrack, highly recommended!",True,5,0,8822,1543014000
10000901,709087,7656119852844412,Too repetitive and expensive for the amount of content.,False,160,0,14585,1744754400
10000902,796684,7656119891452087,Absolute masterpiece! Spent over 200 hours in this game.,True,2,0,4228,1537308000
10000903,590077,7656119844239123,"Great gameplay, amazing soundtrack, highly recommended!",True,128,0,4967,1750888800
10000904,672581,7656119861032887,Too repetitive and expensive for the amount of content.,False,140,0,8322,1699916400
10000905,615496,7656119845497579,10/10 worth every cent. Must buy during Steam sales!,True,7,0,451,1724277600
10000906,328223,7656119887180866,Poor optimization and awful monetization system.,False,10,0,11196,1384902000
10000907,395577,7656119847728846,"Solid mechanics, great performance, active developers.",True,6,0,5441,1494108000
10000908,484520,7656119858369020,"Full of bugs, crashes on startup after recent update.",False,6,0,1559,1691618400
10000909,347238,7656119899631044,Absolute masterpiece! Spent over 200 hours in this game.,True,4,0,3358,1726264800
10000910,512399,7656119862945280,"Solid mechanics, great performance, active developers.",True,5,21,10950,1767654000
10000911,308199,7656119835714845,Too repetitive and expensive for the amount of content.,False,5,0,1985,1565128800
10000912,670637,7656119838235459,"Solid mechanics, great performance, active developers.",True,5,2,9917,1735513200
10000913,988019,7656119843060382,"Great gameplay, amazing soundtrack, highly recommended!",True,9,0,14497,1655157600
10000914,850655,7656119812636483,"Great gameplay, amazing soundtrack, highly recommended!",True,0,0,8191,1611183600
10000915,531421,7656119811408659,One of the best indie games I have played this year.,True,6,0,10656,1615071600
10000916,869859,7656119826546509,"Solid mechanics, great performance, active developers.",True,80,0,860,1675810800
10000917,682191,7656119858900952,10/10 worth every cent. Must buy during Steam sales!,True,8,0,11833,1414882800
10000918,555423,7656119831333421,Poor optimization and awful monetization system.,False,217,0,12612,1713045600
10000919,935179,7656119891825764,"Not recommended in its current state, wait for patches.",False,3,0,1465,1550185200
10000920,886381,7656119878190093,10/10 worth every cent. Must buy during Steam sales!,True,6,0,13910,1776031200
10000921,254921,7656119839918835,"Great gameplay, amazing soundtrack, highly recommended!",True,194,0,13641,1484175600
10000922,598115,7656119892245940,"Solid mechanics, great performance, active developers.",True,1,0,9335,1720994400
10000923,969809,7656119865488462,Poor optimization and awful monetization system.,False,10,0,7180,1718316000
10000924,561997,7656119859861431,"Solid mechanics, great performance, active developers.",True,8,0,12546,1728079200
10000925,572696,7656119861902722,10/10 worth every cent. Must buy during Steam sales!,True,6,0,508,1753135200
10000926,653999,7656119837550184,One of the best indie games I have played this year.,True,153,0,5427,1544310000
10000927,278648,7656119858124675,Absolute masterpiece! Spent over 200 hours in this game.,True,5,0,2794,1723672800
10000928,816259,7656119811408659,Poor optimization and awful monetization system.,False,223,0,14812,1741474800
10000929,582432,7656119813024169,One of the best indie games I have played this year.,True,0,0,8332,1771196400
10000930,940715,7656119844239123,10/10 worth every cent. Must buy during Steam sales!,True,5,0,9638,1702594800
10000931,453113,7656119865180850,Absolute masterpiece! Spent over 200 hours in this game.,True,206,0,11204,1628460000
10000932,120804,7656119848144980,"Solid mechanics, great performance, active developers.",True,3,40,6340,1688248800
10000933,382076,7656119852844412,Overrated game. Story is weak and servers lag constantly.,False,3,0,2807,1511046000
10000934,522499,7656119834413032,One of the best indie games I have played this year.,True,223,0,5393,1686002400
10000935,818016,7656119822900026,"Solid mechanics, great performance, active developers.",True,4,0,9526,1606690800
10000936,935179,7656119899737575,"Solid mechanics, great performance, active developers.",True,10,0,5945,1725746400
10000937,809680,7656119873321235,Absolute masterpiece! Spent over 200 hours in this game.,True,3,0,2181,1764543600
10000938,666065,7656119870213437,Overrated game. Story is weak and servers lag constantly.,False,2,0,14733,1588888800
10000939,367762,7656119814297724,"Great gameplay, amazing soundtrack, highly recommended!",True,195,0,3568,1543446000
10000940,600039,7656119843058064,Too repetitive and expensive for the amount of content.,False,98,0,13266,1535839200
10000941,505743,7656119856998490,"Not recommended in its current state, wait for patches.",False,155,0,4954,1644361200
10000942,666065,7656119845008073,Absolute masterpiece! Spent over 200 hours in this game.,True,7,0,10960,1481324400
10000943,229069,7656119834366614,Absolute masterpiece! Spent over 200 hours in this game.,True,0,0,14325,1765062000
10000944,442777,7656119845400793,Overrated game. Story is weak and servers lag constantly.,False,0,0,8558,1655676000
10000945,294521,7656119814548458,Overrated game. Story is weak and servers lag constantly.,False,4,0,1007,1752703200
10000946,448714,7656119870837637,10/10 worth every cent. Must buy during Steam sales!,True,245,40,6229,1474495200
10000947,761898,7656119890441277,"Great gameplay, amazing soundtrack, highly recommended!",True,163,0,3892,1730242800
10000948,205054,7656119851921090,Poor optimization and awful monetization system.,False,10,0,1157,1647558000
10000949,138126,7656119825304742,Absolute masterpiece! Spent over 200 hours in this game.,True,1,0,2684,1673218800
10000950,674275,7656119887067315,"Great gameplay, amazing soundtrack, highly recommended!",True,10,0,14308,1764457200
10000951,773642,7656119887067315,"Full of bugs, crashes on startup after recent update.",False,22,0,3759,1694037600
10000952,532369,7656119874493254,10/10 worth every cent. Must buy during Steam sales!,True,158,0,8640,1611442800
10000953,175965,7656119824742396,"Full of bugs, crashes on startup after recent update.",False,3,0,9412,1752789600
10000954,402015,7656119873655910,10/10 worth every cent. Must buy during Steam sales!,True,132,0,13172,1767826800
10000955,839682,7656119887640795,"Not recommended in its current state, wait for patches.",False,3,0,781,1685138400
10000956,328223,7656119810229410,"Not recommended in its current state, wait for patches.",False,5,27,14282,1456009200
10000957,923327,7656119820359431,"Full of bugs, crashes on startup after recent update.",False,5,0,1202,1732143600
10000958,125207,7656119885233093,"Full of bugs, crashes on startup after recent update.",False,7,0,12871,1507932000
10000959,561997,7656119812836733,"Great gameplay, amazing soundtrack, highly recommended!",True,4,0,9539,1531000800
10000960,175965,7656119830074123,Overrated game. Story is weak and servers lag constantly.,False,8,0,12299,1741215600
10000961,969809,7656119875487203,"Not recommended in its current state, wait for patches.",False,8,0,12240,1540418400
10000962,272387,7656119823551489,Absolute masterpiece! Spent over 200 hours in this game.,True,9,0,6582,1697580000
10000963,320738,7656119870310145,10/10 worth every cent. Must buy during Steam sales!,True,2,0,6986,1740265200
10000964,355639,7656119824342977,One of the best indie games I have played this year.,True,7,0,11803,1712440800
10000965,292168,7656119861903732,"Great gameplay, amazing soundtrack, highly recommended!",True,82,0,7377,1636844400
10000966,525711,7656119863065746,10/10 worth every cent. Must buy during Steam sales!,True,4,0,4020,1657404000
10000967,523435,7656119898189033,Poor optimization and awful monetization system.,False,5,43,6488,1396134000
10000968,469090,7656119889956405,10/10 worth every cent. Must buy during Steam sales!,True,8,38,7524,1605567600
10000969,572696,7656119832941566,One of the best indie games I have played this year.,True,2,0,3122,1719525600
10000970,454799,7656119812958909,"Full of bugs, crashes on startup after recent update.",False,6,0,14818,1774393200
10000971,105407,7656119870240158,"Great gameplay, amazing soundtrack, highly recommended!",True,3,0,5357,1423350000
10000972,812156,7656119831275433,Too repetitive and expensive for the amount of content.,False,9,0,11313,1621116000
10000973,285867,7656119868314392,Absolute masterpiece! Spent over 200 hours in this game.,True,7,0,2256,1525384800
10000974,272387,7656119898728924,"Great gameplay, amazing soundtrack, highly recommended!",True,137,0,14748,1699225200
10000975,523435,7656119832229589,Overrated game. Story is weak and servers lag constantly.,False,47,0,14301,1681596000
10000976,354548,7656119855827867,"Great gameplay, amazing soundtrack, highly recommended!",True,8,0,3835,1768086000
10000977,880063,7656119867086644,10/10 worth every cent. Must buy during Steam sales!,True,7,0,8416,1763593200
10000978,983329,7656119872717437,Absolute masterpiece! Spent over 200 hours in this game.,True,4,0,2922,1583017200
10000979,662700,7656119853689858,Poor optimization and awful monetization system.,False,5,0,8525,1590962400
10000980,355639,7656119885351616,"Solid mechanics, great performance, active developers.",True,243,0,4540,1755986400
10000981,620079,7656119825064840,"Solid mechanics, great performance, active developers.",True,192,0,13846,1420758000
10000982,108169,7656119861590486,Absolute masterpiece! Spent over 200 hours in this game.,True,3,0,6709,1540854000
10000983,983731,7656119874959968,10/10 worth every cent. Must buy during Steam sales!,True,4,0,12213,1650319200
10000984,666065,7656119834164185,10/10 worth every cent. Must buy during Steam sales!,True,3,0,9925,1709852400
10000985,551309,7656119872160210,"Solid mechanics, great performance, active developers.",True,211,0,9192,1704150000
10000986,272387,7656119818906708,Overrated game. Story is weak and servers lag constantly.,False,6,0,6420,1727301600
10000987,919483,7656119819926192,"Solid mechanics, great performance, active developers.",True,4,0,4479,1696975200
10000988,304958,7656119838417562,10/10 worth every cent. Must buy during Steam sales!,True,3,0,718,1701990000
10000989,703646,7656119839127570,"Solid mechanics, great performance, active developers.",True,7,0,7468,1557525600
10000990,761716,7656119863732160,"Solid mechanics, great performance, active developers.",True,7,0,5397,1608332400
10000991,304958,7656119826838372,One of the best indie games I have played this year.,True,0,0,1633,1713564000
10000992,428878,7656119892237504,"Solid mechanics, great performance, active developers.",True,210,0,1267,1596578400
10000993,738173,7656119890045703,"Great gameplay, amazing soundtrack, highly recommended!",True,10,0,9132,1709247600
10000994,107961,7656119835295300,Too repetitive and expensive for the amount of content.,False,2,0,6283,1691100000
10000995,682191,7656119810559083,"Solid mechanics, great performance, active developers.",True,3,39,6024,1453676400
10000996,108169,7656119843519903,One of the best indie games I have played this year.,True,8,0,8153,1748037600
10000997,359033,7656119895669465,10/10 worth every cent. Must buy during Steam sales!,True,9,0,10684,1554328800
10000998,402015,7656119846639199,One of the best indie games I have played this year.,True,194,20,12290,1693432800
10000999,919483,7656119824342977,Absolute masterpiece! Spent over 200 hours in this game.,True,40,0,9416,1766876400
10001000,229202,7656119823400918,"Solid mechanics, great performance, active developers.",True,3,0,14291,1773356400
10001001,627515,7656119870213437,"Not recommended in its current state, wait for patches.",False,5,0,3622,1760306400
10001002,382076,7656119831027484,One of the best indie games I have played this year.,True,159,0,2175,1735081200
10001003,677743,7656119846312467,Poor optimization and awful monetization system.,False,0,0,3935,1751666400
10001004,485204,7656119844825651,Absolute masterpiece! Spent over 200 hours in this game.,True,1,0,12342,1762210800
10001005,935179,7656119852876630,"Great gameplay, amazing soundtrack, highly recommended!",True,26,0,3422,1736722800
10001006,188476,7656119837897808,Overrated game. Story is weak and servers lag constantly.,False,8,0,13511,1634335200
10001007,778971,7656119886555931,10/10 worth every cent. Must buy during Steam sales!,True,219,0,14488,1675033200
10001008,943946,7656119890735586,"Full of bugs, crashes on startup after recent update.",False,1,0,3796,1712008800
10001009,512399,7656119826254390,"Solid mechanics, great performance, active developers.",True,4,0,8973,1679439600
10001010,544238,7656119882384926,One of the best indie games I have played this year.,True,4,0,3613,1770246000
10001011,536225,7656119843519903,10/10 worth every cent. Must buy during Steam sales!,True,5,0,10698,1728424800
10001012,449711,7656119870818783,"Great gameplay, amazing soundtrack, highly recommended!",True,84,0,12731,1582326000
10001013,847065,7656119874933992,"Solid mechanics, great performance, active developers.",True,3,4,14051,1685052000
10001014,614098,7656119875727361,"Great gameplay, amazing soundtrack, highly recommended!",True,225,0,10061,1589234400
10001015,727676,7656119880343201,Absolute masterpiece! Spent over 200 hours in this game.,True,0,0,4817,1727301600
10001016,903416,7656119860476629,Too repetitive and expensive for the amount of content.,False,5,0,10929,1748383200
10001017,416730,7656119886458651,"Solid mechanics, great performance, active developers.",True,12,0,1691,1714255200
10001018,169501,7656119839042149,"Solid mechanics, great performance, active developers.",True,89,0,2133,1769727600
10001019,245513,7656119886872938,Absolute masterpiece! Spent over 200 hours in this game.,True,8,10,14530,1469916000
10001020,703646,7656119856720843,One of the best indie games I have played this year.,True,8,0,2880,1718575200
10001021,561997,7656119891182803,Absolute masterpiece! Spent over 200 hours in this game.,True,94,0,12044,1600812000
10001022,160015,7656119818683063,Too repetitive and expensive for the amount of content.,False,61,0,1620,1555624800
10001023,260897,7656119879811845,One of the best indie games I have played this year.,True,221,0,5195,1596924000
10001024,260815,7656119885830728,"Not recommended in its current state, wait for patches.",False,4,0,5957,1610492400
10001025,580402,7656119893946332,One of the best indie games I have played this year.,True,1,0,9925,1783634400
10001026,122727,7656119873588586,"Not recommended in its current state, wait for patches.",False,30,4,8557,1744840800
10001027,598115,7656119888766016,"Full of bugs, crashes on startup after recent update.",False,8,0,12782,1728511200
10001028,601086,7656119890940167,"Full of bugs, crashes on startup after recent update.",False,6,0,12976,1783807200
10001029,327570,7656119836373455,10/10 worth every cent. Must buy during Steam sales!,True,2,0,12845,1551654000
10001030,880529,7656119897737559,One of the best indie games I have played this year.,True,171,46,1518,1708297200
10001031,621239,7656119899425013,"Great gameplay, amazing soundtrack, highly recommended!",True,5,0,311,1750629600
10001032,354548,7656119862076330,One of the best indie games I have played this year.,True,2,0,9263,1738018800
10001033,411344,7656119846312467,Overrated game. Story is weak and servers lag constantly.,False,160,0,4209,1783893600
10001034,620079,7656119836757136,Overrated game. Story is weak and servers lag constantly.,False,6,0,2740,1393887600
10001035,120706,7656119870058093,Too repetitive and expensive for the amount of content.,False,153,0,10778,1571868000
10001036,588308,7656119849690627,Overrated game. Story is weak and servers lag constantly.,False,8,0,11807,1558735200
10001037,851936,7656119817149774,"Full of bugs, crashes on startup after recent update.",False,5,0,10132,1745618400
10001038,148999,7656119865532667,Absolute masterpiece! Spent over 200 hours in this game.,True,9,0,4361,1762210800
10001039,800614,7656119834550693,Overrated game. Story is weak and servers lag constantly.,False,202,17,2818,1783807200
10001040,666103,7656119845560463,"Solid mechanics, great performance, active developers.",True,9,0,6994,1718402400
10001041,919483,7656119822843696,One of the best indie games I have played this year.,True,81,0,6743,1737068400
10001042,650224,7656119879427113,"Great gameplay, amazing soundtrack, highly recommended!",True,7,0,13163,1651096800
10001043,509990,7656119844298346,Too repetitive and expensive for the amount of content.,False,6,0,549,1780524000
10001044,816259,7656119861902722,Overrated game. Story is weak and servers lag constantly.,False,9,0,10644,1774393200
10001045,167100,7656119891487039,10/10 worth every cent. Must buy during Steam sales!,True,171,0,12733,1675378800
10001046,448714,7656119867402243,"Solid mechanics, great performance, active developers.",True,193,2,11965,1645052400
10001047,623476,7656119839219712,Absolute masterpiece! Spent over 200 hours in this game.,True,2,0,5458,1763593200
10001048,600514,7656119843058064,"Great gameplay, amazing soundtrack, highly recommended!",True,4,20,12218,1759183200
10001049,177911,7656119880520362,Overrated game. Story is weak and servers lag constantly.,False,1,0,9672,1652565600
10001050,843949,7656119885713074,Absolute masterpiece! Spent over 200 hours in this game.,True,206,27,11989,1650146400
10001051,108633,7656119876506316,"Great gameplay, amazing soundtrack, highly recommended!",True,7,0,373,1774821600
10001052,324235,7656119851951827,Overrated game. Story is weak and servers lag constantly.,False,4,0,5031,1640214000
10001053,442777,7656119815442861,"Great gameplay, amazing soundtrack, highly recommended!",True,82,0,5260,1454454000
10001054,373986,7656119820359431,One of the best indie games I have played this year.,True,2,0,3449,1758232800
10001055,946176,7656119863732160,Absolute masterpiece! Spent over 200 hours in this game.,True,95,0,740,1766358000
10001056,253587,7656119862708444,Absolute masterpiece! Spent over 200 hours in this game.,True,7,0,3286,1463263200
10001057,525700,7656119863754215,One of the best indie games I have played this year.,True,4,15,6249,1577833200
10001058,561997,7656119853749912,Absolute masterpiece! Spent over 200 hours in this game.,True,0,8,6097,1675378800
10001059,148999,7656119845614461,"Great gameplay, amazing soundtrack, highly recommended!",True,6,0,4792,1753567200
10001060,211995,7656119853346105,"Great gameplay, amazing soundtrack, highly recommended!",True,190,0,9061,1567375200
10001061,107961,7656119851685103,Overrated game. Story is weak and servers lag constantly.,False,10,0,13976,1753653600
10001062,260815,7656119810285346,"Solid mechanics, great performance, active developers.",True,3,0,5889,1747087200
10001063,278648,7656119865180850,"Great gameplay, amazing soundtrack, highly recommended!",True,149,0,1321,1771542000
10001064,674275,7656119880081311,Absolute masterpiece! Spent over 200 hours in this game.,True,8,0,6620,1716501600
10001065,796684,7656119834079309,"Great gameplay, amazing soundtrack, highly recommended!",True,5,0,12504,1506463200
10001066,454799,7656119839339569,"Solid mechanics, great performance, active developers.",True,2,0,5761,1727560800
10001067,128872,7656119897737559,Poor optimization and awful monetization system.,False,0,28,7832,1760911200
10001068,447813,7656119870837637,"Solid mechanics, great performance, active developers.",True,4,0,11180,1617487200
10001069,428878,7656119840124298,One of the best indie games I have played this year.,True,3,0,550,1689804000
10001070,118238,7656119895831663,"Solid mechanics, great performance, active developers.",True,30,0,3827,1660428000
10001071,304958,7656119850142166,"Not recommended in its current state, wait for patches.",False,7,0,3515,1744149600
10001072,972686,7656119862296069,One of the best indie games I have played this year.,True,92,0,2677,1740783600
10001073,369295,7656119845747382,Overrated game. Story is weak and servers lag constantly.,False,5,0,2805,1730242800
10001074,630847,7656119884728228,One of the best indie games I have played this year.,True,1,0,1653,1628287200
10001075,690366,7656119875338404,"Great gameplay, amazing soundtrack, highly recommended!",True,9,0,1387,1733266800
10001076,446143,7656119843263041,Absolute masterpiece! Spent over 200 hours in this game.,True,9,0,1438,1669849200
10001077,369053,7656119883062276,"Solid mechanics, great performance, active developers.",True,3,0,3556,1644447600
10001078,532383,7656119898728924,Too repetitive and expensive for the amount of content.,False,50,0,8830,1657404000
10001079,507324,7656119873571210,Poor optimization and awful monetization system.,False,10,0,3972,1771974000
10001080,364851,7656119822541886,10/10 worth every cent. Must buy during Steam sales!,True,242,0,6722,1668294000
10001081,166937,7656119836757136,"Great gameplay, amazing soundtrack, highly recommended!",True,211,0,12466,1782079200
10001082,366448,7656119879201194,"Full of bugs, crashes on startup after recent update.",False,3,0,10271,1744581600
10001083,613859,7656119844096616,10/10 worth every cent. Must buy during Steam sales!,True,6,0,9525,1746828000
10001084,919483,7656119874553978,One of the best indie games I have played this year.,True,6,0,1388,1769382000
10001085,580402,7656119818906708,Absolute masterpiece! Spent over 200 hours in this game.,True,242,0,5607,1765839600
10001086,366448,7656119830476811,Poor optimization and awful monetization system.,False,0,0,14185,1612652400
10001087,969809,7656119869373841,"Full of bugs, crashes on startup after recent update.",False,6,0,7786,1474149600
10001088,617901,7656119866513733,Absolute masterpiece! Spent over 200 hours in this game.,True,5,0,2656,1491429600
10001089,854175,7656119820450019,One of the best indie games I have played this year.,True,200,6,6100,1750802400
10001090,428878,7656119817648422,"Not recommended in its current state, wait for patches.",False,6,0,11159,1729116000
10001091,922684,7656119823551489,Too repetitive and expensive for the amount of content.,False,8,26,3429,1774566000
10001092,528112,7656119856720843,One of the best indie games I have played this year.,True,44,0,13733,1721944800
10001093,294521,7656119854879837,"Great gameplay, amazing soundtrack, highly recommended!",True,47,0,2586,1768518000
10001094,650224,7656119848859818,Absolute masterpiece! Spent over 200 hours in this game.,True,10,0,14208,1586728800
10001095,796684,7656119852985068,Absolute masterpiece! Spent over 200 hours in this game.,True,7,0,4483,1684620000
10001096,355639,7656119876172990,One of the best indie games I have played this year.,True,8,0,3709,1760392800
10001097,668144,7656119890250952,10/10 worth every cent. Must buy during Steam sales!,True,1,41,11742,1545778800
10001098,869859,7656119839088611,"Solid mechanics, great performance, active developers.",True,142,0,7855,1691013600
10001099,367762,7656119862945280,One of the best indie games I have played this year.,True,1,0,1536,1664143200
10001100,710466,7656119851336456,"Great gameplay, amazing soundtrack, highly recommended!",True,207,0,2328,1674601200
10001101,761898,7656119896395551,One of the best indie games I have played this year.,True,9,0,2094,1758664800
10001102,254921,7656119865435870,10/10 worth every cent. Must buy during Steam sales!,True,0,0,595,1517266800
10001103,932173,7656119865180850,"Solid mechanics, great performance, active developers.",True,6,0,11059,1741561200
10001104,946176,7656119881115720,Absolute masterpiece! Spent over 200 hours in this game.,True,6,47,877,1415919600
10001105,449141,7656119861457269,10/10 worth every cent. Must buy during Steam sales!,True,111,0,12930,1726956000
10001106,628777,7656119848692840,Overrated game. Story is weak and servers lag constantly.,False,2,0,7589,1577228400
10001107,750671,7656119893396458,One of the best indie games I have played this year.,True,90,0,247,1564437600
10001108,100495,7656119837969645,"Full of bugs, crashes on startup after recent update.",False,121,0,3096,1773356400
10001109,355639,7656119843519903,Too repetitive and expensive for the amount of content.,False,93,37,13583,1776031200
10001110,943439,7656119818832677,10/10 worth every cent. Must buy during Steam sales!,True,3,0,1715,1764630000
10001111,991371,7656119846312467,Overrated game. Story is weak and servers lag constantly.,False,10,0,10646,1643151600
10001112,769431,7656119854879837,"Solid mechanics, great performance, active developers.",True,5,8,2662,1786399200
10001113,939106,7656119877811116,Too repetitive and expensive for the amount of content.,False,1,0,1586,1438380000
10001114,931195,7656119878714999,Poor optimization and awful monetization system.,False,6,0,5950,1743458400
10001115,628606,7656119864685571,"Solid mechanics, great performance, active developers.",True,222,38,12411,1584745200
10001116,635657,7656119894899914,10/10 worth every cent. Must buy during Steam sales!,True,58,0,13422,1681164000
10001117,958242,7656119826009968,10/10 worth every cent. Must buy during Steam sales!,True,90,0,11380,1549753200
10001118,662700,7656119880603855,"Not recommended in its current state, wait for patches.",False,7,0,7843,1699052400
10001119,447813,7656119873515097,10/10 worth every cent. Must buy during Steam sales!,True,3,0,13229,1459980000
10001120,310047,7656119851921090,"Full of bugs, crashes on startup after recent update.",False,122,0,8853,1768604400
10001121,108169,7656119896707620,"Not recommended in its current state, wait for patches.",False,5,0,10385,1643670000
10001122,125207,7656119887984259,10/10 worth every cent. Must buy during Steam sales!,True,2,0,1744,1498082400
10001123,615496,7656119858369020,Overrated game. Story is weak and servers lag constantly.,False,6,0,13216,1762642800
10001124,523435,7656119892357477,"Not recommended in its current state, wait for patches.",False,8,0,9304,1545606000
10001125,458731,7656119887067315,Too repetitive and expensive for the amount of content.,False,2,0,10417,1647817200
10001126,851097,7656119849168104,"Not recommended in its current state, wait for patches.",False,34,0,3158,1748815200
10001127,885209,7656119858514120,10/10 worth every cent. Must buy during Steam sales!,True,9,9,5281,1491688800
10001128,182338,7656119824742396,"Not recommended in its current state, wait for patches.",False,1,10,10188,1549753200
10001129,656976,7656119855566397,Poor optimization and awful monetization system.,False,92,0,4807,1772146800
10001130,829462,7656119845260233,Absolute masterpiece! Spent over 200 hours in this game.,True,146,0,6848,1530914400
10001131,603347,7656119874959968,"Great gameplay, amazing soundtrack, highly recommended!",True,4,0,3649,1754690400
10001132,411344,7656119862708444,Too repetitive and expensive for the amount of content.,False,9,0,7399,1626213600
10001133,551101,7656119829686694,"Great gameplay, amazing soundtrack, highly recommended!",True,8,0,7164,1716588000
10001134,625408,7656119880000795,"Great gameplay, amazing soundtrack, highly recommended!",True,7,0,5709,1661637600
10001135,932173,7656119874767216,10/10 worth every cent. Must buy during Steam sales!,True,5,0,13828,1601244000
10001136,118238,7656119861590486,One of the best indie games I have played this year.,True,119,0,1811,1708815600
10001137,969809,7656119824565428,"Solid mechanics, great performance, active developers.",True,1,0,6097,1500242400
10001138,682191,7656119861836172,Poor optimization and awful monetization system.,False,5,0,1689,1636066800
10001139,449532,7656119897578580,"Solid mechanics, great performance, active developers.",True,2,0,7168,1689631200
10001140,934527,7656119824750749,Poor optimization and awful monetization system.,False,139,0,8719,1695679200
10001141,551101,7656119858145401,One of the best indie games I have played this year.,True,3,0,9655,1684015200
10001142,104323,7656119894551376,Absolute masterpiece! Spent over 200 hours in this game.,True,9,0,2867,1589580000
10001143,118238,7656119860773395,"Not recommended in its current state, wait for patches.",False,5,0,9465,1594677600
10001144,228079,7656119827316436,One of the best indie games I have played this year.,True,3,0,666,1719784800
10001145,492245,7656119857429658,"Great gameplay, amazing soundtrack, highly recommended!",True,9,0,6959,1566943200
10001146,931195,7656119881905353,"Not recommended in its current state, wait for patches.",False,5,0,12373,1784671200
10001147,869859,7656119874283657,Absolute masterpiece! Spent over 200 hours in this game.,True,3,0,3969,1759096800
10001148,784271,7656119894699981,"Not recommended in its current state, wait for patches.",False,10,0,226,1714860000
10001149,267886,7656119873399820,Overrated game. Story is weak and servers lag constantly.,False,6,0,668,1762470000
10001150,359033,7656119863083461,Overrated game. Story is weak and servers lag constantly.,False,7,0,4708,1567375200
10001151,160015,7656119855566397,"Solid mechanics, great performance, active developers.",True,5,0,4456,1620079200
10001152,166593,7656119827598923,"Great gameplay, amazing soundtrack, highly recommended!",True,2,0,6758,1538776800
10001153,794625,7656119898730962,One of the best indie games I have played this year.,True,73,0,3551,1775167200
10001154,829462,7656119840581642,Absolute masterpiece! Spent over 200 hours in this game.,True,0,31,12032,1668380400
10001155,587463,7656119887848148,Absolute masterpiece! Spent over 200 hours in this game.,True,3,0,9430,1775858400
10001156,239304,7656119813672643,Poor optimization and awful monetization system.,False,5,0,3296,1783029600
10001157,245513,7656119818832677,"Solid mechanics, great performance, active developers.",True,8,0,5176,1571090400
10001158,118121,7656119864233727,Absolute masterpiece! Spent over 200 hours in this game.,True,103,0,9360,1544223600
10001159,120706,7656119865033242,"Not recommended in its current state, wait for patches.",False,2,0,716,1549926000
10001160,544238,7656119882537654,"Not recommended in its current state, wait for patches.",False,0,0,2198,1784152800
10001161,484520,7656119836373455,Absolute masterpiece! Spent over 200 hours in this game.,True,243,2,5221,1681768800
10001162,666065,7656119893250830,Overrated game. Story is weak and servers lag constantly.,False,7,0,6633,1610578800
10001163,369932,7656119862596284,"Great gameplay, amazing soundtrack, highly recommended!",True,8,0,3539,1746223200
10001164,119791,7656119871930609,Absolute masterpiece! Spent over 200 hours in this game.,True,8,22,643,1761865200
10001165,541989,7656119885823927,"Solid mechanics, great performance, active developers.",True,10,0,6747,1624053600
10001166,946176,7656119856387984,"Great gameplay, amazing soundtrack, highly recommended!",True,3,0,230,1477692000
10001167,182338,7656119810559083,Absolute masterpiece! Spent over 200 hours in this game.,True,10,0,3493,1409954400
10001168,119791,7656119856017838,One of the best indie games I have played this year.,True,81,0,843,1775167200
10001169,672581,7656119887296591,Absolute masterpiece! Spent over 200 hours in this game.,True,0,0,3714,1686434400
10001170,756505,7656119865532667,"Solid mechanics, great performance, active developers.",True,1,0,14286,1632520800
10001171,304958,7656119835758605,10/10 worth every cent. Must buy during Steam sales!,True,7,0,728,1716069600
10001172,119791,7656119880961156,Absolute masterpiece! Spent over 200 hours in this game.,True,0,0,5889,1764370800
10001173,628581,7656119881160827,Absolute masterpiece! Spent over 200 hours in this game.,True,124,0,751,1759356000
10001174,588308,7656119854293755,Absolute masterpiece! Spent over 200 hours in this game.,True,3,0,4411,1778882400
10001175,132182,7656119887710042,"Full of bugs, crashes on startup after recent update.",False,10,22,13107,1652997600
10001176,369053,7656119838152141,"Solid mechanics, great performance, active developers.",True,0,38,5544,1597442400
10001177,290060,7656119813130256,Absolute masterpiece! Spent over 200 hours in this game.,True,6,0,1988,1449788400
10001178,115880,7656119883394740,Overrated game. Story is weak and servers lag constantly.,False,75,0,5278,1678230000
10001179,603181,7656119880935320,"Not recommended in its current state, wait for patches.",False,3,0,12269,1763766000
10001180,625408,7656119818322825,"Great gameplay, amazing soundtrack, highly recommended!",True,0,0,5628,1633730400
10001181,325690,7656119866513733,One of the best indie games I have played this year.,True,3,0,2696,1578697200
10001182,931793,7656119829895242,Overrated game. Story is weak and servers lag constantly.,False,2,0,1423,1765407600
10001183,290060,7656119853517453,"Full of bugs, crashes on startup after recent update.",False,6,0,3893,1551308400
10001184,588308,7656119814143488,Absolute masterpiece! Spent over 200 hours in this game.,True,7,0,8929,1606950000
10001185,225189,7656119870240158,Overrated game. Story is weak and servers lag constantly.,False,2,0,4766,1648076400
10001186,211995,7656119890843705,Too repetitive and expensive for the amount of content.,False,5,0,1987,1621375200
10001187,608581,7656119847066557,"Solid mechanics, great performance, active developers.",True,4,0,5503,1403820000
10001188,778971,7656119880272341,"Solid mechanics, great performance, active developers.",True,1,0,5781,1647039600
10001189,943439,7656119828374182,One of the best indie games I have played this year.,True,49,0,7727,1486594800
10001190,625408,7656119884493943,Absolute masterpiece! Spent over 200 hours in this game.,True,19,0,13379,1683237600
10001191,245513,7656119874650013,"Great gameplay, amazing soundtrack, highly recommended!",True,110,0,7696,1460584800
10001192,169501,7656119823283726,One of the best indie games I have played this year.,True,1,10,9387,1727215200
10001193,272387,7656119890761484,Too repetitive and expensive for the amount of content.,False,5,0,1111,1639263600
10001194,248073,7656119870240158,One of the best indie games I have played this year.,True,10,0,757,1689631200
10001195,132182,7656119898152800,Poor optimization and awful monetization system.,False,6,44,283,1734562800
10001196,818016,7656119840326198,Overrated game. Story is weak and servers lag constantly.,False,10,0,1521,1419634800
10001197,210358,7656119837969645,"Solid mechanics, great performance, active developers.",True,6,0,5483,1734476400
10001198,614098,7656119894094616,10/10 worth every cent. Must buy during Steam sales!,True,115,0,1930,1766617200
10001199,188476,7656119874650013,Overrated game. Story is weak and servers lag constantly.,False,22,0,6659,1759528800
10001200,682191,7656119857338194,"Solid mechanics, great performance, active developers.",True,236,0,14066,1723672800
10001201,205054,7656119880179362,"Solid mechanics, great performance, active developers.",True,5,34,4606,1779141600
10001202,738297,7656119879079456,"Full of bugs, crashes on startup after recent update.",False,1,0,7523,1577055600
10001203,177911,7656119833548880,Too repetitive and expensive for the amount of content.,False,1,0,1490,1620079200
10001204,115880,7656119855827867,"Solid mechanics, great performance, active developers.",True,2,0,6121,1629496800
10001205,119791,7656119824098732,"Not recommended in its current state, wait for patches.",False,3,0,12200,1760047200
10001206,544238,7656119815713788,One of the best indie games I have played this year.,True,22,0,6051,1775253600
10001207,682191,7656119834288291,"Not recommended in its current state, wait for patches.",False,9,0,3556,1686261600
10001208,125207,7656119874283657,"Full of bugs, crashes on startup after recent update.",False,9,43,7555,1588543200
10001209,167100,7656119884493943,"Great gameplay, amazing soundtrack, highly recommended!",True,2,0,2798,1515452400
10001210,105407,7656119897491513,One of the best indie games I have played this year.,True,7,0,5246,1740178800
10001211,423916,7656119886111226,"Great gameplay, amazing soundtrack, highly recommended!",True,62,0,12880,1738969200
10001212,175965,7656119815156085,"Solid mechanics, great performance, active developers.",True,49,1,13144,1676156400
10001213,880063,7656119864377981,"Great gameplay, amazing soundtrack, highly recommended!",True,7,23,5943,1722549600
10001214,828364,7656119889571864,"Solid mechanics, great performance, active developers.",True,10,0,9775,1729288800
10001215,988019,7656119898414187,10/10 worth every cent. Must buy during Steam sales!,True,171,0,868,1698271200
10001216,754888,7656119879778551,Too repetitive and expensive for the amount of content.,False,10,0,7970,1682373600
10001217,118238,7656119851988678,"Full of bugs, crashes on startup after recent update.",False,10,0,5789,1701126000
10001218,716238,7656119883062276,Too repetitive and expensive for the amount of content.,False,217,0,9639,1695592800
10001219,584962,7656119892358385,One of the best indie games I have played this year.,True,197,0,2533,1452639600
10001220,645423,7656119891777515,"Solid mechanics, great performance, active developers.",True,9,0,4045,1605913200
10001221,898338,7656119831607329,Overrated game. Story is weak and servers lag constantly.,False,170,0,9784,1753567200
10001222,308199,7656119882121336,"Great gameplay, amazing soundtrack, highly recommended!",True,5,0,5480,1698012000
10001223,610526,7656119818221287,"Great gameplay, amazing soundtrack, highly recommended!",True,9,0,9301,1714428000
10001224,369295,7656119843235251,"Great gameplay, amazing soundtrack, highly recommended!",True,2,0,43,1428530400
10001225,699678,7656119845260233,One of the best indie games I have played this year.,True,78,0,6299,1657404000
10001226,120706,7656119859270957,"Full of bugs, crashes on startup after recent update.",False,6,0,581,1688076000
10001227,563124,7656119839550163,"Solid mechanics, great performance, active developers.",True,8,0,536,1350252000
10001228,325690,7656119873871353,Absolute masterpiece! Spent over 200 hours in this game.,True,0,0,3771,1729116000
10001229,485204,7656119896543196,"Not recommended in its current state, wait for patches.",False,0,20,6062,1735081200
10001230,505482,7656119878002864,"Solid mechanics, great performance, active developers.",True,1,0,14871,1774047600
10001231,375654,7656119889073225,10/10 worth every cent. Must buy during Steam sales!,True,8,0,7147,1450998000
10001232,395577,7656119813908232,Absolute masterpiece! Spent over 200 hours in this game.,True,5,0,3361,1585951200
10001233,128872,7656119882121336,One of the best indie games I have played this year.,True,5,0,7070,1490396400
10001234,766548,7656119875948431,"Great gameplay, amazing soundtrack, highly recommended!",True,2,41,107,1767654000
10001235,828364,7656119842939861,Too repetitive and expensive for the amount of content.,False,1,0,377,1734994800
10001236,555728,7656119818503806,One of the best indie games I have played this year.,True,7,0,8846,1683324000
10001237,544238,7656119878017742,Absolute masterpiece! Spent over 200 hours in this game.,True,2,0,5256,1758664800
10001238,750671,7656119877433804,"Great gameplay, amazing soundtrack, highly recommended!",True,9,0,4848,1597874400
10001239,467100,7656119861242566,One of the best indie games I have played this year.,True,0,0,13497,1713391200
10001240,449711,7656119864719583,One of the best indie games I have played this year.,True,116,0,7991,1666216800
10001241,780150,7656119844089230,"Great gameplay, amazing soundtrack, highly recommended!",True,8,0,10346,1654725600
10001242,254921,7656119843519903,"Solid mechanics, great performance, active developers.",True,6,0,6676,1387926000
10001243,375381,7656119880110255,Absolute masterpiece! Spent over 200 hours in this game.,True,1,0,7031,1671058800
10001244,884885,7656119824265825,10/10 worth every cent. Must buy during Steam sales!,True,4,0,12745,1772146800
10001245,354548,7656119850341397,One of the best indie games I have played this year.,True,5,0,9180,1753394400
10001246,678655,7656119853689858,"Full of bugs, crashes on startup after recent update.",False,10,0,10179,1744754400
10001247,138126,7656119858124675,Too repetitive and expensive for the amount of content.,False,4,0,11569,1692136800
10001248,248073,7656119860189831,"Full of bugs, crashes on startup after recent update.",False,2,0,1021,1719093600
10001249,620079,7656119839918835,"Great gameplay, amazing soundtrack, highly recommended!",True,0,0,12411,1515279600
10001250,666065,7656119892237504,One of the best indie games I have played this year.,True,31,0,12541,1729893600
10001251,294521,7656119890940167,10/10 worth every cent. Must buy during Steam sales!,True,5,8,12733,1603490400
10001252,592924,7656119854559048,One of the best indie games I have played this year.,True,2,0,11258,1494972000
10001253,479104,7656119898062086,10/10 worth every cent. Must buy during Steam sales!,True,2,0,237,1656626400
10001254,756505,7656119857723816,"Great gameplay, amazing soundtrack, highly recommended!",True,74,0,235,1748296800
10001255,615496,7656119865217167,One of the best indie games I have played this year.,True,7,6,4989,1588716000
10001256,931793,7656119863065746,10/10 worth every cent. Must buy during Steam sales!,True,6,0,7023,1643497200
10001257,239304,7656119887640795,10/10 worth every cent. Must buy during Steam sales!,True,10,0,13901,1653084000
10001258,458731,7656119880385578,One of the best indie games I have played this year.,True,0,0,10064,1487199600
10001259,823082,7656119863731163,"Not recommended in its current state, wait for patches.",False,3,0,7946,1635372000
10001260,851936,7656119863732160,"Solid mechanics, great performance, active developers.",True,126,40,6865,1722808800
10001261,469090,7656119899737575,Overrated game. Story is weak and servers lag constantly.,False,151,0,995,1689458400
10001262,813193,7656119835665649,Overrated game. Story is weak and servers lag constantly.,False,0,0,13386,1746223200
10001263,784271,7656119828755207,One of the best indie games I have played this year.,True,4,0,6514,1757368800
10001264,923327,7656119850800782,"Great gameplay, amazing soundtrack, highly recommended!",True,8,0,10274,1659823200
10001265,813193,7656119818733153,Absolute masterpiece! Spent over 200 hours in this game.,True,71,0,13450,1774306800
10001266,120368,7656119864618491,"Great gameplay, amazing soundtrack, highly recommended!",True,6,0,13487,1595800800
10001267,826309,7656119898337922,"Not recommended in its current state, wait for patches.",False,151,0,14084,1694383200
10001268,813193,7656119894235099,One of the best indie games I have played this year.,True,86,0,12698,1744840800
10001269,800614,7656119835478687,Absolute masterpiece! Spent over 200 hours in this game.,True,1,0,1845,1733698800
10001270,903416,7656119836994415,Absolute masterpiece! Spent over 200 hours in this game.,True,131,0,10884,1764889200
10001271,166593,7656119815442861,Absolute masterpiece! Spent over 200 hours in this game.,True,118,0,6091,1578524400
10001272,603347,7656119865639846,Overrated game. Story is weak and servers lag constantly.,False,4,8,6034,1662415200
10001273,260897,7656119865435870,Absolute masterpiece! Spent over 200 hours in this game.,True,10,0,9532,1652824800
10001274,925370,7656119865874989,"Not recommended in its current state, wait for patches.",False,87,0,545,1782424800
10001275,125207,7656119824447341,"Solid mechanics, great performance, active developers.",True,5,0,12055,1462572000
10001276,449711,7656119886156444,One of the best indie games I have played this year.,True,8,0,13696,1637794800
10001277,709087,7656119863466816,"Not recommended in its current state, wait for patches.",False,2,38,716,1730156400
10001278,835952,7656119898977157,"Great gameplay, amazing soundtrack, highly recommended!",True,9,0,4718,1783461600
10001279,455604,7656119855098264,One of the best indie games I have played this year.,True,1,0,6077,1560463200
10001280,707175,7656119862017981,"Not recommended in its current state, wait for patches.",False,1,0,5414,1600120800
10001281,810187,7656119877496785,"Not recommended in its current state, wait for patches.",False,4,0,5254,1470434400
10001282,514322,7656119812574179,One of the best indie games I have played this year.,True,8,0,12332,1621548000
10001283,625408,7656119842075985,"Solid mechanics, great performance, active developers.",True,3,36,1541,1638831600
10001284,658679,7656119879044934,One of the best indie games I have played this year.,True,1,0,8857,1529445600
10001285,118238,7656119842933598,One of the best indie games I have played this year.,True,242,0,9973,1766185200
10001286,302920,7656119874307574,"Not recommended in its current state, wait for patches.",False,2,0,13015,1751493600
10001287,839682,7656119894484772,Too repetitive and expensive for the amount of content.,False,7,0,9196,1731452400
10001288,294521,7656119885739071,Absolute masterpiece! Spent over 200 hours in this game.,True,4,0,6846,1764198000
10001289,486018,7656119820033913,"Not recommended in its current state, wait for patches.",False,207,25,336,1383519600
10001290,366448,7656119885739071,"Great gameplay, amazing soundtrack, highly recommended!",True,6,0,9906,1565215200
10001291,327570,7656119817149774,Too repetitive and expensive for the amount of content.,False,4,0,6419,1665612000
10001292,120804,7656119827574546,"Solid mechanics, great performance, active developers.",True,10,0,7233,1685570400
10001293,935179,7656119811223024,One of the best indie games I have played this year.,True,201,21,2510,1610233200
10001294,238975,7656119840664694,Absolute masterpiece! Spent over 200 hours in this game.,True,48,22,5356,1584140400
10001295,467100,7656119835584207,"Full of bugs, crashes on startup after recent update.",False,123,0,2161,1677538800
10001296,761716,7656119815397634,Absolute masterpiece! Spent over 200 hours in this game.,True,138,0,1094,1609369200
10001297,364851,7656119869233005,10/10 worth every cent. Must buy during Steam sales!,True,107,0,8733,1406412000
10001298,922684,7656119845260233,"Full of bugs, crashes on startup after recent update.",False,8,0,6470,1698530400
10001299,924651,7656119847066557,Absolute masterpiece! Spent over 200 hours in this game.,True,218,0,8314,1769641200
10001300,509075,7656119850994457,"Great gameplay, amazing soundtrack, highly recommended!",True,4,0,3020,1755036000
10001301,983731,7656119871108646,"Solid mechanics, great performance, active developers.",True,201,0,9122,1652479200
10001302,851097,7656119862129353,10/10 worth every cent. Must buy during Steam sales!,True,9,0,10747,1752530400
10001303,921237,7656119858900952,One of the best indie games I have played this year.,True,148,30,8961,1664056800
10001304,707175,7656119880140998,10/10 worth every cent. Must buy during Steam sales!,True,7,0,7335,1604358000
10001305,684738,7656119878834761,"Solid mechanics, great performance, active developers.",True,2,0,13636,1768863600
10001306,458731,7656119849659772,"Full of bugs, crashes on startup after recent update.",False,9,15,8616,1478386800
10001307,854175,7656119831607329,10/10 worth every cent. Must buy during Steam sales!,True,7,0,9261,1755381600
10001308,307380,7656119885351616,Poor optimization and awful monetization system.,False,7,0,11628,1447023600
10001309,128837,7656119875727361,Too repetitive and expensive for the amount of content.,False,209,0,14074,1597615200
10001310,650224,7656119875354390,"Great gameplay, amazing soundtrack, highly recommended!",True,2,0,7842,1623621600
10001311,423916,7656119848859818,"Solid mechanics, great performance, active developers.",True,9,0,14293,1578351600
10001312,635657,7656119887296591,One of the best indie games I have played this year.,True,154,0,499,1641250800
10001313,716289,7656119869373841,"Great gameplay, amazing soundtrack, highly recommended!",True,0,0,6398,1502575200
10001314,158385,7656119822278173,"Full of bugs, crashes on startup after recent update.",False,1,0,7398,1773961200
10001315,312186,7656119867059398,10/10 worth every cent. Must buy during Steam sales!,True,9,0,502,1658786400
10001316,921237,7656119867952552,"Not recommended in its current state, wait for patches.",False,2,0,9092,1642287600
10001317,780150,7656119860769793,"Great gameplay, amazing soundtrack, highly recommended!",True,0,0,3613,1609110000
10001318,991371,7656119898152800,Absolute masterpiece! Spent over 200 hours in this game.,True,5,0,13009,1712095200
10001319,285728,7656119826327874,Absolute masterpiece! Spent over 200 hours in this game.,True,217,0,6811,1672009200
10001320,254921,7656119852455947,Poor optimization and awful monetization system.,False,0,0,4126,1484262000
10001321,347238,7656119880961156,Absolute masterpiece! Spent over 200 hours in this game.,True,4,0,5845,1687039200
10001322,931793,7656119824938950,"Full of bugs, crashes on startup after recent update.",False,47,0,9882,1651096800
10001323,138126,7656119864221448,10/10 worth every cent. Must buy during Steam sales!,True,5,25,9357,1594418400
10001324,225189,7656119889752333,"Not recommended in its current state, wait for patches.",False,0,0,7771,1750284000
10001325,359033,7656119863754215,Overrated game. Story is weak and servers lag constantly.,False,6,0,3881,1640214000
10001326,886856,7656119886001594,"Solid mechanics, great performance, active developers.",True,235,0,4818,1740783600
10001327,826309,7656119884040397,Absolute masterpiece! Spent over 200 hours in this game.,True,9,0,4331,1721858400
10001328,320738,7656119855091096,"Solid mechanics, great performance, active developers.",True,28,12,11881,1758837600
10001329,210358,7656119813672643,"Solid mechanics, great performance, active developers.",True,108,0,12308,1746568800
10001330,886856,7656119862172995,"Solid mechanics, great performance, active developers.",True,7,11,6374,1410127200
10001331,449711,7656119857338194,Overrated game. Story is weak and servers lag constantly.,False,2,0,9676,1555884000
10001332,395577,7656119810559083,"Full of bugs, crashes on startup after recent update.",False,89,0,3696,1778623200
10001333,588308,7656119837361621,"Solid mechanics, great performance, active developers.",True,2,0,11740,1607468400
10001334,628581,7656119859513859,"Full of bugs, crashes on startup after recent update.",False,7,0,14707,1632780000
10001335,102045,7656119871008385,Poor optimization and awful monetization system.,False,6,0,3294,1763852400
10001336,778971,7656119898414187,"Solid mechanics, great performance, active developers.",True,68,44,7566,1770505200
10001337,662089,7656119842075985,Too repetitive and expensive for the amount of content.,False,4,0,1602,1591567200
10001338,449141,7656119810891041,Absolute masterpiece! Spent over 200 hours in this game.,True,6,0,11076,1712786400
10001339,541989,7656119873515097,Poor optimization and awful monetization system.,False,5,0,873,1726351200
10001340,601086,7656119890466449,Poor optimization and awful monetization system.,False,4,0,13981,1664143200
10001341,983329,7656119896543196,One of the best indie games I have played this year.,True,2,0,9114,1604271600
10001342,950051,7656119862596284,10/10 worth every cent. Must buy during Steam sales!,True,1,0,1271,1493071200
10001343,363398,7656119853856306,"Great gameplay, amazing soundtrack, highly recommended!",True,8,0,16,1771369200
10001344,304958,7656119882537654,One of the best indie games I have played this year.,True,0,0,2813,1629669600
10001345,369295,7656119822567307,"Solid mechanics, great performance, active developers.",True,0,0,1302,1665871200
10001346,690366,7656119822367712,One of the best indie games I have played this year.,True,8,0,158,1754863200
10001347,600514,7656119865404868,"Great gameplay, amazing soundtrack, highly recommended!",True,5,0,11111,1633644000
10001348,355639,7656119877915832,Poor optimization and awful monetization system.,False,2,0,2230,1785708000
10001349,903416,7656119874491429,10/10 worth every cent. Must buy during Steam sales!,True,4,0,14716,1754863200
10001350,507324,7656119851049972,Too repetitive and expensive for the amount of content.,False,9,0,404,1749765600
10001351,358325,7656119876061591,"Not recommended in its current state, wait for patches.",False,66,0,7299,1553382000
10001352,630847,7656119890445590,One of the best indie games I have played this year.,True,2,0,2372,1761343200
10001353,650224,7656119884493943,"Full of bugs, crashes on startup after recent update.",False,4,0,11464,1743544800
10001354,590077,7656119879427113,"Great gameplay, amazing soundtrack, highly recommended!",True,1,0,9750,1487977200
10001355,703646,7656119880169658,Absolute masterpiece! Spent over 200 hours in this game.,True,1,0,8289,1575932400
10001356,447813,7656119880520362,Poor optimization and awful monetization system.,False,7,0,2426,1617314400
10001357,228079,7656119872160726,"Solid mechanics, great performance, active developers.",True,7,0,11018,1687816800
10001358,812156,7656119864618491,Absolute masterpiece! Spent over 200 hours in this game.,True,150,0,14647,1774393200
10001359,885209,7656119881384573,"Great gameplay, amazing soundtrack, highly recommended!",True,7,0,5361,1779573600
10001360,809680,7656119835714845,"Solid mechanics, great performance, active developers.",True,4,12,13594,1715896800
10001361,943946,7656119833548880,One of the best indie games I have played this year.,True,220,0,7244,1685484000
10001362,721258,7656119826428365,"Great gameplay, amazing soundtrack, highly recommended!",True,42,0,14956,1737673200
10001363,573085,7656119835665649,"Great gameplay, amazing soundtrack, highly recommended!",True,2,0,9875,1453676400
10001364,922684,7656119851988678,10/10 worth every cent. Must buy during Steam sales!,True,7,6,1927,1615071600
10001365,369053,7656119854101955,"Solid mechanics, great performance, active developers.",True,3,0,6615,1449356400
10001366,551101,7656119846086687,One of the best indie games I have played this year.,True,190,0,7783,1618696800
10001367,373986,7656119858925271,10/10 worth every cent. Must buy during Steam sales!,True,8,0,9360,1752098400
10001368,897489,7656119827944796,10/10 worth every cent. Must buy during Steam sales!,True,38,0,1246,1503439200
10001369,884885,7656119867952552,Absolute masterpiece! Spent over 200 hours in this game.,True,7,0,477,1749765600
10001370,765415,7656119851049972,"Great gameplay, amazing soundtrack, highly recommended!",True,0,0,3379,1704754800
10001371,886381,7656119874650013,10/10 worth every cent. Must buy during Steam sales!,True,42,32,2564,1776722400
10001372,682191,7656119883567535,"Not recommended in its current state, wait for patches.",False,217,0,4960,1611529200
10001373,738297,7656119816146243,One of the best indie games I have played this year.,True,102,0,3354,1516057200
10001374,775847,7656119876830108,"Not recommended in its current state, wait for patches.",False,7,0,13289,1524175200
10001375,463737,7656119893289797,Absolute masterpiece! Spent over 200 hours in this game.,True,1,0,14674,1635199200
10001376,580402,7656119864233727,"Solid mechanics, great performance, active developers.",True,2,0,13142,1753999200
10001377,608581,7656119889053016,"Solid mechanics, great performance, active developers.",True,4,0,806,1489359600
10001378,238975,7656119824827289,One of the best indie games I have played this year.,True,152,0,3367,1712181600
10001379,442777,7656119842137754,Overrated game. Story is weak and servers lag constantly.,False,2,0,11215,1663365600
10001380,829462,7656119816720320,One of the best indie games I have played this year.,True,147,0,9192,1727820000
10001381,479104,7656119845560463,"Great gameplay, amazing soundtrack, highly recommended!",True,2,0,2796,1650578400
10001382,932173,7656119815713788,10/10 worth every cent. Must buy during Steam sales!,True,92,10,10056,1664661600
10001383,467100,7656119880081311,"Solid mechanics, great performance, active developers.",True,3,39,12253,1741474800
10001384,512661,7656119821211719,Overrated game. Story is weak and servers lag constantly.,False,1,0,7039,1744581600
10001385,291387,7656119865900420,Absolute masterpiece! Spent over 200 hours in this game.,True,7,6,7527,1573167600
10001386,449141,7656119896382621,"Solid mechanics, great performance, active developers.",True,10,0,5072,1383778800
10001387,932173,7656119832339403,One of the best indie games I have played this year.,True,9,0,417,1442268000
10001388,524765,7656119852468148,"Full of bugs, crashes on startup after recent update.",False,5,21,477,1580166000
10001389,934527,7656119838137885,"Full of bugs, crashes on startup after recent update.",False,5,0,11002,1661983200
10001390,988019,7656119865435870,"Great gameplay, amazing soundtrack, highly recommended!",True,10,0,3136,1585778400
10001391,721258,7656119848427828,Absolute masterpiece! Spent over 200 hours in this game.,True,3,0,4000,1420930800
10001392,667966,7656119898414187,Too repetitive and expensive for the amount of content.,False,10,27,973,1674428400
10001393,829462,7656119865663140,One of the best indie games I have played this year.,True,9,0,222,1612998000
10001394,677743,7656119880272341,"Solid mechanics, great performance, active developers.",True,7,0,370,1785535200
10001395,921237,7656119877019316,"Solid mechanics, great performance, active developers.",True,5,0,9121,1726264800
10001396,421226,7656119890986656,10/10 worth every cent. Must buy during Steam sales!,True,9,0,4548,1708729200
10001397,738297,7656119864618491,10/10 worth every cent. Must buy during Steam sales!,True,1,0,10039,1666389600
10001398,463737,7656119843623023,"Not recommended in its current state, wait for patches.",False,3,0,11494,1455663600
10001399,988019,7656119828189105,10/10 worth every cent. Must buy during Steam sales!,True,63,0,9378,1694901600
10001400,108169,7656119864377981,10/10 worth every cent. Must buy during Steam sales!,True,238,0,6503,1581030000
10001401,201051,7656119812958909,One of the best indie games I have played this year.,True,15,0,2228,1526767200
10001402,148999,7656119847798085,Poor optimization and awful monetization system.,False,2,0,10473,1753653600
10001403,773642,7656119826061046,Absolute masterpiece! Spent over 200 hours in this game.,True,4,0,5655,1692136800
10001404,860996,7656119869406464,"Not recommended in its current state, wait for patches.",False,20,43,4890,1631829600
10001405,584962,7656119864808613,10/10 worth every cent. Must buy during Steam sales!,True,5,12,11657,1409695200
10001406,682191,7656119821933561,"Not recommended in its current state, wait for patches.",False,170,0,6051,1759183200
10001407,573085,7656119832339403,Poor optimization and awful monetization system.,False,6,0,3036,1598479200
10001408,281156,7656119894699981,10/10 worth every cent. Must buy during Steam sales!,True,8,0,3540,1726524000
10001409,794625,7656119810751777,10/10 worth every cent. Must buy during Steam sales!,True,4,34,6895,1729202400
10001410,822976,7656119894863746,Too repetitive and expensive for the amount of content.,False,8,12,10953,1456700400
10001411,551309,7656119887566987,"Solid mechanics, great performance, active developers.",True,1,47,13501,1691964000
10001412,524765,7656119899491469,Overrated game. Story is weak and servers lag constantly.,False,10,3,4605,1473804000
10001413,454799,7656119849531916,"Great gameplay, amazing soundtrack, highly recommended!",True,9,0,99,1701126000
10001414,253587,7656119899425013,"Great gameplay, amazing soundtrack, highly recommended!",True,4,0,11479,1733785200
10001415,659434,7656119868314392,"Solid mechanics, great performance, active developers.",True,7,0,3200,1536616800
10001416,903416,7656119823845941,10/10 worth every cent. Must buy during Steam sales!,True,9,0,2109,1775167200
10001417,369932,7656119811005666,"Not recommended in its current state, wait for patches.",False,80,26,12853,1659823200
10001418,563124,7656119818503806,One of the best indie games I have played this year.,True,8,0,147,1394146800
10001419,307380,7656119870709446,Absolute masterpiece! Spent over 200 hours in this game.,True,0,0,3365,1573686000
10001420,886381,7656119880326690,10/10 worth every cent. Must buy during Steam sales!,True,7,0,133,1730242800
10001421,394090,7656119861049092,One of the best indie games I have played this year.,True,4,23,13738,1732057200
10001422,423916,7656119834349710,One of the best indie games I have played this year.,True,3,0,14341,1723586400
10001423,666065,7656119852938869,10/10 worth every cent. Must buy during Steam sales!,True,8,0,10855,1753135200
10001424,777304,7656119838235459,10/10 worth every cent. Must buy during Steam sales!,True,176,0,14697,1774220400
10001425,355639,7656119891777515,Too repetitive and expensive for the amount of content.,False,8,0,8894,1785448800
10001426,229202,7656119838152141,"Solid mechanics, great performance, active developers.",True,2,10,1195,1771974000
10001427,312186,7656119833697206,"Solid mechanics, great performance, active developers.",True,5,0,14147,1419030000
10001428,364851,7656119888689297,One of the best indie games I have played this year.,True,3,0,11659,1493848800
10001429,180835,7656119896566356,"Great gameplay, amazing soundtrack, highly recommended!",True,246,0,14082,1732662000
10001430,364851,7656119856998490,One of the best indie games I have played this year.,True,56,41,979,1497477600
10001431,449141,7656119825549563,One of the best indie games I have played this year.,True,7,0,7125,1521759600
10001432,390188,7656119851951827,One of the best indie games I have played this year.,True,172,0,4872,1605567600
10001433,524765,7656119833007121,One of the best indie games I have played this year.,True,2,0,6150,1484434800
10001434,928141,7656119884458526,Poor optimization and awful monetization system.,False,226,0,4070,1643410800
10001435,621239,7656119896122897,One of the best indie games I have played this year.,True,50,0,14222,1753394400
10001436,569280,7656119885371152,Poor optimization and awful monetization system.,False,9,0,11652,1610146800
10001437,132182,7656119822076203,10/10 worth every cent. Must buy during Steam sales!,True,225,0,5254,1702335600
10001438,932173,7656119898987118,Poor optimization and awful monetization system.,False,0,0,10772,1784498400
10001439,754888,7656119867638428,"Not recommended in its current state, wait for patches.",False,71,0,9872,1521068400
10001440,681592,7656119867724892,"Great gameplay, amazing soundtrack, highly recommended!",True,195,0,1063,1561068000
10001441,645423,7656119818772180,Absolute masterpiece! Spent over 200 hours in this game.,True,6,0,10174,1666389600
10001442,555728,7656119837598333,"Solid mechanics, great performance, active developers.",True,8,0,9228,1784930400
10001443,766548,7656119821694125,"Great gameplay, amazing soundtrack, highly recommended!",True,30,0,12126,1701385200
10001444,107961,7656119873883291,One of the best indie games I have played this year.,True,137,0,5605,1677106800
10001445,479104,7656119875948431,10/10 worth every cent. Must buy during Steam sales!,True,5,47,1756,1663538400
10001446,461082,7656119880326690,Overrated game. Story is weak and servers lag constantly.,False,8,39,1545,1597442400
10001447,278648,7656119883062276,10/10 worth every cent. Must buy during Steam sales!,True,10,0,7872,1738450800
10001448,373986,7656119899237211,"Solid mechanics, great performance, active developers.",True,139,0,12514,1760997600
10001449,943439,7656119873571210,"Solid mechanics, great performance, active developers.",True,5,0,10757,1629756000
10001450,563124,7656119893292506,"Solid mechanics, great performance, active developers.",True,4,0,5750,1397512800
10001451,395577,7656119838489180,"Solid mechanics, great performance, active developers.",True,101,36,12149,1524607200
10001452,724178,7656119874553978,10/10 worth every cent. Must buy during Steam sales!,True,9,0,8574,1527890400
10001453,167100,7656119895350510,Absolute masterpiece! Spent over 200 hours in this game.,True,9,0,13046,1543618800
10001454,784271,7656119874925981,One of the best indie games I have played this year.,True,7,0,13629,1416956400
10001455,320738,7656119880179362,"Full of bugs, crashes on startup after recent update.",False,10,0,6946,1759528800
10001456,773642,7656119881509951,"Solid mechanics, great performance, active developers.",True,3,0,13771,1704754800
10001457,678655,7656119892416189,"Great gameplay, amazing soundtrack, highly recommended!",True,10,0,1166,1729893600
10001458,869859,7656119885278627,Absolute masterpiece! Spent over 200 hours in this game.,True,2,0,6544,1600552800
10001459,859341,7656119874650013,One of the best indie games I have played this year.,True,49,0,6865,1756159200
10001460,328223,7656119857665199,10/10 worth every cent. Must buy during Steam sales!,True,2,0,4686,1771369200
10001461,960289,7656119819885877,Too repetitive and expensive for the amount of content.,False,203,0,9912,1613948400
10001462,769431,7656119821933561,One of the best indie games I have played this year.,True,17,0,1848,1686175200
10001463,756505,7656119828189105,Overrated game. Story is weak and servers lag constantly.,False,3,0,2512,1498341600
10001464,248073,7656119833697206,10/10 worth every cent. Must buy during Steam sales!,True,0,0,2731,1772665200
10001465,635657,7656119841245594,Poor optimization and awful monetization system.,False,4,0,8505,1606086000
10001466,483607,7656119850994457,Too repetitive and expensive for the amount of content.,False,173,0,5647,1601503200
10001467,931195,7656119858177516,Overrated game. Story is weak and servers lag constantly.,False,9,0,11513,1772665200
10001468,886856,7656119879079456,"Solid mechanics, great performance, active developers.",True,8,0,3814,1419980400
10001469,327570,7656119834288291,Poor optimization and awful monetization system.,False,10,0,4669,1739055600
10001470,120368,7656119820359431,10/10 worth every cent. Must buy during Steam sales!,True,1,0,10321,1726610400
10001471,238975,7656119853856306,10/10 worth every cent. Must buy during Steam sales!,True,6,0,1281,1605826800
10001472,710466,7656119881160827,"Solid mechanics, great performance, active developers.",True,5,0,2913,1598306400
10001473,365931,7656119897578580,10/10 worth every cent. Must buy during Steam sales!,True,6,22,3889,1669244400
10001474,148999,7656119869782916,"Great gameplay, amazing soundtrack, highly recommended!",True,127,0,4631,1760479200
10001475,777304,7656119843144183,Overrated game. Story is weak and servers lag constantly.,False,184,0,8509,1696024800
10001476,128872,7656119818832677,One of the best indie games I have played this year.,True,9,0,9163,1688162400
10001477,512023,7656119829979500,"Solid mechanics, great performance, active developers.",True,8,0,13694,1554242400
10001478,448714,7656119839568065,"Great gameplay, amazing soundtrack, highly recommended!",True,213,0,14415,1550098800
10001479,761898,7656119863961668,Absolute masterpiece! Spent over 200 hours in this game.,True,6,0,14467,1758492000
10001480,108169,7656119834314781,"Great gameplay, amazing soundtrack, highly recommended!",True,7,43,3389,1769036400
10001481,615496,7656119835427325,"Great gameplay, amazing soundtrack, highly recommended!",True,100,0,14433,1644274800
10001482,353862,7656119870460470,10/10 worth every cent. Must buy during Steam sales!,True,9,0,3524,1583017200
10001483,514322,7656119858584860,"Great gameplay, amazing soundtrack, highly recommended!",True,6,0,10303,1623880800
10001484,939106,7656119882540496,10/10 worth every cent. Must buy during Steam sales!,True,6,0,4818,1470002400
10001485,108633,7656119818630297,"Solid mechanics, great performance, active developers.",True,8,0,14090,1473976800
10001486,205054,7656119862017981,Poor optimization and awful monetization system.,False,7,0,8104,1617400800
10001487,835952,7656119869782916,"Full of bugs, crashes on startup after recent update.",False,4,0,8104,1733266800
10001488,653999,7656119851137461,"Solid mechanics, great performance, active developers.",True,4,0,8348,1696543200
10001489,851097,7656119850341397,10/10 worth every cent. Must buy during Steam sales!,True,4,0,11341,1752616800
10001490,302920,7656119812836733,Absolute masterpiece! Spent over 200 hours in this game.,True,1,0,9598,1756591200
10001491,843949,7656119859112772,Absolute masterpiece! Spent over 200 hours in this game.,True,8,0,4769,1674428400
10001492,800614,7656119878714999,One of the best indie games I have played this year.,True,9,0,9365,1782511200
10001493,531421,7656119854879837,"Not recommended in its current state, wait for patches.",False,126,0,12167,1784152800
10001494,869859,7656119858369020,Absolute masterpiece! Spent over 200 hours in this game.,True,4,0,386,1719266400
10001495,939106,7656119841419144,Absolute masterpiece! Spent over 200 hours in this game.,True,5,0,6504,1663452000
10001496,709172,7656119870357887,Absolute masterpiece! Spent over 200 hours in this game.,True,42,0,6813,1612393200
10001497,800614,7656119836373455,10/10 worth every cent. Must buy during Steam sales!,True,5,0,14421,1774738800
10001498,166593,7656119810483133,"Solid mechanics, great performance, active developers.",True,250,0,12856,1692223200
10001499,364851,7656119862764077,10/10 worth every cent. Must buy during Steam sales!,True,0,29,3809,1602367200
10001500,228079,7656119881384573,One of the best indie games I have played this year.,True,237,0,9557,1653602400
10001501,289227,7656119829821265,One of the best indie games I have played this year.,True,1,0,2659,1754690400
10001502,551309,7656119810751777,Absolute masterpiece! Spent over 200 hours in this game.,True,4,0,7070,1598911200
10001503,666065,7656119824587682,"Not recommended in its current state, wait for patches.",False,2,42,6500,1470348000
10001504,532383,7656119896781972,"Not recommended in its current state, wait for patches.",False,10,0,1385,1701212400
10001505,512399,7656119847738926,"Solid mechanics, great performance, active developers.",True,145,40,5895,1738623600
10001506,353862,7656119891237182,Too repetitive and expensive for the amount of content.,False,6,0,7465,1710802800
10001507,873433,7656119892296861,"Great gameplay, amazing soundtrack, highly recommended!",True,50,0,5352,1558476000
10001508,688444,7656119889155610,"Solid mechanics, great performance, active developers.",True,105,0,11909,1705532400
10001509,703646,7656119856082135,"Solid mechanics, great performance, active developers.",True,189,0,13315,1508277600
10001510,455604,7656119890441277,10/10 worth every cent. Must buy during Steam sales!,True,6,0,8229,1774393200
10001511,120706,7656119881821998,Absolute masterpiece! Spent over 200 hours in this game.,True,4,0,5610,1608332400
10001512,120804,7656119854746532,10/10 worth every cent. Must buy during Steam sales!,True,4,0,6554,1712008800
10001513,528112,7656119819224674,10/10 worth every cent. Must buy during Steam sales!,True,8,0,6039,1713823200
10001514,449141,7656119820505700,10/10 worth every cent. Must buy during Steam sales!,True,244,0,7294,1452121200
10001515,630847,7656119875338404,One of the best indie games I have played this year.,True,249,0,5802,1636585200
10001516,469090,7656119855081883,One of the best indie games I have played this year.,True,8,0,2484,1576882800
10001517,769431,7656119870144577,Overrated game. Story is weak and servers lag constantly.,False,1,0,3642,1650319200
10001518,366448,7656119848541929,"Full of bugs, crashes on startup after recent update.",False,4,0,343,1723932000
10001519,408349,7656119855091096,"Solid mechanics, great performance, active developers.",True,39,0,8441,1744149600
10001520,672581,7656119825548192,"Solid mechanics, great performance, active developers.",True,9,0,3898,1727992800
10001521,107961,7656119829324655,"Solid mechanics, great performance, active developers.",True,8,0,1509,1739487600
10001522,784271,7656119881160827,Absolute masterpiece! Spent over 200 hours in this game.,True,2,0,6982,1647817200
10001523,507324,7656119856146502,"Solid mechanics, great performance, active developers.",True,2,0,14608,1764025200
10001524,448444,7656119822900026,Overrated game. Story is weak and servers lag constantly.,False,4,11,4287,1767654000
10001525,820820,7656119827944796,"Solid mechanics, great performance, active developers.",True,1,0,9499,1703977200
10001526,843949,7656119818772180,Poor optimization and awful monetization system.,False,7,0,7521,1735599600
10001527,292168,7656119893250830,"Not recommended in its current state, wait for patches.",False,5,0,14912,1684706400
10001528,485204,7656119882676069,Too repetitive and expensive for the amount of content.,False,4,26,13365,1777413600
10001529,512023,7656119880169658,"Not recommended in its current state, wait for patches.",False,7,0,801,1782597600
10001530,939106,7656119868551895,"Great gameplay, amazing soundtrack, highly recommended!",True,3,0,4174,1755554400
10001531,127275,7656119813024169,10/10 worth every cent. Must buy during Steam sales!,True,8,0,2762,1446073200
10001532,411344,7656119811005666,Too repetitive and expensive for the amount of content.,False,0,0,808,1664920800
10001533,886856,7656119852844412,10/10 worth every cent. Must buy during Steam sales!,True,161,0,12300,1560204000
10001534,307380,7656119885906677,"Solid mechanics, great performance, active developers.",True,8,15,12349,1660168800
10001535,138126,7656119823935970,Overrated game. Story is weak and servers lag constantly.,False,207,0,2977,1579388400
10001536,847065,7656119834164185,"Full of bugs, crashes on startup after recent update.",False,1,0,13376,1684274400
10001537,128837,7656119890944634,Overrated game. Story is weak and servers lag constantly.,False,7,0,13181,1744063200
10001538,761716,7656119852455947,"Full of bugs, crashes on startup after recent update.",False,4,0,3645,1538172000
10001539,327447,7656119841076682,"Great gameplay, amazing soundtrack, highly recommended!",True,8,0,4376,1592517600
10001540,587463,7656119859856854,Too repetitive and expensive for the amount of content.,False,20,0,3546,1728338400
10001541,467100,7656119862129353,"Solid mechanics, great performance, active developers.",True,154,0,14979,1698706800
10001542,854608,7656119812037236,"Solid mechanics, great performance, active developers.",True,1,0,14097,1484521200
10001543,563124,7656119897578580,10/10 worth every cent. Must buy during Steam sales!,True,8,0,3681,1735686000
10001544,794625,7656119829954005,Absolute masterpiece! Spent over 200 hours in this game.,True,4,0,7325,1762642800
10001545,727193,7656119821415620,"Full of bugs, crashes on startup after recent update.",False,23,0,1744,1678748400
10001546,118238,7656119849129617,Poor optimization and awful monetization system.,False,1,0,7851,1703890800
10001547,754888,7656119894863746,Absolute masterpiece! Spent over 200 hours in this game.,True,6,0,5119,1512687600
10001548,180835,7656119818616598,Absolute masterpiece! Spent over 200 hours in this game.,True,6,0,4009,1717797600
10001549,285867,7656119874767216,"Full of bugs, crashes on startup after recent update.",False,27,0,5571,1589752800
10001550,709087,7656119842137754,Too repetitive and expensive for the amount of content.,False,102,0,4183,1455231600
10001551,984846,7656119829016396,10/10 worth every cent. Must buy during Steam sales!,True,7,0,9769,1749074400
10001552,617901,7656119834240244,Overrated game. Story is weak and servers lag constantly.,False,218,43,5163,1498687200
10001553,128837,7656119820529992,Overrated game. Story is weak and servers lag constantly.,False,37,0,10554,1764457200
10001554,211995,7656119855827867,10/10 worth every cent. Must buy during Steam sales!,True,1,0,7669,1649196000
10001555,528112,7656119837897808,One of the best indie games I have played this year.,True,81,0,249,1644793200
10001556,843949,7656119875338404,Absolute masterpiece! Spent over 200 hours in this game.,True,200,0,593,1677798000
10001557,619673,7656119875727361,10/10 worth every cent. Must buy during Steam sales!,True,0,0,11752,1723327200
10001558,369295,7656119879778551,"Solid mechanics, great performance, active developers.",True,0,0,11230,1561500000
10001559,931793,7656119854925951,"Great gameplay, amazing soundtrack, highly recommended!",True,1,0,4920,1733526000
10001560,455604,7656119821125343,"Full of bugs, crashes on startup after recent update.",False,41,0,14799,1717192800
10001561,512661,7656119870344756,Too repetitive and expensive for the amount of content.,False,5,0,2220,1708383600
10001562,925370,7656119836820132,"Solid mechanics, great performance, active developers.",True,0,0,12150,1722981600
10001563,148999,7656119881667138,Overrated game. Story is weak and servers lag constantly.,False,5,0,5226,1781733600
10001564,932173,7656119829954005,10/10 worth every cent. Must buy during Steam sales!,True,0,32,7802,1694124000
10001565,603181,7656119864268549,Poor optimization and awful monetization system.,False,6,0,2954,1730934000
10001566,229202,7656119812211816,"Not recommended in its current state, wait for patches.",False,5,38,675,1769554800
10001567,659434,7656119894094616,One of the best indie games I have played this year.,True,3,0,3459,1566511200
10001568,687354,7656119876194640,"Solid mechanics, great performance, active developers.",True,85,0,5109,1478473200
10001569,453113,7656119890062170,"Great gameplay, amazing soundtrack, highly recommended!",True,250,0,6605,1702335600
10001570,289227,7656119823623979,Absolute masterpiece! Spent over 200 hours in this game.,True,193,0,566,1732834800
10001571,260815,7656119890843705,"Not recommended in its current state, wait for patches.",False,1,0,3727,1774479600
10001572,727676,7656119855961760,Absolute masterpiece! Spent over 200 hours in this game.,True,75,0,7354,1786399200
10001573,769431,7656119865922856,10/10 worth every cent. Must buy during Steam sales!,True,2,0,3863,1634335200
10001574,854608,7656119876254048,"Solid mechanics, great performance, active developers.",True,108,0,7475,1470693600
10001575,677743,7656119845599177,"Great gameplay, amazing soundtrack, highly recommended!",True,1,30,9332,1672182000
10001576,884885,7656119844298346,"Solid mechanics, great performance, active developers.",True,6,0,13325,1774047600
10001577,777304,7656119821125343,"Not recommended in its current state, wait for patches.",False,3,0,4344,1747605600
10001578,384826,7656119835802687,Overrated game. Story is weak and servers lag constantly.,False,9,0,10153,1607641200
10001579,325690,7656119828951640,Absolute masterpiece! Spent over 200 hours in this game.,True,172,0,8749,1701298800
10001580,525700,7656119870818783,"Not recommended in its current state, wait for patches.",False,5,0,3363,1744408800
10001581,716238,7656119842933598,"Not recommended in its current state, wait for patches.",False,143,0,1218,1770246000
10001582,588308,7656119837011987,"Solid mechanics, great performance, active developers.",True,4,12,9094,1756764000
10001583,423916,7656119847738926,Too repetitive and expensive for the amount of content.,False,2,0,7900,1708556400
10001584,559452,7656119882263020,Absolute masterpiece! Spent over 200 hours in this game.,True,130,0,2548,1723672800
10001585,107961,7656119855708507,"Solid mechanics, great performance, active developers.",True,56,0,13877,1727560800
10001586,859341,7656119871392237,"Full of bugs, crashes on startup after recent update.",False,151,0,11205,1714514400
10001587,869859,7656119877915832,"Not recommended in its current state, wait for patches.",False,6,0,4695,1736982000
10001588,293203,7656119844467546,"Full of bugs, crashes on startup after recent update.",False,10,0,7470,1565215200
10001589,354548,7656119864579932,"Great gameplay, amazing soundtrack, highly recommended!",True,2,50,3747,1785621600
10001590,449711,7656119850946502,Overrated game. Story is weak and servers lag constantly.,False,5,0,9797,1534370400
10001591,653999,7656119820600395,One of the best indie games I have played this year.,True,10,0,2434,1628028000
10001592,390188,7656119873883291,"Full of bugs, crashes on startup after recent update.",False,36,0,12832,1726178400
10001593,682191,7656119875265953,"Full of bugs, crashes on startup after recent update.",False,4,0,6736,1757541600
10001594,859341,7656119843058064,Overrated game. Story is weak and servers lag constantly.,False,77,0,11957,1748556000
10001595,205054,7656119854606124,10/10 worth every cent. Must buy during Steam sales!,True,19,0,10251,1589925600
10001596,613859,7656119834703912,One of the best indie games I have played this year.,True,117,0,710,1681855200
10001597,390188,7656119843144183,"Great gameplay, amazing soundtrack, highly recommended!",True,160,0,5035,1698012000
10001598,775847,7656119810751777,"Not recommended in its current state, wait for patches.",False,174,0,1461,1525903200
10001599,180835,7656119820595243,"Great gameplay, amazing soundtrack, highly recommended!",True,120,23,4154,1707346800
10001600,253587,7656119862945280,Absolute masterpiece! Spent over 200 hours in this game.,True,5,0,9863,1632175200
10001601,402015,7656119855827867,10/10 worth every cent. Must buy during Steam sales!,True,0,0,12376,1674860400
10001602,800614,7656119885233093,10/10 worth every cent. Must buy during Steam sales!,True,8,0,11312,1776722400
10001603,943946,7656119815992164,Too repetitive and expensive for the amount of content.,False,36,40,14948,1495922400
10001604,448714,7656119828699359,"Great gameplay, amazing soundtrack, highly recommended!",True,3,0,4563,1608332400
10001605,829462,7656119898309460,Absolute masterpiece! Spent over 200 hours in this game.,True,9,0,14684,1739401200
10001606,532369,7656119851648767,"Solid mechanics, great performance, active developers.",True,9,0,12815,1658872800
10001607,619878,7656119819885877,Too repetitive and expensive for the amount of content.,False,0,0,6128,1772924400
10001608,931793,7656119874959968,"Solid mechanics, great performance, active developers.",True,8,0,1784,1685138400
10001609,354548,7656119851613513,"Solid mechanics, great performance, active developers.",True,184,0,13582,1737673200
10001610,366448,7656119885906677,"Not recommended in its current state, wait for patches.",False,6,0,7019,1778968800
10001611,784271,7656119863287624,"Great gameplay, amazing soundtrack, highly recommended!",True,4,0,8027,1671145200
10001612,590077,7656119877532430,10/10 worth every cent. Must buy during Steam sales!,True,10,0,14547,1535839200
10001613,402015,7656119849168104,"Great gameplay, amazing soundtrack, highly recommended!",True,6,6,7277,1760220000
10001614,505482,7656119842067830,"Solid mechanics, great performance, active developers.",True,4,0,7387,1773270000
10001615,359033,7656119884728228,One of the best indie games I have played this year.,True,7,0,9464,1654380000
10001616,122727,7656119864268549,One of the best indie games I have played this year.,True,4,0,7761,1638572400
10001617,884885,7656119812636483,One of the best indie games I have played this year.,True,4,0,6959,1736895600
10001618,421226,7656119830711293,"Solid mechanics, great performance, active developers.",True,3,0,6218,1574722800
10001619,102045,7656119890441803,Absolute masterpiece! Spent over 200 hours in this game.,True,7,47,10661,1782597600
10001620,588308,7656119851613513,One of the best indie games I have played this year.,True,1,5,9116,1588024800
10001621,432150,7656119858332699,Absolute masterpiece! Spent over 200 hours in this game.,True,10,0,1240,1781301600
10001622,449532,7656119889053016,Absolute masterpiece! Spent over 200 hours in this game.,True,2,0,13146,1747951200
10001623,668586,7656119847066557,"Full of bugs, crashes on startup after recent update.",False,95,0,12030,1694815200
10001624,668144,7656119815493533,Absolute masterpiece! Spent over 200 hours in this game.,True,1,0,6383,1726696800
10001625,796684,7656119811401014,"Solid mechanics, great performance, active developers.",True,2,0,14992,1776895200
10001626,118121,7656119894699981,10/10 worth every cent. Must buy during Steam sales!,True,9,0,5032,1707606000
10001627,648717,7656119824413460,Absolute masterpiece! Spent over 200 hours in this game.,True,87,0,4868,1784757600
10001628,742800,7656119894515978,"Solid mechanics, great performance, active developers.",True,4,0,1271,1649541600
10001629,394090,7656119819583529,"Solid mechanics, great performance, active developers.",True,4,45,3890,1765494000
10001630,267886,7656119864618491,Absolute masterpiece! Spent over 200 hours in this game.,True,114,0,3672,1733698800
10001631,102045,7656119864685571,"Solid mechanics, great performance, active developers.",True,75,0,1251,1756850400
10001632,312186,7656119898691157,Too repetitive and expensive for the amount of content.,False,6,0,3099,1464213600
10001633,738297,7656119880326690,Overrated game. Story is weak and servers lag constantly.,False,111,0,12379,1510354800
10001634,816259,7656119887984259,"Not recommended in its current state, wait for patches.",False,5,21,6085,1702335600
10001635,610526,7656119861457269,"Not recommended in its current state, wait for patches.",False,2,0,7133,1636844400
10001636,411344,7656119889334151,One of the best indie games I have played this year.,True,10,0,1569,1763074800
10001637,461082,7656119858124675,Absolute masterpiece! Spent over 200 hours in this game.,True,99,0,7059,1676156400
10001638,290060,7656119816715687,Too repetitive and expensive for the amount of content.,False,92,0,3943,1502488800
10001639,614098,7656119857675029,Absolute masterpiece! Spent over 200 hours in this game.,True,4,38,9169,1700175600
10001640,826309,7656119851477302,Absolute masterpiece! Spent over 200 hours in this game.,True,10,0,80,1655416800
10001641,353862,7656119884493943,Absolute masterpiece! Spent over 200 hours in this game.,True,7,31,4654,1526940000
10001642,100495,7656119873269037,"Great gameplay, amazing soundtrack, highly recommended!",True,231,0,10686,1745272800
10001643,569280,7656119839042149,"Full of bugs, crashes on startup after recent update.",False,7,0,14713,1740006000
10001644,229069,7656119834213640,"Great gameplay, amazing soundtrack, highly recommended!",True,4,0,2236,1731366000
10001645,666103,7656119826100744,Absolute masterpiece! Spent over 200 hours in this game.,True,9,0,6608,1710630000
10001646,624567,7656119833956418,Poor optimization and awful monetization system.,False,6,0,4339,1763593200
10001647,939106,7656119883197469,"Solid mechanics, great performance, active developers.",True,9,0,6492,1519686000
10001648,293203,7656119889698426,"Solid mechanics, great performance, active developers.",True,7,2,8538,1759442400
10001649,662089,7656119836627865,Absolute masterpiece! Spent over 200 hours in this game.,True,9,0,10613,1573513200
10001650,922415,7656119865663140,Overrated game. Story is weak and servers lag constantly.,False,1,0,1219,1489878000
10001651,903416,7656119810751777,"Full of bugs, crashes on startup after recent update.",False,7,13,13476,1745877600
10001652,615496,7656119820600395,"Full of bugs, crashes on startup after recent update.",False,1,46,8584,1718834400
10001653,941476,7656119891047569,Absolute masterpiece! Spent over 200 hours in this game.,True,2,0,10230,1749506400
10001654,580402,7656119880520362,Absolute masterpiece! Spent over 200 hours in this game.,True,16,0,1364,1773010800
10001655,408349,7656119858807097,"Solid mechanics, great performance, active developers.",True,179,0,11097,1721167200
10001656,635657,7656119812721176,"Great gameplay, amazing soundtrack, highly recommended!",True,0,0,10187,1598911200
10001657,707175,7656119810453864,Overrated game. Story is weak and servers lag constantly.,False,7,0,5067,1783202400
10001658,860996,7656119840721494,One of the best indie games I have played this year.,True,9,0,2718,1781474400
10001659,628777,7656119860871850,"Full of bugs, crashes on startup after recent update.",False,9,0,7958,1778796000
10001660,184481,7656119885371152,10/10 worth every cent. Must buy during Steam sales!,True,10,0,7284,1650492000
10001661,984846,7656119873321235,"Solid mechanics, great performance, active developers.",True,97,0,5689,1765234800
10001662,108169,7656119834631033,"Not recommended in its current state, wait for patches.",False,8,0,8659,1509055200
10001663,628581,7656119815232334,Absolute masterpiece! Spent over 200 hours in this game.,True,9,41,1965,1622844000
10001664,943946,7656119857249606,"Full of bugs, crashes on startup after recent update.",False,4,0,14314,1606345200
10001665,688444,7656119812211816,Overrated game. Story is weak and servers lag constantly.,False,228,0,12783,1608937200
10001666,924651,7656119833251139,10/10 worth every cent. Must buy during Steam sales!,True,5,0,6948,1770850800
10001667,572696,7656119846998004,"Great gameplay, amazing soundtrack, highly recommended!",True,2,0,9019,1770591600
10001668,201051,7656119865874989,"Full of bugs, crashes on startup after recent update.",False,5,0,8845,1710370800
10001669,813193,7656119815992164,"Great gameplay, amazing soundtrack, highly recommended!",True,2,44,2106,1729116000
10001670,263753,7656119825700013,"Not recommended in its current state, wait for patches.",False,73,0,8974,1693000800
10001671,532369,7656119845440051,One of the best indie games I have played this year.,True,0,44,691,1524175200
10001672,829462,7656119845747382,"Great gameplay, amazing soundtrack, highly recommended!",True,225,0,14316,1764370800
10001673,382076,7656119891053122,One of the best indie games I have played this year.,True,5,0,9764,1697493600
10001674,290060,7656119838306648,Too repetitive and expensive for the amount of content.,False,1,0,4521,1493589600
10001675,394090,7656119878834761,"Full of bugs, crashes on startup after recent update.",False,4,0,2582,1646694000
10001676,524765,7656119895787357,10/10 worth every cent. Must buy during Steam sales!,True,5,0,10128,1643929200
10001677,979600,7656119897230562,"Full of bugs, crashes on startup after recent update.",False,3,0,13233,1769641200
10001678,656976,7656119876172990,Poor optimization and awful monetization system.,False,8,0,12430,1609369200
10001679,584962,7656119861242566,Absolute masterpiece! Spent over 200 hours in this game.,True,2,0,7420,1391554800
10001680,105407,7656119857723816,"Great gameplay, amazing soundtrack, highly recommended!",True,7,0,12489,1739228400
10001681,402015,7656119865043608,10/10 worth every cent. Must buy during Steam sales!,True,8,0,431,1602194400
10001682,248073,7656119852445357,Too repetitive and expensive for the amount of content.,False,4,0,12425,1695938400
10001683,485204,7656119845884259,"Great gameplay, amazing soundtrack, highly recommended!",True,9,0,6059,1739746800
10001684,363398,7656119891047569,Too repetitive and expensive for the amount of content.,False,1,0,12054,1766271600
10001685,794625,7656119871108646,"Great gameplay, amazing soundtrack, highly recommended!",True,0,0,8007,1720908000
10001686,886856,7656119839339569,10/10 worth every cent. Must buy during Steam sales!,True,0,0,4735,1786226400
10001687,431977,7656119818364399,10/10 worth every cent. Must buy during Steam sales!,True,9,0,3714,1561845600
10001688,742800,7656119890139294,Too repetitive and expensive for the amount of content.,False,0,0,14188,1590876000
10001689,925370,7656119813724454,Absolute masterpiece! Spent over 200 hours in this game.,True,2,0,11441,1727560800
10001690,229069,7656119821757027,"Solid mechanics, great performance, active developers.",True,2,22,231,1781820000
10001691,682191,7656119852084727,One of the best indie games I have played this year.,True,6,0,539,1374789600
10001692,327447,7656119832106440,Absolute masterpiece! Spent over 200 hours in this game.,True,107,10,6024,1781992800
10001693,211995,7656119860912493,Overrated game. Story is weak and servers lag constantly.,False,89,0,2662,1568584800
10001694,905014,7656119815442861,Absolute masterpiece! Spent over 200 hours in this game.,True,7,0,10180,1657490400
10001695,225189,7656119854781120,10/10 worth every cent. Must buy during Steam sales!,True,0,0,10789,1772060400
10001696,995493,7656119865488462,"Solid mechanics, great performance, active developers.",True,0,0,2144,1587765600
10001697,699678,7656119857116187,Absolute masterpiece! Spent over 200 hours in this game.,True,0,0,11773,1509490800
10001698,285728,7656119890940167,Absolute masterpiece! Spent over 200 hours in this game.,True,1,0,10331,1676934000
10001699,293203,7656119896781972,Absolute masterpiece! Spent over 200 hours in this game.,True,9,46,1895,1702076400
10001700,355639,7656119880272341,"Great gameplay, amazing soundtrack, highly recommended!",True,9,0,14756,1728943200
10001701,587463,7656119818616598,"Solid mechanics, great performance, active developers.",True,9,0,1623,1764198000
10001702,598115,7656119810722911,10/10 worth every cent. Must buy during Steam sales!,True,95,0,6172,1709506800
10001703,826309,7656119834989758,10/10 worth every cent. Must buy during Steam sales!,True,7,0,10809,1772406000
10001704,532383,7656119810891041,"Great gameplay, amazing soundtrack, highly recommended!",True,9,0,14999,1736982000
10001705,320386,7656119835478687,Absolute masterpiece! Spent over 200 hours in this game.,True,5,46,4817,1662674400
10001706,699678,7656119819926192,Absolute masterpiece! Spent over 200 hours in this game.,True,3,0,12065,1534543200
10001707,505482,7656119892997324,One of the best indie games I have played this year.,True,6,0,9996,1685138400
10001708,925370,7656119875026854,"Great gameplay, amazing soundtrack, highly recommended!",True,0,0,6759,1716933600
10001709,851097,7656119878190093,Absolute masterpiece! Spent over 200 hours in this game.,True,6,28,8005,1758578400
10001710,528112,7656119873545725,Absolute masterpiece! Spent over 200 hours in this game.,True,207,0,10815,1644361200
10001711,479104,7656119863998888,"Full of bugs, crashes on startup after recent update.",False,143,17,10249,1597528800
10001712,600514,7656119842044885,One of the best indie games I have played this year.,True,72,2,10520,1613775600
10001713,272387,7656119848511343,Absolute masterpiece! Spent over 200 hours in this game.,True,2,0,9348,1679612400
10001714,627515,7656119899631044,Absolute masterpiece! Spent over 200 hours in this game.,True,4,0,5131,1700348400
10001715,359033,7656119843235251,Poor optimization and awful monetization system.,False,1,0,2479,1475964000
10001716,928141,7656119883772233,Overrated game. Story is weak and servers lag constantly.,False,10,0,7544,1655589600
10001717,177911,7656119835802687,"Solid mechanics, great performance, active developers.",True,7,0,2740,1639954800
10001718,943946,7656119870357887,One of the best indie games I have played this year.,True,3,0,11928,1524952800
10001719,874837,7656119871799052,10/10 worth every cent. Must buy during Steam sales!,True,9,0,5297,1666908000
10001720,492245,7656119866555236,Absolute masterpiece! Spent over 200 hours in this game.,True,2,0,7673,1662156000
10001721,484520,7656119842028546,One of the best indie games I have played this year.,True,1,0,8062,1750024800
10001722,428878,7656119859463677,"Solid mechanics, great performance, active developers.",True,2,28,6112,1605049200
10001723,180835,7656119820796679,One of the best indie games I have played this year.,True,31,0,1445,1684274400
10001724,382076,7656119899076864,Absolute masterpiece! Spent over 200 hours in this game.,True,6,0,13351,1727301600
10001725,850655,7656119832915897,"Great gameplay, amazing soundtrack, highly recommended!",True,189,0,2709,1689372000
10001726,375654,7656119831754449,"Great gameplay, amazing soundtrack, highly recommended!",True,6,27,6278,1621720800
10001727,239304,7656119825064840,Too repetitive and expensive for the amount of content.,False,35,0,2691,1746741600
10001728,569280,7656119844467546,"Not recommended in its current state, wait for patches.",False,9,0,8689,1529100000
10001729,617901,7656119858220748,One of the best indie games I have played this year.,True,0,0,7790,1633125600
10001730,347238,7656119890394733,Poor optimization and awful monetization system.,False,220,36,429,1778364000
10001731,851097,7656119825301971,"Great gameplay, amazing soundtrack, highly recommended!",True,10,0,14645,1755900000
10001732,115880,7656119865043608,"Not recommended in its current state, wait for patches.",False,35,0,12375,1486594800
10001733,854175,7656119834413032,10/10 worth every cent. Must buy during Steam sales!,True,3,0,8153,1668898800
10001734,532369,7656119871147136,Absolute masterpiece! Spent over 200 hours in this game.,True,6,15,10383,1639782000
10001735,932173,7656119812836733,Absolute masterpiece! Spent over 200 hours in this game.,True,9,0,306,1525730400
10001736,455604,7656119849129617,10/10 worth every cent. Must buy during Steam sales!,True,223,0,14376,1634335200
10001737,408323,7656119850142166,10/10 worth every cent. Must buy during Steam sales!,True,9,0,9439,1667343600
10001738,248073,7656119820033913,"Not recommended in its current state, wait for patches.",False,9,0,11577,1772146800
10001739,211995,7656119898075745,One of the best indie games I have played this year.,True,6,0,13601,1735167600
10001740,148999,7656119841776403,"Solid mechanics, great performance, active developers.",True,35,0,11351,1751320800
10001741,667812,7656119882836195,One of the best indie games I have played this year.,True,126,0,8235,1615503600
10001742,532383,7656119830074123,Too repetitive and expensive for the amount of content.,False,18,0,7548,1720389600
10001743,411344,7656119856120077,Poor optimization and awful monetization system.,False,3,0,13258,1706050800
10001744,285867,7656119814297724,Too repetitive and expensive for the amount of content.,False,5,0,14034,1607122800
10001745,528112,7656119815992164,Absolute masterpiece! Spent over 200 hours in this game.,True,2,0,3988,1655589600
10001746,551101,7656119838137885,"Not recommended in its current state, wait for patches.",False,6,0,14747,1646780400
10001747,210358,7656119868496329,One of the best indie games I have played this year.,True,4,49,857,1719871200
10001748,229202,7656119861590486,10/10 worth every cent. Must buy during Steam sales!,True,3,10,7158,1756418400
10001749,283450,7656119895840198,Too repetitive and expensive for the amount of content.,False,4,0,4476,1756591200
10001750,484520,7656119878017742,10/10 worth every cent. Must buy during Steam sales!,True,203,0,11859,1755986400
10001751,298321,7656119810722911,"Full of bugs, crashes on startup after recent update.",False,2,0,9096,1444600800
10001752,727676,7656119880110255,"Solid mechanics, great performance, active developers.",True,3,0,12311,1680472800
10001753,588308,7656119814777792,Absolute masterpiece! Spent over 200 hours in this game.,True,99,0,3139,1630792800
10001754,514322,7656119889982427,One of the best indie games I have played this year.,True,72,0,10977,1603144800
10001755,525700,7656119899969125,Poor optimization and awful monetization system.,False,1,0,7982,1626213600
10001756,505482,7656119891452087,Absolute masterpiece! Spent over 200 hours in this game.,True,5,0,5513,1748556000
10001757,809680,7656119878189100,10/10 worth every cent. Must buy during Steam sales!,True,10,0,4575,1626213600
10001758,416730,7656119873883291,"Solid mechanics, great performance, active developers.",True,231,11,8204,1748988000
10001759,972686,7656119857675029,"Solid mechanics, great performance, active developers.",True,0,0,6041,1741474800
10001760,455604,7656119877539481,Absolute masterpiece! Spent over 200 hours in this game.,True,0,0,6186,1491516000
10001761,979600,7656119829897768,"Solid mechanics, great performance, active developers.",True,2,0,4555,1761606000
10001762,328417,7656119819583529,"Not recommended in its current state, wait for patches.",False,2,0,13061,1581202800
10001763,512661,7656119879652092,Overrated game. Story is weak and servers lag constantly.,False,3,36,5163,1750716000
10001764,320738,7656119863789139,Absolute masterpiece! Spent over 200 hours in this game.,True,9,0,8176,1681855200
10001765,915050,7656119873746724,Absolute masterpiece! Spent over 200 hours in this game.,True,206,0,13152,1757800800
10001766,298321,7656119885830728,Poor optimization and awful monetization system.,False,98,0,825,1644447600
10001767,461082,7656119834989758,10/10 worth every cent. Must buy during Steam sales!,True,10,0,218,1687903200
10001768,573085,7656119861869871,Absolute masterpiece! Spent over 200 hours in this game.,True,4,0,9108,1661724000
10001769,224578,7656119861869871,Absolute masterpiece! Spent over 200 hours in this game.,True,6,0,9120,1742425200
10001770,531421,7656119825947932,Absolute masterpiece! Spent over 200 hours in this game.,True,98,0,1339,1565733600
10001771,447813,7656119826100744,"Not recommended in its current state, wait for patches.",False,0,18,11966,1745013600
10001772,544238,7656119861902722,Too repetitive and expensive for the amount of content.,False,6,0,8807,1781992800
10001773,455604,7656119899631044,"Solid mechanics, great performance, active developers.",True,138,0,3368,1663452000
10001774,688444,7656119857723816,Overrated game. Story is weak and servers lag constantly.,False,3,0,3665,1723586400
10001775,138126,7656119859832180,"Great gameplay, amazing soundtrack, highly recommended!",True,9,0,5915,1728770400
10001776,974174,7656119893396458,Poor optimization and awful monetization system.,False,1,40,13972,1455318000
10001777,880063,7656119890986656,"Solid mechanics, great performance, active developers.",True,1,0,10,1754863200
10001778,512399,7656119899237211,10/10 worth every cent. Must buy during Steam sales!,True,118,15,13319,1724191200
10001779,118121,7656119824265825,Poor optimization and awful monetization system.,False,250,0,4931,1527372000
10001780,453113,7656119890062170,10/10 worth every cent. Must buy during Steam sales!,True,85,0,12350,1621893600
10001781,939106,7656119888179325,Poor optimization and awful monetization system.,False,1,0,12200,1477778400
10001782,160015,7656119881329359,Too repetitive and expensive for the amount of content.,False,47,0,11464,1783893600
10001783,559452,7656119845614461,Absolute masterpiece! Spent over 200 hours in this game.,True,5,44,13648,1758319200
10001784,710466,7656119848427828,One of the best indie games I have played this year.,True,235,0,10597,1633816800
10001785,668586,7656119862252284,"Solid mechanics, great performance, active developers.",True,3,34,4164,1736636400
10001786,813193,7656119828189105,10/10 worth every cent. Must buy during Steam sales!,True,10,0,4749,1716242400
10001787,648717,7656119898062086,One of the best indie games I have played this year.,True,123,0,7573,1717020000
10001788,263753,7656119850968154,"Great gameplay, amazing soundtrack, highly recommended!",True,3,10,10170,1736809200
10001789,974174,7656119861590486,Absolute masterpiece! Spent over 200 hours in this game.,True,2,45,309,1441490400
10001790,658679,7656119830986153,Absolute masterpiece! Spent over 200 hours in this game.,True,3,0,13041,1769900400
10001791,210358,7656119881509951,One of the best indie games I have played this year.,True,10,0,9400,1759010400
10001792,668586,7656119895752963,One of the best indie games I have played this year.,True,146,0,4589,1730588400
10001793,182338,7656119827703139,Poor optimization and awful monetization system.,False,1,0,5724,1627855200
10001794,432918,7656119842075985,"Great gameplay, amazing soundtrack, highly recommended!",True,0,0,2868,1759442400
10001795,828364,7656119810452479,One of the best indie games I have played this year.,True,10,0,6274,1758232800
10001796,823082,7656119839261529,"Great gameplay, amazing soundtrack, highly recommended!",True,4,0,16,1755640800
10001797,365931,7656119864268549,"Great gameplay, amazing soundtrack, highly recommended!",True,241,0,7337,1579129200
10001798,367762,7656119884493943,10/10 worth every cent. Must buy during Steam sales!,True,5,0,4767,1601244000
10001799,935179,7656119833697206,Absolute masterpiece! Spent over 200 hours in this game.,True,3,0,10277,1701039600
10001800,738173,7656119865922856,"Solid mechanics, great performance, active developers.",True,104,0,7608,1684188000
10001801,972653,7656119861049092,One of the best indie games I have played this year.,True,5,0,2822,1771714800
10001802,738173,7656119875354390,Absolute masterpiece! Spent over 200 hours in this game.,True,8,12,4084,1743372000
10001803,601086,7656119839918835,10/10 worth every cent. Must buy during Steam sales!,True,1,0,6159,1742511600
10001804,796684,7656119862945280,One of the best indie games I have played this year.,True,7,0,11593,1605740400
10001805,310047,7656119885401561,One of the best indie games I have played this year.,True,6,0,1984,1761343200
10001806,327570,7656119851477302,One of the best indie games I have played this year.,True,3,0,5754,1590357600
10001807,810187,7656119847798085,Absolute masterpiece! Spent over 200 hours in this game.,True,10,0,3544,1746655200
10001808,587463,7656119838137885,"Not recommended in its current state, wait for patches.",False,10,14,5829,1718229600
10001809,278648,7656119840721494,"Great gameplay, amazing soundtrack, highly recommended!",True,0,0,9003,1723154400
10001810,690366,7656119835295300,Poor optimization and awful monetization system.,False,10,0,12237,1727128800
10001811,598115,7656119869214392,Absolute masterpiece! Spent over 200 hours in this game.,True,0,0,13336,1777932000
10001812,278648,7656119892296861,"Full of bugs, crashes on startup after recent update.",False,6,0,12615,1706396400
10001813,969809,7656119890441277,"Great gameplay, amazing soundtrack, highly recommended!",True,225,0,3242,1727128800
10001814,486018,7656119861042320,Overrated game. Story is weak and servers lag constantly.,False,223,43,13404,1722981600
10001815,551309,7656119821757027,Too repetitive and expensive for the amount of content.,False,9,0,8543,1597442400
10001816,974174,7656119885330103,Poor optimization and awful monetization system.,False,0,0,14317,1346623200
10001817,707175,7656119854746532,"Solid mechanics, great performance, active developers.",True,69,0,7497,1635980400
10001818,453113,7656119863252375,Absolute masterpiece! Spent over 200 hours in this game.,True,124,10,6279,1767135600
10001819,166937,7656119870960166,10/10 worth every cent. Must buy during Steam sales!,True,2,0,12302,1543100400
10001820,656976,7656119834091873,10/10 worth every cent. Must buy during Steam sales!,True,248,0,2340,1719698400
10001821,781102,7656119893396458,"Full of bugs, crashes on startup after recent update.",False,5,22,7253,1772060400
10001822,615496,7656119899076864,"Not recommended in its current state, wait for patches.",False,3,0,3450,1711321200
10001823,447813,7656119813409134,10/10 worth every cent. Must buy during Steam sales!,True,3,0,9514,1461535200
10001824,572696,7656119862076330,Overrated game. Story is weak and servers lag constantly.,False,10,0,8967,1746309600
10001825,469090,7656119868630991,Overrated game. Story is weak and servers lag constantly.,False,6,0,414,1760479200
10001826,651034,7656119877714846,10/10 worth every cent. Must buy during Steam sales!,True,3,0,7160,1725832800
10001827,603181,7656119864579932,"Solid mechanics, great performance, active developers.",True,4,0,8084,1730502000
10001828,201051,7656119823238728,"Great gameplay, amazing soundtrack, highly recommended!",True,9,0,14728,1679698800
10001829,666065,7656119857665199,One of the best indie games I have played this year.,True,193,41,13866,1524693600
10001830,428878,7656119886156444,Too repetitive and expensive for the amount of content.,False,9,0,1026,1685484000
10001831,118121,7656119842939861,"Great gameplay, amazing soundtrack, highly recommended!",True,6,0,6179,1586815200
10001832,628777,7656119818683063,"Not recommended in its current state, wait for patches.",False,210,0,6591,1697666400
10001833,960289,7656119881658529,Too repetitive and expensive for the amount of content.,False,7,0,2062,1774652400
10001834,874837,7656119873545725,"Full of bugs, crashes on startup after recent update.",False,1,0,7313,1701558000
10001835,943439,7656119825548192,"Great gameplay, amazing soundtrack, highly recommended!",True,9,0,9419,1600552800
10001836,925370,7656119857429658,Overrated game. Story is weak and servers lag constantly.,False,9,0,1385,1751234400
10001837,118238,7656119851921090,"Great gameplay, amazing soundtrack, highly recommended!",True,2,0,13762,1737154800
10001838,169501,7656119855625122,Absolute masterpiece! Spent over 200 hours in this game.,True,10,0,1795,1749852000
10001839,449141,7656119885713074,"Solid mechanics, great performance, active developers.",True,225,0,4421,1366668000
10001840,180835,7656119892358385,One of the best indie games I have played this year.,True,1,0,3644,1643324400
10001841,984846,7656119821947429,"Solid mechanics, great performance, active developers.",True,4,0,1529,1774306800
10001842,686701,7656119834213640,"Great gameplay, amazing soundtrack, highly recommended!",True,10,13,8590,1762815600
10001843,854608,7656119840124298,Absolute masterpiece! Spent over 200 hours in this game.,True,10,0,1918,1591394400
10001844,320738,7656119823845941,10/10 worth every cent. Must buy during Steam sales!,True,1,0,12644,1603576800
10001845,320386,7656119870357887,One of the best indie games I have played this year.,True,10,0,10689,1617832800
10001846,118238,7656119879044934,"Solid mechanics, great performance, active developers.",True,6,0,12760,1764198000
10001847,628581,7656119829897768,One of the best indie games I have played this year.,True,5,0,7581,1692050400
10001848,431977,7656119858998243,10/10 worth every cent. Must buy during Steam sales!,True,128,0,8340,1599084000
10001849,919483,7656119846219257,"Great gameplay, amazing soundtrack, highly recommended!",True,0,0,9554,1752098400
10001850,686701,7656119830793224,"Solid mechanics, great performance, active developers.",True,124,0,10064,1477432800
10001851,167100,7656119834803136,One of the best indie games I have played this year.,True,5,0,1514,1662069600
10001852,862692,7656119899237211,"Great gameplay, amazing soundtrack, highly recommended!",True,4,0,6994,1761343200
10001853,431977,7656119889204890,One of the best indie games I have played this year.,True,5,0,1435,1641250800
10001854,169501,7656119899425013,"Solid mechanics, great performance, active developers.",True,60,36,11522,1709074800
10001855,826309,7656119834703912,One of the best indie games I have played this year.,True,66,0,118,1778536800
10001856,298321,7656119812923985,"Great gameplay, amazing soundtrack, highly recommended!",True,4,0,8858,1723413600
10001857,479104,7656119887180866,Overrated game. Story is weak and servers lag constantly.,False,10,0,2298,1633298400
10001858,120804,7656119837897808,"Solid mechanics, great performance, active developers.",True,81,18,9321,1664661600
10001859,327447,7656119863732160,Absolute masterpiece! Spent over 200 hours in this game.,True,225,0,14763,1519599600
10001860,416730,7656119898414187,"Solid mechanics, great performance, active developers.",True,4,48,4640,1614466800
10001861,328417,7656119810559083,"Solid mechanics, great performance, active developers.",True,10,0,6276,1734130800
10001862,484520,7656119862252284,"Solid mechanics, great performance, active developers.",True,4,0,737,1748210400
10001863,211995,7656119818503806,One of the best indie games I have played this year.,True,239,0,7061,1558216800
10001864,635657,7656119835504135,"Great gameplay, amazing soundtrack, highly recommended!",True,3,0,11689,1603839600
10001865,245513,7656119818733153,Overrated game. Story is weak and servers lag constantly.,False,242,33,13116,1771369200
10001866,923327,7656119895669465,Poor optimization and awful monetization system.,False,0,0,14341,1684792800
10001867,559452,7656119818630297,"Great gameplay, amazing soundtrack, highly recommended!",True,8,0,10023,1730502000
10001868,922684,7656119868314392,Too repetitive and expensive for the amount of content.,False,2,0,10910,1776204000
10001869,761716,7656119863330540,"Full of bugs, crashes on startup after recent update.",False,9,0,6674,1696802400
10001870,780150,7656119855708507,"Full of bugs, crashes on startup after recent update.",False,150,0,7525,1534716000
10001871,561997,7656119887984259,"Great gameplay, amazing soundtrack, highly recommended!",True,17,0,5471,1704582000
10001872,592114,7656119866827583,"Solid mechanics, great performance, active developers.",True,73,0,5345,1692655200
10001873,285867,7656119824356212,"Solid mechanics, great performance, active developers.",True,5,0,930,1782165600
10001874,461082,7656119848427828,"Full of bugs, crashes on startup after recent update.",False,1,0,1821,1598220000
10001875,224578,7656119897491513,Poor optimization and awful monetization system.,False,9,45,14672,1732921200
10001876,563124,7656119898691157,Absolute masterpiece! Spent over 200 hours in this game.,True,3,0,6867,1623535200
10001877,932173,7656119875354390,10/10 worth every cent. Must buy during Steam sales!,True,61,0,13102,1553900400
10001878,923327,7656119837969645,"Solid mechanics, great performance, active developers.",True,7,0,3889,1676329200
10001879,607836,7656119870140692,"Solid mechanics, great performance, active developers.",True,9,0,6218,1763506800
10001880,118238,7656119891452087,10/10 worth every cent. Must buy during Steam sales!,True,45,0,8156,1646607600
10001881,353862,7656119837361621,"Solid mechanics, great performance, active developers.",True,10,48,7845,1761951600
10001882,304958,7656119890300428,One of the best indie games I have played this year.,True,5,0,9164,1667689200
10001883,810187,7656119853689858,Poor optimization and awful monetization system.,False,137,0,7329,1621720800
10001884,650224,7656119816869198,One of the best indie games I have played this year.,True,40,0,12724,1722981600
10001885,709172,7656119822278173,One of the best indie games I have played this year.,True,4,0,6037,1675378800
10001886,523435,7656119868630991,Overrated game. Story is weak and servers lag constantly.,False,0,0,988,1399759200
10001887,431977,7656119877112823,10/10 worth every cent. Must buy during Steam sales!,True,10,0,184,1724882400
10001888,291387,7656119895752963,"Solid mechanics, great performance, active developers.",True,5,0,2610,1683324000
10001889,828364,7656119887193607,10/10 worth every cent. Must buy during Steam sales!,True,8,0,8778,1765321200
10001890,796684,7656119817544084,"Full of bugs, crashes on startup after recent update.",False,9,0,3821,1726351200
10001891,359033,7656119847738926,Too repetitive and expensive for the amount of content.,False,113,0,1246,1763334000
10001892,709087,7656119817116796,One of the best indie games I have played this year.,True,6,0,4144,1523052000
10001893,479104,7656119810772080,Absolute masterpiece! Spent over 200 hours in this game.,True,7,0,5798,1738364400
10001894,285867,7656119838417562,"Solid mechanics, great performance, active developers.",True,32,0,8700,1747260000
10001895,775847,7656119854265602,"Not recommended in its current state, wait for patches.",False,203,0,9606,1499896800
10001896,839682,7656119863731163,"Solid mechanics, great performance, active developers.",True,1,9,7275,1646953200
10001897,551309,7656119887543595,"Great gameplay, amazing soundtrack, highly recommended!",True,7,0,8616,1594072800
10001898,302920,7656119823623979,"Great gameplay, amazing soundtrack, highly recommended!",True,8,0,4056,1779228000
10001899,242940,7656119851648767,"Great gameplay, amazing soundtrack, highly recommended!",True,1,45,14844,1756591200
10001900,449141,7656119846998004,One of the best indie games I have played this year.,True,6,0,10753,1752012000
10001901,525711,7656119863083461,"Great gameplay, amazing soundtrack, highly recommended!",True,6,0,10524,1596492000
10001902,823082,7656119894885144,Poor optimization and awful monetization system.,False,10,24,4193,1615503600
10001903,943439,7656119857116187,Absolute masterpiece! Spent over 200 hours in this game.,True,72,0,9294,1565647200
10001904,166937,7656119833956418,"Great gameplay, amazing soundtrack, highly recommended!",True,4,0,935,1665525600
10001905,505482,7656119859832180,10/10 worth every cent. Must buy during Steam sales!,True,102,31,7496,1698444000
10001906,483607,7656119832941566,"Great gameplay, amazing soundtrack, highly recommended!",True,10,0,378,1377036000
10001907,607836,7656119871799052,"Solid mechanics, great performance, active developers.",True,249,0,7246,1741993200
10001908,780150,7656119858232277,Absolute masterpiece! Spent over 200 hours in this game.,True,196,0,1894,1529013600
10001909,431977,7656119881509951,Poor optimization and awful monetization system.,False,8,0,11320,1605222000
10001910,721910,7656119884458526,10/10 worth every cent. Must buy during Steam sales!,True,5,0,13347,1536184800
10001911,860996,7656119832229589,"Full of bugs, crashes on startup after recent update.",False,0,47,5709,1719007200
10001912,810187,7656119877817123,"Solid mechanics, great performance, active developers.",True,8,0,14798,1745100000
10001913,188476,7656119886872938,Too repetitive and expensive for the amount of content.,False,7,0,11050,1765666800
10001914,909126,7656119875716306,One of the best indie games I have played this year.,True,125,0,6732,1767394800
10001915,614098,7656119841861446,"Solid mechanics, great performance, active developers.",True,48,0,9951,1744408800
10001916,229069,7656119875026854,One of the best indie games I have played this year.,True,4,0,1303,1734130800
10001917,716238,7656119874986747,10/10 worth every cent. Must buy during Steam sales!,True,179,0,12882,1733094000
10001918,809680,7656119868517999,"Full of bugs, crashes on startup after recent update.",False,6,0,4379,1618524000
10001919,898338,7656119826838372,Absolute masterpiece! Spent over 200 hours in this game.,True,6,0,6651,1775080800
10001920,721258,7656119828951640,"Great gameplay, amazing soundtrack, highly recommended!",True,117,0,11583,1428703200
10001921,610526,7656119856387984,"Solid mechanics, great performance, active developers.",True,190,0,7652,1615244400
10001922,681592,7656119869233005,Absolute masterpiece! Spent over 200 hours in this game.,True,6,0,11029,1779919200
10001923,905014,7656119870357887,Too repetitive and expensive for the amount of content.,False,0,0,5228,1757023200
10001924,666103,7656119893145899,10/10 worth every cent. Must buy during Steam sales!,True,9,0,12604,1762383600
10001925,167100,7656119837885143,"Solid mechanics, great performance, active developers.",True,34,0,4127,1428098400
10001926,167100,7656119847586561,10/10 worth every cent. Must buy during Steam sales!,True,224,0,6395,1705273200
10001927,267886,7656119885830728,"Great gameplay, amazing soundtrack, highly recommended!",True,5,0,10968,1774994400
10001928,835952,7656119835504135,Poor optimization and awful monetization system.,False,8,0,14612,1605135600
10001929,743906,7656119863361590,10/10 worth every cent. Must buy during Steam sales!,True,9,0,13065,1746482400
10001930,645423,7656119894472709,"Solid mechanics, great performance, active developers.",True,8,0,11205,1689458400
10001931,658679,7656119872160726,Absolute masterpiece! Spent over 200 hours in this game.,True,45,31,601,1470780000
10001932,177911,7656119884575328,Overrated game. Story is weak and servers lag constantly.,False,0,0,50,1744581600
10001933,160015,7656119862708444,"Full of bugs, crashes on startup after recent update.",False,225,0,696,1678489200
10001934,650224,7656119858677036,Too repetitive and expensive for the amount of content.,False,8,0,14124,1706137200
10001935,886856,7656119824742396,"Solid mechanics, great performance, active developers.",True,152,0,14790,1422486000
10001936,551309,7656119892108109,Absolute masterpiece! Spent over 200 hours in this game.,True,2,0,2898,1726524000
10001937,873433,7656119832856981,One of the best indie games I have played this year.,True,34,0,11136,1535320800
10001938,600514,7656119838152141,Overrated game. Story is weak and servers lag constantly.,False,244,0,714,1607727600
10001939,756505,7656119885330103,Poor optimization and awful monetization system.,False,3,13,5531,1577314800
10001940,429349,7656119813140746,Too repetitive and expensive for the amount of content.,False,129,0,5429,1755295200
10001941,569280,7656119859832180,"Not recommended in its current state, wait for patches.",False,0,0,9401,1572476400
10001942,293203,7656119843235251,Absolute masterpiece! Spent over 200 hours in this game.,True,8,0,7163,1631052000
10001943,623476,7656119892237504,"Not recommended in its current state, wait for patches.",False,57,0,14592,1730415600
10001944,682191,7656119874959968,"Solid mechanics, great performance, active developers.",True,8,0,13527,1426633200
10001945,260815,7656119885739071,One of the best indie games I have played this year.,True,1,0,281,1543878000
10001946,120804,7656119873321235,"Solid mechanics, great performance, active developers.",True,5,48,5433,1660428000
10001947,467100,7656119865900420,"Full of bugs, crashes on startup after recent update.",False,1,0,7132,1784584800
10001948,650224,7656119819224674,10/10 worth every cent. Must buy during Steam sales!,True,10,0,14319,1499378400
10001949,455604,7656119836994635,"Great gameplay, amazing soundtrack, highly recommended!",True,10,0,4720,1759183200
10001950,469090,7656119882836195,Absolute masterpiece! Spent over 200 hours in this game.,True,97,0,7693,1624658400
10001951,686701,7656119873545725,Absolute masterpiece! Spent over 200 hours in this game.,True,0,50,715,1557784800
10001952,449532,7656119843983761,"Full of bugs, crashes on startup after recent update.",False,9,0,6188,1689631200
10001953,969809,7656119832229589,One of the best indie games I have played this year.,True,5,0,13551,1680213600
10001954,592114,7656119839339569,Overrated game. Story is weak and servers lag constantly.,False,10,0,13401,1646262000
10001955,995493,7656119810452479,"Solid mechanics, great performance, active developers.",True,1,0,14919,1555538400
10001956,859341,7656119878376357,"Great gameplay, amazing soundtrack, highly recommended!",True,12,0,1572,1749852000
10001957,628581,7656119848009963,Absolute masterpiece! Spent over 200 hours in this game.,True,9,0,12911,1664316000
10001958,915050,7656119857249606,One of the best indie games I have played this year.,True,97,0,12839,1739055600
10001959,127275,7656119874892580,"Solid mechanics, great performance, active developers.",True,10,0,3150,1625522400
10001960,292168,7656119830074123,One of the best indie games I have played this year.,True,126,0,6303,1651701600
10001961,886856,7656119880169658,"Solid mechanics, great performance, active developers.",True,12,0,8718,1619992800
10001962,659434,7656119813577448,Poor optimization and awful monetization system.,False,0,0,454,1585090800
10001963,921237,7656119816099279,Absolute masterpiece! Spent over 200 hours in this game.,True,86,0,14342,1615417200
10001964,615496,7656119857723816,One of the best indie games I have played this year.,True,5,0,2249,1728856800
10001965,285728,7656119843015011,"Solid mechanics, great performance, active developers.",True,4,0,3208,1701126000
10001966,672581,7656119816425482,"Solid mechanics, great performance, active developers.",True,0,0,1227,1708383600
10001967,668144,7656119848009963,10/10 worth every cent. Must buy during Steam sales!,True,165,38,618,1765580400
10001968,789660,7656119829954005,10/10 worth every cent. Must buy during Steam sales!,True,9,0,3198,1676761200
10001969,645423,7656119832505576,One of the best indie games I have played this year.,True,157,0,11939,1634940000
10001970,158385,7656119826448008,Overrated game. Story is weak and servers lag constantly.,False,5,0,6544,1750197600
10001971,628581,7656119883197469,Poor optimization and awful monetization system.,False,3,0,6062,1731279600
10001972,587463,7656119883887177,"Not recommended in its current state, wait for patches.",False,3,0,10559,1759269600
10001973,290060,7656119813672643,"Great gameplay, amazing soundtrack, highly recommended!",True,0,0,14372,1757196000
10001974,590077,7656119827574546,One of the best indie games I have played this year.,True,1,0,4273,1414015200
10001975,619673,7656119821207452,Too repetitive and expensive for the amount of content.,False,2,0,12995,1673391600
10001976,756505,7656119873321235,"Great gameplay, amazing soundtrack, highly recommended!",True,205,0,1004,1730329200
10001977,184481,7656119853856306,Absolute masterpiece! Spent over 200 hours in this game.,True,1,0,13082,1650405600
10001978,628777,7656119895669465,Absolute masterpiece! Spent over 200 hours in this game.,True,1,5,4278,1558130400
10001979,347238,7656119842794291,"Great gameplay, amazing soundtrack, highly recommended!",True,6,0,4791,1627596000
10001980,298321,7656119856144944,10/10 worth every cent. Must buy during Steam sales!,True,7,0,12946,1784239200
10001981,408349,7656119832251733,"Great gameplay, amazing soundtrack, highly recommended!",True,8,0,10222,1718920800
10001982,580402,7656119832229589,"Great gameplay, amazing soundtrack, highly recommended!",True,6,0,11421,1747951200
10001983,810187,7656119885713074,"Not recommended in its current state, wait for patches.",False,4,0,6812,1494972000
10001984,525711,7656119825301971,"Full of bugs, crashes on startup after recent update.",False,3,0,3515,1641423600
10001985,880529,7656119836805611,"Solid mechanics, great performance, active developers.",True,41,0,2498,1740438000
10001986,924651,7656119882454484,"Great gameplay, amazing soundtrack, highly recommended!",True,0,0,3074,1676156400
10001987,699678,7656119813179344,Absolute masterpiece! Spent over 200 hours in this game.,True,1,0,135,1663970400
10001988,369295,7656119855961760,"Not recommended in its current state, wait for patches.",False,4,0,11535,1510009200
10001989,635657,7656119814901574,Poor optimization and awful monetization system.,False,2,0,4266,1568239200
10001990,188476,7656119875840383,"Not recommended in its current state, wait for patches.",False,4,32,5630,1780005600
10001991,624567,7656119898728924,"Full of bugs, crashes on startup after recent update.",False,2,0,11931,1700866800
10001992,656976,7656119863732160,Absolute masterpiece! Spent over 200 hours in this game.,True,246,0,10714,1493676000
10001993,813193,7656119877019316,Poor optimization and awful monetization system.,False,7,0,3719,1695765600
10001994,721910,7656119889204890,Absolute masterpiece! Spent over 200 hours in this game.,True,4,0,9599,1731279600
10001995,514322,7656119818322825,"Solid mechanics, great performance, active developers.",True,48,0,7672,1698966000
10001996,292168,7656119824750749,Poor optimization and awful monetization system.,False,172,0,6390,1655330400
10001997,941476,7656119859463677,Absolute masterpiece! Spent over 200 hours in this game.,True,63,0,6647,1738969200
10001998,375654,7656119873583625,"Full of bugs, crashes on startup after recent update.",False,104,0,3357,1567980000
10001999,160015,7656119867379465,One of the best indie games I have played this year.,True,10,0,7078,1687557600
10002000,703646,7656119882403824,"Great gameplay, amazing soundtrack, highly recommended!",True,0,0,12060,1458601200
10002001,727676,7656119836518886,10/10 worth every cent. Must buy during Steam sales!,True,8,0,3914,1744322400
10002002,674275,7656119867924014,"Great gameplay, amazing soundtrack, highly recommended!",True,10,0,6752,1687471200
10002003,294521,7656119890045703,"Full of bugs, crashes on startup after recent update.",False,156,44,12947,1744840800
10002004,958242,7656119824413460,Absolute masterpiece! Spent over 200 hours in this game.,True,90,0,10616,1507068000
10002005,180835,7656119828699359,"Great gameplay, amazing soundtrack, highly recommended!",True,0,0,6056,1727733600
10002006,674275,7656119845102180,Too repetitive and expensive for the amount of content.,False,6,0,8090,1768172400
10002007,880063,7656119861811235,Absolute masterpiece! Spent over 200 hours in this game.,True,4,0,9624,1636930800
10002008,688444,7656119834989758,Absolute masterpiece! Spent over 200 hours in this game.,True,148,0,11050,1718748000
10002009,484520,7656119890018483,Absolute masterpiece! Spent over 200 hours in this game.,True,169,17,1956,1668553200
10002010,449141,7656119873588586,"Great gameplay, amazing soundtrack, highly recommended!",True,173,0,14726,1674860400
10002011,325690,7656119891445045,"Great gameplay, amazing soundtrack, highly recommended!",True,2,0,9173,1728424800
10002012,375654,7656119820800318,"Great gameplay, amazing soundtrack, highly recommended!",True,230,0,2609,1593122400
10002013,943946,7656119885278627,"Not recommended in its current state, wait for patches.",False,9,0,6271,1630274400
10002014,514322,7656119854606124,10/10 worth every cent. Must buy during Steam sales!,True,177,0,12611,1645743600
10002015,289227,7656119848692840,Absolute masterpiece! Spent over 200 hours in this game.,True,0,0,5321,1747346400
10002016,777304,7656119814240672,"Full of bugs, crashes on startup after recent update.",False,6,0,6386,1703458800
10002017,934527,7656119882537654,Absolute masterpiece! Spent over 200 hours in this game.,True,7,0,2150,1695506400
10002018,559452,7656119819599941,"Solid mechanics, great performance, active developers.",True,240,0,5259,1670454000
10002019,253587,7656119815713788,"Solid mechanics, great performance, active developers.",True,186,0,14801,1496181600
10002020,467100,7656119871008385,"Solid mechanics, great performance, active developers.",True,6,0,2161,1781560800
10002021,672581,7656119867059398,Absolute masterpiece! Spent over 200 hours in this game.,True,1,0,10311,1632520800
10002022,958242,7656119838417562,Absolute masterpiece! Spent over 200 hours in this game.,True,77,0,13325,1780869600
10002023,721258,7656119872160210,"Solid mechanics, great performance, active developers.",True,4,0,5330,1648249200
10002024,446143,7656119810453864,"Great gameplay, amazing soundtrack, highly recommended!",True,3,0,2046,1547161200
10002025,394090,7656119833956418,"Great gameplay, amazing soundtrack, highly recommended!",True,179,0,8398,1668726000
10002026,601086,7656119860295510,10/10 worth every cent. Must buy during Steam sales!,True,9,0,11920,1774134000
10002027,761716,7656119820529992,"Not recommended in its current state, wait for patches.",False,2,0,11350,1591653600
10002028,624567,7656119864228431,"Full of bugs, crashes on startup after recent update.",False,176,0,6420,1720216800
10002029,492245,7656119825459516,Overrated game. Story is weak and servers lag constantly.,False,6,0,7563,1367272800
10002030,210358,7656119863732160,One of the best indie games I have played this year.,True,1,0,3130,1742338800
10002031,874837,7656119863789139,10/10 worth every cent. Must buy during Steam sales!,True,2,0,9448,1734130800
10002032,960289,7656119893199294,"Not recommended in its current state, wait for patches.",False,8,0,4362,1712008800
10002033,242940,7656119891890104,10/10 worth every cent. Must buy during Steam sales!,True,0,0,12780,1384297200
10002034,721258,7656119858181451,One of the best indie games I have played this year.,True,2,9,7680,1474754400
10002035,182338,7656119833251139,"Great gameplay, amazing soundtrack, highly recommended!",True,171,0,9438,1573254000
10002036,709087,7656119861583672,Overrated game. Story is weak and servers lag constantly.,False,0,0,9619,1471989600
10002037,108633,7656119860912493,"Great gameplay, amazing soundtrack, highly recommended!",True,6,0,4149,1611615600
10002038,756505,7656119849676565,One of the best indie games I have played this year.,True,0,34,3055,1508450400
10002039,873433,7656119894469368,"Full of bugs, crashes on startup after recent update.",False,7,0,11943,1707951600
10002040,666065,7656119861583672,Overrated game. Story is weak and servers lag constantly.,False,3,0,9661,1576537200
10002041,166937,7656119895547449,"Great gameplay, amazing soundtrack, highly recommended!",True,9,0,5904,1783375200
10002042,182338,7656119851988678,Too repetitive and expensive for the amount of content.,False,4,0,13983,1429912800
10002043,118238,7656119832339403,10/10 worth every cent. Must buy during Steam sales!,True,6,0,7684,1660341600
10002044,563124,7656119875265953,One of the best indie games I have played this year.,True,3,0,5309,1730415600
10002045,960289,7656119871344873,"Solid mechanics, great performance, active developers.",True,2,35,5537,1640386800
10002046,551309,7656119899634336,"Solid mechanics, great performance, active developers.",True,9,0,3584,1603490400
10002047,648717,7656119859494391,"Full of bugs, crashes on startup after recent update.",False,3,0,12046,1714946400
10002048,666103,7656119894863746,10/10 worth every cent. Must buy during Steam sales!,True,4,0,8968,1711321200
10002049,816259,7656119881543175,"Solid mechanics, great performance, active developers.",True,4,0,11070,1728338400
10002050,514322,7656119856063858,"Solid mechanics, great performance, active developers.",True,3,24,5071,1743544800
10002051,532369,7656119894515978,Absolute masterpiece! Spent over 200 hours in this game.,True,175,0,2273,1638572400
10002052,941476,7656119898728924,Too repetitive and expensive for the amount of content.,False,107,0,6134,1736809200
10002053,201051,7656119863961668,"Not recommended in its current state, wait for patches.",False,1,0,9235,1632434400
10002054,925370,7656119898309460,Overrated game. Story is weak and servers lag constantly.,False,202,0,2456,1760133600
10002055,120804,7656119897199317,Overrated game. Story is weak and servers lag constantly.,False,0,0,5757,1774738800
10002056,104323,7656119854781120,10/10 worth every cent. Must buy during Steam sales!,True,4,0,3590,1721080800
10002057,623476,7656119850309809,Too repetitive and expensive for the amount of content.,False,7,16,7942,1566165600
10002058,100495,7656119855163741,Absolute masterpiece! Spent over 200 hours in this game.,True,176,0,5665,1715637600
10002059,813193,7656119882537654,Too repetitive and expensive for the amount of content.,False,6,33,560,1732143600
10002060,525711,7656119886555931,"Solid mechanics, great performance, active developers.",True,10,0,12791,1618610400
10002061,816259,7656119860769793,"Not recommended in its current state, wait for patches.",False,16,0,5112,1752271200
10002062,431977,7656119818906708,10/10 worth every cent. Must buy during Steam sales!,True,2,0,3074,1615158000
10002063,874837,7656119890018483,"Not recommended in its current state, wait for patches.",False,9,0,11337,1667257200
10002064,823082,7656119811401014,Overrated game. Story is weak and servers lag constantly.,False,0,0,2401,1708124400
10002065,525700,7656119851911094,"Not recommended in its current state, wait for patches.",False,2,0,8469,1653948000
10002066,278648,7656119882540496,10/10 worth every cent. Must buy during Steam sales!,True,0,0,13070,1714687200
10002067,709087,7656119823507904,10/10 worth every cent. Must buy during Steam sales!,True,9,0,11163,1605654000
10002068,617901,7656119819604650,Too repetitive and expensive for the amount of content.,False,4,0,10367,1583794800
10002069,304958,7656119830941829,Overrated game. Story is weak and servers lag constantly.,False,1,0,220,1732489200
10002070,607836,7656119840867720,Absolute masterpiece! Spent over 200 hours in this game.,True,47,0,9069,1772665200
10002071,229202,7656119835478687,Absolute masterpiece! Spent over 200 hours in this game.,True,9,0,398,1779919200
10002072,668144,7656119861869871,One of the best indie games I have played this year.,True,7,0,10988,1490997600
10002073,607836,7656119880000795,Absolute masterpiece! Spent over 200 hours in this game.,True,207,0,414,1745532000
10002074,483607,7656119885906677,"Full of bugs, crashes on startup after recent update.",False,5,0,802,1480719600
10002075,781102,7656119863754215,"Full of bugs, crashes on startup after recent update.",False,7,0,1509,1772319600
10002076,229208,7656119849721215,"Solid mechanics, great performance, active developers.",True,4,17,5363,1783116000
10002077,442777,7656119871170442,Overrated game. Story is weak and servers lag constantly.,False,110,0,2275,1753653600
10002078,839682,7656119839284905,Overrated game. Story is weak and servers lag constantly.,False,152,0,2372,1641682800
10002079,650224,7656119829998979,One of the best indie games I have played this year.,True,8,0,1965,1437948000
10002080,353862,7656119889698426,One of the best indie games I have played this year.,True,9,0,11946,1767567600
10002081,667812,7656119880179362,Absolute masterpiece! Spent over 200 hours in this game.,True,9,0,1119,1519340400
10002082,862692,7656119893250830,"Not recommended in its current state, wait for patches.",False,39,0,9327,1784498400
10002083,614098,7656119827574546,"Solid mechanics, great performance, active developers.",True,0,0,4284,1618956000
10002084,742800,7656119826254390,10/10 worth every cent. Must buy during Steam sales!,True,0,43,11703,1748728800
10002085,742800,7656119815397634,Absolute masterpiece! Spent over 200 hours in this game.,True,10,0,9246,1547247600
10002086,184481,7656119813130256,Poor optimization and awful monetization system.,False,10,0,13400,1497736800
10002087,742800,7656119822406462,Poor optimization and awful monetization system.,False,8,0,2793,1748815200
10002088,302920,7656119841632285,Overrated game. Story is weak and servers lag constantly.,False,10,0,5253,1772665200
10002089,354548,7656119816031542,"Solid mechanics, great performance, active developers.",True,0,29,2750,1697666400
10002090,931195,7656119838850088,"Great gameplay, amazing soundtrack, highly recommended!",True,8,0,11428,1729634400
10002091,509075,7656119855708507,Absolute masterpiece! Spent over 200 hours in this game.,True,74,0,10089,1658613600
10002092,328223,7656119846381560,One of the best indie games I have played this year.,True,8,0,11761,1781474400
10002093,463737,7656119887984259,Absolute masterpiece! Spent over 200 hours in this game.,True,8,0,6974,1561154400
10002094,923301,7656119893289797,Poor optimization and awful monetization system.,False,8,0,3234,1483484400
10002095,525711,7656119859270957,"Solid mechanics, great performance, active developers.",True,4,0,5285,1591826400
10002096,432150,7656119889155610,Overrated game. Story is weak and servers lag constantly.,False,137,0,8816,1637449200
10002097,678655,7656119820505700,Absolute masterpiece! Spent over 200 hours in this game.,True,4,0,8981,1719352800
10002098,272387,7656119815945532,Absolute masterpiece! Spent over 200 hours in this game.,True,193,0,5378,1703890800
10002099,628606,7656119887848148,10/10 worth every cent. Must buy during Steam sales!,True,1,0,9018,1725573600
10002100,532369,7656119810054963,"Great gameplay, amazing soundtrack, highly recommended!",True,1,0,609,1619733600
10002101,588308,7656119858925271,One of the best indie games I have played this year.,True,185,0,10815,1546815600
10002102,903416,7656119849658226,"Great gameplay, amazing soundtrack, highly recommended!",True,75,0,9357,1746828000
10002103,727676,7656119823474578,"Great gameplay, amazing soundtrack, highly recommended!",True,9,4,5285,1705359600
10002104,615496,7656119833052183,"Full of bugs, crashes on startup after recent update.",False,144,0,3830,1637276400
10002105,188096,7656119813908232,"Great gameplay, amazing soundtrack, highly recommended!",True,6,0,1195,1502316000
10002106,617901,7656119884812460,Too repetitive and expensive for the amount of content.,False,5,0,14837,1680904800
10002107,750671,7656119889334151,Absolute masterpiece! Spent over 200 hours in this game.,True,9,0,910,1727820000
10002108,248073,7656119828651197,"Great gameplay, amazing soundtrack, highly recommended!",True,7,0,8287,1694815200
10002109,312186,7656119835427325,"Solid mechanics, great performance, active developers.",True,10,0,8635,1673218800
10002110,915050,7656119882112766,"Great gameplay, amazing soundtrack, highly recommended!",True,1,23,1935,1733007600
10002111,608581,7656119831607329,One of the best indie games I have played this year.,True,6,0,3685,1727474400
10002112,505482,7656119855830349,One of the best indie games I have played this year.,True,10,0,6476,1699398000
10002113,628777,7656119884728228,10/10 worth every cent. Must buy during Steam sales!,True,6,0,3316,1705359600
10002114,353862,7656119843952868,"Great gameplay, amazing soundtrack, highly recommended!",True,8,0,14935,1506636000
10002115,610526,7656119877811116,Poor optimization and awful monetization system.,False,152,0,10463,1556056800
10002116,862692,7656119875759370,One of the best indie games I have played this year.,True,94,0,11073,1621634400
10002117,677743,7656119885732523,Poor optimization and awful monetization system.,False,4,0,10068,1714600800
10002118,108633,7656119882540609,10/10 worth every cent. Must buy during Steam sales!,True,151,0,7897,1578870000
10002119,302920,7656119841328470,"Full of bugs, crashes on startup after recent update.",False,239,0,5499,1776376800
10002120,442777,7656119816425482,"Full of bugs, crashes on startup after recent update.",False,9,0,14831,1581980400
10002121,600039,7656119894469368,"Great gameplay, amazing soundtrack, highly recommended!",True,9,0,9119,1691964000
10002122,532369,7656119865639846,Too repetitive and expensive for the amount of content.,False,2,11,9450,1742252400
10002123,592114,7656119838995650,"Solid mechanics, great performance, active developers.",True,10,0,6025,1676847600
10002124,905014,7656119817925265,"Solid mechanics, great performance, active developers.",True,21,0,1480,1441490400
10002125,939106,7656119855708507,"Great gameplay, amazing soundtrack, highly recommended!",True,3,0,13584,1611097200
10002126,525711,7656119890441803,"Full of bugs, crashes on startup after recent update.",False,5,0,12682,1728511200
10002127,627515,7656119820505700,One of the best indie games I have played this year.,True,10,0,1654,1770073200
10002128,727193,7656119888766016,Absolute masterpiece! Spent over 200 hours in this game.,True,1,28,12272,1772406000
10002129,325690,7656119861902722,"Great gameplay, amazing soundtrack, highly recommended!",True,7,0,6947,1572476400
10002130,628581,7656119849531916,"Solid mechanics, great performance, active developers.",True,121,0,6139,1707174000
10002131,453113,7656119856998490,"Full of bugs, crashes on startup after recent update.",False,245,28,1269,1431295200
10002132,656841,7656119890139294,Too repetitive and expensive for the amount of content.,False,202,0,7832,1774908000
10002133,291387,7656119865014951,"Solid mechanics, great performance, active developers.",True,0,0,14048,1771628400
10002134,180835,7656119830802435,One of the best indie games I have played this year.,True,0,0,4464,1771714800
10002135,668586,7656119874933992,Too repetitive and expensive for the amount of content.,False,5,0,7070,1709247600
10002136,720128,7656119813409134,One of the best indie games I have played this year.,True,5,0,13866,1487113200
10002137,369053,7656119845070068,"Great gameplay, amazing soundtrack, highly recommended!",True,5,0,3706,1662328800
10002138,358325,7656119895051625,Overrated game. Story is weak and servers lag constantly.,False,2,0,4572,1786399200
10002139,525700,7656119842794291,"Solid mechanics, great performance, active developers.",True,180,0,6548,1640732400
10002140,840069,7656119861811235,10/10 worth every cent. Must buy during Steam sales!,True,2,0,12284,1756591200
10002141,979600,7656119898693577,Too repetitive and expensive for the amount of content.,False,4,0,12678,1763938800
10002142,120804,7656119876254048,"Full of bugs, crashes on startup after recent update.",False,1,0,9389,1691013600
10002143,421226,7656119833915243,"Not recommended in its current state, wait for patches.",False,1,0,6563,1629669600
10002144,623476,7656119831275433,"Full of bugs, crashes on startup after recent update.",False,1,0,11772,1566943200
10002145,608581,7656119873571210,10/10 worth every cent. Must buy during Steam sales!,True,5,0,7334,1584486000
10002146,784271,7656119842117626,Absolute masterpiece! Spent over 200 hours in this game.,True,4,0,5755,1672614000
10002147,347238,7656119897041327,Overrated game. Story is weak and servers lag constantly.,False,10,0,13178,1761256800
10002148,935179,7656119892617600,"Solid mechanics, great performance, active developers.",True,6,0,5756,1763334000
10002149,738297,7656119893138654,Absolute masterpiece! Spent over 200 hours in this game.,True,2,1,2563,1469138400
10002150,979600,7656119863731163,10/10 worth every cent. Must buy during Steam sales!,True,47,0,14246,1767826800
10002151,229069,7656119859270957,10/10 worth every cent. Must buy during Steam sales!,True,2,47,6766,1762815600
10002152,769431,7656119823551489,"Solid mechanics, great performance, active developers.",True,118,0,1555,1634162400
10002153,327447,7656119818832677,Poor optimization and awful monetization system.,False,1,0,13138,1706050800
10002154,210358,7656119823589658,Poor optimization and awful monetization system.,False,4,0,1022,1761429600
10002155,455604,7656119818630297,"Solid mechanics, great performance, active developers.",True,71,0,9961,1691445600
10002156,653999,7656119818906708,One of the best indie games I have played this year.,True,12,0,9510,1737241200
10002157,325690,7656119829049164,"Solid mechanics, great performance, active developers.",True,1,0,3281,1494108000
10002158,931793,7656119834079309,"Full of bugs, crashes on startup after recent update.",False,5,46,3239,1773529200
10002159,119791,7656119863870785,"Solid mechanics, great performance, active developers.",True,10,0,3193,1780005600
10002160,862692,7656119895787357,10/10 worth every cent. Must buy during Steam sales!,True,3,0,3412,1689631200
10002161,608581,7656119894746400,"Solid mechanics, great performance, active developers.",True,107,0,5024,1544828400
10002162,690366,7656119896543196,"Great gameplay, amazing soundtrack, highly recommended!",True,9,0,3000,1714514400
10002163,823082,7656119810751777,"Solid mechanics, great performance, active developers.",True,93,0,5658,1674514800
10002164,523435,7656119832229589,10/10 worth every cent. Must buy during Steam sales!,True,8,0,1590,1564351200
10002165,108169,7656119853785045,One of the best indie games I have played this year.,True,8,0,1667,1499205600
10002166,454799,7656119824342977,Overrated game. Story is weak and servers lag constantly.,False,5,0,620,1757628000
10002167,678655,7656119817648422,"Great gameplay, amazing soundtrack, highly recommended!",True,3,26,5750,1575068400
10002168,826309,7656119891727574,"Solid mechanics, great performance, active developers.",True,77,0,13014,1687298400
10002169,363398,7656119829324655,Poor optimization and awful monetization system.,False,9,0,14204,1702767600
10002170,541989,7656119831027484,One of the best indie games I have played this year.,True,3,13,6459,1620165600
10002171,402015,7656119849658226,"Not recommended in its current state, wait for patches.",False,8,0,9599,1614898800
10002172,666103,7656119852985068,"Great gameplay, amazing soundtrack, highly recommended!",True,8,0,14619,1764370800
10002173,931793,7656119881160827,One of the best indie games I have played this year.,True,8,3,5517,1570831200
10002174,909126,7656119890986656,"Solid mechanics, great performance, active developers.",True,1,0,10220,1728597600
10002175,781102,7656119836805611,"Great gameplay, amazing soundtrack, highly recommended!",True,9,0,14543,1754517600
10002176,260897,7656119879044934,Poor optimization and awful monetization system.,False,1,0,61,1728424800
10002177,946176,7656119847798085,One of the best indie games I have played this year.,True,10,0,5406,1758492000
10002178,668586,7656119842662951,"Solid mechanics, great performance, active developers.",True,191,0,11695,1691964000
10002179,668144,7656119816851101,"Solid mechanics, great performance, active developers.",True,197,0,207,1757023200
10002180,851097,7656119821694125,"Full of bugs, crashes on startup after recent update.",False,10,0,11010,1778796000
10002181,656841,7656119865084031,Absolute masterpiece! Spent over 200 hours in this game.,True,8,0,14040,1771887600
10002182,358325,7656119818221287,Absolute masterpiece! Spent over 200 hours in this game.,True,50,0,6399,1634853600
10002183,796684,7656119810856589,"Not recommended in its current state, wait for patches.",False,10,0,5176,1702594800
10002184,940715,7656119881329359,10/10 worth every cent. Must buy during Steam sales!,True,8,0,10160,1440367200
10002185,120368,7656119813409134,One of the best indie games I have played this year.,True,190,0,14472,1648076400
10002186,108169,7656119845884259,One of the best indie games I have played this year.,True,114,0,10449,1768172400
10002187,950051,7656119893250830,"Great gameplay, amazing soundtrack, highly recommended!",True,10,0,13281,1638054000
10002188,260897,7656119899969125,Absolute masterpiece! Spent over 200 hours in this game.,True,4,0,1936,1734390000
10002189,160015,7656119829979500,"Great gameplay, amazing soundtrack, highly recommended!",True,6,0,811,1588543200
10002190,810187,7656119820359431,"Solid mechanics, great performance, active developers.",True,10,0,3369,1644274800
10002191,390188,7656119849191290,Poor optimization and awful monetization system.,False,5,0,346,1698966000
10002192,253587,7656119854265602,One of the best indie games I have played this year.,True,129,0,1345,1520895600
10002193,291387,7656119898062086,"Great gameplay, amazing soundtrack, highly recommended!",True,4,0,209,1626472800
10002194,769431,7656119898062086,"Solid mechanics, great performance, active developers.",True,227,20,6990,1624399200
10002195,688444,7656119874933992,Too repetitive and expensive for the amount of content.,False,3,0,9322,1697148000
10002196,358325,7656119875265953,"Not recommended in its current state, wait for patches.",False,6,0,11767,1726351200
10002197,160015,7656119842296555,Poor optimization and awful monetization system.,False,0,0,11836,1654034400
10002198,188096,7656119863703073,Absolute masterpiece! Spent over 200 hours in this game.,True,58,0,8801,1520809200
10002199,995493,7656119833548880,Absolute masterpiece! Spent over 200 hours in this game.,True,1,0,7779,1421622000
10002200,600039,7656119829998979,Too repetitive and expensive for the amount of content.,False,0,0,9059,1508191200
10002201,507324,7656119894235099,Overrated game. Story is weak and servers lag constantly.,False,5,14,9305,1741906800
10002202,525711,7656119880081311,"Solid mechanics, great performance, active developers.",True,4,0,3622,1723327200
10002203,924651,7656119844298346,10/10 worth every cent. Must buy during Steam sales!,True,3,0,9765,1646089200
10002204,903416,7656119875147559,One of the best indie games I have played this year.,True,2,0,10917,1747000800
10002205,943439,7656119881821998,One of the best indie games I have played this year.,True,2,0,1473,1510095600
10002206,525711,7656119833049040,"Solid mechanics, great performance, active developers.",True,0,0,8082,1732489200
10002207,320738,7656119835295300,"Full of bugs, crashes on startup after recent update.",False,31,0,10238,1785535200
10002208,645423,7656119829016396,"Solid mechanics, great performance, active developers.",True,132,0,764,1755208800
10002209,514813,7656119842617069,"Great gameplay, amazing soundtrack, highly recommended!",True,180,0,10155,1631138400
10002210,621239,7656119844467546,Absolute masterpiece! Spent over 200 hours in this game.,True,6,27,8102,1782597600
10002211,229208,7656119863083461,"Full of bugs, crashes on startup after recent update.",False,5,0,4897,1740783600
10002212,686701,7656119842296555,"Solid mechanics, great performance, active developers.",True,1,0,13147,1553727600
10002213,127275,7656119823507904,"Great gameplay, amazing soundtrack, highly recommended!",True,57,34,8062,1457737200
10002214,263753,7656119824548157,10/10 worth every cent. Must buy during Steam sales!,True,9,0,4339,1661119200
10002215,429349,7656119856910664,Too repetitive and expensive for the amount of content.,False,8,48,4506,1583535600
10002216,932173,7656119824852349,"Great gameplay, amazing soundtrack, highly recommended!",True,3,0,2397,1665439200
10002217,559452,7656119847586561,Absolute masterpiece! Spent over 200 hours in this game.,True,5,0,987,1711407600
10002218,935179,7656119812636483,"Not recommended in its current state, wait for patches.",False,190,25,4673,1603231200
10002219,931195,7656119896629865,10/10 worth every cent. Must buy during Steam sales!,True,10,0,493,1761606000
10002220,603347,7656119892096221,"Full of bugs, crashes on startup after recent update.",False,0,0,1534,1693951200
10002221,750671,7656119818486890,Too repetitive and expensive for the amount of content.,False,9,0,13741,1640386800
10002222,653999,7656119858369020,"Solid mechanics, great performance, active developers.",True,4,0,4979,1555884000
10002223,885209,7656119850992834,One of the best indie games I have played this year.,True,203,0,9179,1766617200
10002224,923327,7656119819749563,Poor optimization and awful monetization system.,False,73,0,2899,1650405600
10002225,807875,7656119846353565,"Solid mechanics, great performance, active developers.",True,63,0,8566,1730329200
10002226,449532,7656119846086687,One of the best indie games I have played this year.,True,44,0,3014,1728338400
10002227,946176,7656119826546509,Too repetitive and expensive for the amount of content.,False,5,0,11858,1435874400
10002228,408349,7656119862129353,"Solid mechanics, great performance, active developers.",True,0,0,13093,1731970800
10002229,555423,7656119840721494,One of the best indie games I have played this year.,True,1,0,12328,1708297200
10002230,278648,7656119845560463,Overrated game. Story is weak and servers lag constantly.,False,1,0,295,1710457200
10002231,781102,7656119826428365,"Full of bugs, crashes on startup after recent update.",False,1,0,8698,1765666800
10002232,621239,7656119812583456,"Great gameplay, amazing soundtrack, highly recommended!",True,2,0,10351,1714082400
10002233,118121,7656119892296861,Poor optimization and awful monetization system.,False,4,0,2913,1528754400
10002234,120706,7656119823589658,Too repetitive and expensive for the amount of content.,False,1,0,11436,1523311200
10002235,619673,7656119843952868,"Solid mechanics, great performance, active developers.",True,1,0,14551,1778623200
10002236,924651,7656119884458526,Absolute masterpiece! Spent over 200 hours in this game.,True,113,0,1367,1767481200
10002237,884885,7656119865922856,One of the best indie games I have played this year.,True,6,18,14199,1768172400
10002238,528112,7656119825064840,Absolute masterpiece! Spent over 200 hours in this game.,True,37,1,5115,1698184800
10002239,812156,7656119820122216,One of the best indie games I have played this year.,True,2,0,7948,1608505200
10002240,411344,7656119873571210,Poor optimization and awful monetization system.,False,3,0,11024,1569880800
10002241,354548,7656119835504135,One of the best indie games I have played this year.,True,6,0,11026,1770159600
10002242,873433,7656119873321235,"Solid mechanics, great performance, active developers.",True,9,0,5978,1506722400
10002243,809680,7656119816720320,"Great gameplay, amazing soundtrack, highly recommended!",True,6,26,11166,1711234800
10002244,619878,7656119850687587,One of the best indie games I have played this year.,True,9,10,4427,1737327600
10002245,709087,7656119826838372,10/10 worth every cent. Must buy during Steam sales!,True,0,0,5751,1556143200
10002246,608581,7656119857429658,One of the best indie games I have played this year.,True,9,0,14431,1397772000
10002247,355639,7656119858925271,Absolute masterpiece! Spent over 200 hours in this game.,True,9,5,2698,1753740000
10002248,514322,7656119870140692,Overrated game. Story is weak and servers lag constantly.,False,97,0,7151,1702335600
10002249,662700,7656119842137754,Absolute masterpiece! Spent over 200 hours in this game.,True,188,44,5819,1613170800
10002250,674275,7656119889491932,Absolute masterpiece! Spent over 200 hours in this game.,True,8,0,8482,1680904800
10002251,138126,7656119893946332,10/10 worth every cent. Must buy during Steam sales!,True,0,0,7147,1675119600
10002252,687354,7656119897518932,"Great gameplay, amazing soundtrack, highly recommended!",True,176,0,11058,1604444400
10002253,869859,7656119882544973,"Solid mechanics, great performance, active developers.",True,1,0,3447,1694815200
10002254,635657,7656119874992367,Overrated game. Story is weak and servers lag constantly.,False,30,0,1761,1673910000
10002255,210358,7656119877845717,Too repetitive and expensive for the amount of content.,False,0,0,4837,1749679200
10002256,395577,7656119826083313,Overrated game. Story is weak and servers lag constantly.,False,9,0,13930,1515193200
10002257,859341,7656119877915832,Poor optimization and awful monetization system.,False,90,0,3535,1740870000
10002258,302920,7656119861836172,Too repetitive and expensive for the amount of content.,False,7,0,6424,1742079600
10002259,188476,7656119848859818,"Not recommended in its current state, wait for patches.",False,0,0,4891,1572303600
10002260,613859,7656119853785045,"Solid mechanics, great performance, active developers.",True,8,0,9805,1736895600
10002261,743906,7656119850955238,"Solid mechanics, great performance, active developers.",True,3,0,10406,1635894000
10002262,229069,7656119853155597,"Solid mechanics, great performance, active developers.",True,7,0,1081,1726956000
10002263,810187,7656119829049164,"Not recommended in its current state, wait for patches.",False,8,0,6839,1465768800
10002264,228079,7656119879169430,One of the best indie games I have played this year.,True,4,35,6032,1595368800
10002265,347238,7656119813908232,10/10 worth every cent. Must buy during Steam sales!,True,7,50,7140,1635458400
10002266,727676,7656119862650923,One of the best indie games I have played this year.,True,9,0,9795,1667862000
10002267,873433,7656119846219257,One of the best indie games I have played this year.,True,4,0,2737,1711148400
10002268,532369,7656119823507904,10/10 worth every cent. Must buy during Steam sales!,True,4,0,10237,1717797600
10002269,312186,7656119824447341,Absolute masterpiece! Spent over 200 hours in this game.,True,5,0,14992,1722722400
10002270,682191,7656119877889035,Absolute masterpiece! Spent over 200 hours in this game.,True,3,0,8868,1675206000
10002271,260815,7656119849659772,"Full of bugs, crashes on startup after recent update.",False,174,0,2164,1713909600
10002272,505743,7656119889982427,Poor optimization and awful monetization system.,False,6,0,13315,1719525600
10002273,800614,7656119856190253,"Great gameplay, amazing soundtrack, highly recommended!",True,3,0,5563,1730588400
10002274,531421,7656119899491469,Absolute masterpiece! Spent over 200 hours in this game.,True,2,0,3949,1717279200
10002275,369053,7656119812037236,"Solid mechanics, great performance, active developers.",True,1,0,10723,1540245600
10002276,620079,7656119839284905,One of the best indie games I have played this year.,True,10,0,7913,1498082400
10002277,588308,7656119890843705,10/10 worth every cent. Must buy during Steam sales!,True,247,0,5319,1561759200
10002278,934527,7656119862296069,"Solid mechanics, great performance, active developers.",True,0,0,2324,1650146400
10002279,720128,7656119873515097,"Great gameplay, amazing soundtrack, highly recommended!",True,7,0,12608,1506204000
10002280,983329,7656119872070469,Poor optimization and awful monetization system.,False,232,0,9229,1671836400
10002281,650224,7656119865663140,One of the best indie games I have played this year.,True,93,0,10067,1659304800
10002282,205054,7656119877845717,One of the best indie games I have played this year.,True,8,0,13570,1730415600
10002283,592924,7656119850800782,Absolute masterpiece! Spent over 200 hours in this game.,True,5,0,5202,1652479200
10002284,656841,7656119891487039,Poor optimization and awful monetization system.,False,5,0,10459,1768690800
10002285,293203,7656119842067830,Poor optimization and awful monetization system.,False,10,0,11703,1782338400
10002286,820820,7656119860912493,"Great gameplay, amazing soundtrack, highly recommended!",True,5,0,7170,1430344800
10002287,972686,7656119884812460,Poor optimization and awful monetization system.,False,4,0,9055,1759874400
10002288,869859,7656119880935320,"Solid mechanics, great performance, active developers.",True,4,0,4422,1642287600
10002289,561997,7656119870144577,One of the best indie games I have played this year.,True,7,0,7966,1571695200
10002290,922415,7656119870183473,Overrated game. Story is weak and servers lag constantly.,False,178,0,8664,1605049200
10002291,449532,7656119878834761,One of the best indie games I have played this year.,True,2,0,14231,1714168800
10002292,369295,7656119858998243,Too repetitive and expensive for the amount of content.,False,1,0,4277,1669071600
10002293,603181,7656119841419144,"Full of bugs, crashes on startup after recent update.",False,2,0,11448,1744063200
10002294,569280,7656119835957257,Overrated game. Story is weak and servers lag constantly.,False,166,0,774,1614812400
10002295,582432,7656119830326286,Absolute masterpiece! Spent over 200 hours in this game.,True,196,0,2403,1760997600
10002296,541989,7656119837969645,One of the best indie games I have played this year.,True,9,1,7193,1665784800
10002297,229202,7656119880385578,"Solid mechanics, great performance, active developers.",True,6,0,6871,1778191200
10002298,369932,7656119833697206,"Solid mechanics, great performance, active developers.",True,0,0,3141,1718661600
10002299,402015,7656119893653666,"Solid mechanics, great performance, active developers.",True,9,41,7325,1763593200
10002300,563124,7656119828598744,Too repetitive and expensive for the amount of content.,False,8,30,9694,1478214000
10002301,851936,7656119874933992,Too repetitive and expensive for the amount of content.,False,12,0,13647,1669762800
10002302,463737,7656119840078353,10/10 worth every cent. Must buy during Steam sales!,True,63,0,39,1486681200
10002303,960289,7656119828728821,Too repetitive and expensive for the amount of content.,False,0,0,14902,1655416800
10002304,703646,7656119881509951,10/10 worth every cent. Must buy during Steam sales!,True,0,0,8421,1527544800
10002305,525711,7656119895350510,Poor optimization and awful monetization system.,False,219,30,3559,1738105200
10002306,829462,7656119892296861,10/10 worth every cent. Must buy during Steam sales!,True,54,0,14618,1652479200
10002307,922415,7656119824742396,Too repetitive and expensive for the amount of content.,False,9,0,6330,1466978400
10002308,485204,7656119896395551,Poor optimization and awful monetization system.,False,5,0,11500,1780783200
10002309,651034,7656119844895966,"Great gameplay, amazing soundtrack, highly recommended!",True,7,0,5677,1523570400
10002310,524765,7656119899491469,"Solid mechanics, great performance, active developers.",True,53,40,11092,1659736800
10002311,880529,7656119817632399,Poor optimization and awful monetization system.,False,4,0,4156,1753221600
10002312,544238,7656119825626373,Overrated game. Story is weak and servers lag constantly.,False,201,17,419,1757023200
10002313,886381,7656119892997324,10/10 worth every cent. Must buy during Steam sales!,True,7,0,14024,1746396000
10002314,523435,7656119883567535,Poor optimization and awful monetization system.,False,219,49,11464,1727647200
10002315,108633,7656119884493943,Absolute masterpiece! Spent over 200 hours in this game.,True,1,0,6316,1439589600
10002316,188096,7656119820565454,One of the best indie games I have played this year.,True,4,0,13701,1731106800
10002317,289227,7656119892997324,"Full of bugs, crashes on startup after recent update.",False,86,0,3410,1746309600
10002318,958242,7656119876251763,"Great gameplay, amazing soundtrack, highly recommended!",True,94,0,3156,1555192800
10002319,651034,7656119892373860,Too repetitive and expensive for the amount of content.,False,114,16,9409,1499378400
10002320,148999,7656119858124675,"Great gameplay, amazing soundtrack, highly recommended!",True,7,14,9785,1755640800
10002321,467100,7656119853749912,"Solid mechanics, great performance, active developers.",True,111,0,5276,1717884000
10002322,228079,7656119821979467,"Solid mechanics, great performance, active developers.",True,153,0,2462,1676415600
10002323,505482,7656119849531916,10/10 worth every cent. Must buy during Steam sales!,True,2,0,2007,1719093600
10002324,686701,7656119894414910,"Solid mechanics, great performance, active developers.",True,0,0,4572,1698271200
10002325,572696,7656119816031542,Poor optimization and awful monetization system.,False,4,0,4054,1771369200
10002326,148999,7656119818322555,One of the best indie games I have played this year.,True,8,24,5590,1755640800
10002327,283450,7656119833548880,Too repetitive and expensive for the amount of content.,False,217,0,12956,1601503200
10002328,761898,7656119822094552,Absolute masterpiece! Spent over 200 hours in this game.,True,19,0,3067,1745618400
10002329,290060,7656119853785045,"Full of bugs, crashes on startup after recent update.",False,8,0,747,1465509600
10002330,874837,7656119851951827,"Full of bugs, crashes on startup after recent update.",False,0,0,11209,1760997600
10002331,177911,7656119816894359,Poor optimization and awful monetization system.,False,1,0,8104,1525644000
10002332,921237,7656119883567535,Too repetitive and expensive for the amount of content.,False,1,47,9067,1749765600
10002333,754888,7656119816146243,"Solid mechanics, great performance, active developers.",True,2,0,4831,1607900400
10002334,281156,7656119878834761,One of the best indie games I have played this year.,True,0,0,8464,1769554800
10002335,588308,7656119886123974,10/10 worth every cent. Must buy during Steam sales!,True,9,0,13329,1675206000
10002336,507324,7656119838417562,"Not recommended in its current state, wait for patches.",False,123,0,14503,1744668000
10002337,780150,7656119881160827,Overrated game. Story is weak and servers lag constantly.,False,2,0,6433,1535666400
10002338,180835,7656119882384926,"Great gameplay, amazing soundtrack, highly recommended!",True,3,0,3255,1780956000
10002339,320738,7656119819749563,One of the best indie games I have played this year.,True,199,0,14043,1728165600
10002340,283450,7656119892357477,Overrated game. Story is weak and servers lag constantly.,False,218,0,6333,1628028000
10002341,610526,7656119875265953,Absolute masterpiece! Spent over 200 hours in this game.,True,0,0,8106,1604012400
10002342,447813,7656119818322555,"Solid mechanics, great performance, active developers.",True,1,0,10281,1476741600
10002343,458731,7656119812574179,Absolute masterpiece! Spent over 200 hours in this game.,True,219,0,11362,1566079200
10002344,984846,7656119857116187,Overrated game. Story is weak and servers lag constantly.,False,0,0,3843,1744149600
10002345,969809,7656119885330103,Too repetitive and expensive for the amount of content.,False,246,0,3972,1645138800
10002346,229202,7656119892245940,"Solid mechanics, great performance, active developers.",True,1,0,7562,1775858400
10002347,355639,7656119834724569,10/10 worth every cent. Must buy during Steam sales!,True,3,27,8750,1752703200
10002348,421226,7656119850154324,"Not recommended in its current state, wait for patches.",False,214,0,1091,1702681200
10002349,854175,7656119817648422,One of the best indie games I have played this year.,True,6,0,4322,1674169200
10002350,394090,7656119897153199,"Great gameplay, amazing soundtrack, highly recommended!",True,4,0,9878,1693778400
10002351,505482,7656119841076682,"Not recommended in its current state, wait for patches.",False,119,0,8052,1731970800
10002352,623476,7656119860189831,Too repetitive and expensive for the amount of content.,False,49,0,525,1405720800
10002353,588308,7656119863361590,"Great gameplay, amazing soundtrack, highly recommended!",True,86,0,11523,1637276400
10002354,375654,7656119815183301,One of the best indie games I have played this year.,True,58,2,9783,1440280800
10002355,118121,7656119881384573,Poor optimization and awful monetization system.,False,91,0,9182,1497045600
10002356,180835,7656119855708507,"Solid mechanics, great performance, active developers.",True,0,1,10619,1679180400
10002357,416730,7656119813847775,"Great gameplay, amazing soundtrack, highly recommended!",True,5,0,7460,1694988000
10002358,684738,7656119877817123,One of the best indie games I have played this year.,True,5,0,7936,1741042800
10002359,662700,7656119874986747,Poor optimization and awful monetization system.,False,18,0,3274,1512946800
10002360,699678,7656119822312182,"Solid mechanics, great performance, active developers.",True,1,3,2558,1703286000
10002361,367762,7656119813672643,One of the best indie games I have played this year.,True,6,0,3525,1552172400
10002362,885209,7656119888945086,10/10 worth every cent. Must buy during Steam sales!,True,133,0,1038,1593295200
10002363,509990,7656119856190253,"Great gameplay, amazing soundtrack, highly recommended!",True,111,0,9470,1701730800
10002364,610526,7656119814912627,One of the best indie games I have played this year.,True,175,0,7140,1598306400
10002365,512023,7656119847728846,One of the best indie games I have played this year.,True,3,0,1337,1540504800
10002366,950051,7656119864268549,10/10 worth every cent. Must buy during Steam sales!,True,4,0,13721,1553295600
10002367,536225,7656119834550693,Absolute masterpiece! Spent over 200 hours in this game.,True,222,0,5917,1777586400
10002368,687354,7656119824587682,"Great gameplay, amazing soundtrack, highly recommended!",True,149,0,4514,1399413600
10002369,416730,7656119845614461,"Solid mechanics, great performance, active developers.",True,178,21,11512,1767394800
10002370,820820,7656119826254390,"Great gameplay, amazing soundtrack, highly recommended!",True,115,0,12975,1714860000
10002371,431977,7656119895851772,"Solid mechanics, great performance, active developers.",True,189,0,14221,1552690800
10002372,369295,7656119861583672,"Great gameplay, amazing soundtrack, highly recommended!",True,6,0,11360,1778104800
10002373,307380,7656119829954005,Too repetitive and expensive for the amount of content.,False,5,0,11175,1543532400
10002374,777304,7656119862119600,One of the best indie games I have played this year.,True,173,0,9528,1726092000
10002375,139499,7656119874553978,"Great gameplay, amazing soundtrack, highly recommended!",True,4,0,12988,1752876000
10002376,115880,7656119834288291,"Not recommended in its current state, wait for patches.",False,3,0,7184,1766012400
10002377,509075,7656119851613513,One of the best indie games I have played this year.,True,1,0,6990,1752530400
10002378,687354,7656119823283726,"Solid mechanics, great performance, active developers.",True,9,0,13208,1430863200
10002379,260815,7656119865922856,"Great gameplay, amazing soundtrack, highly recommended!",True,5,42,212,1630792800
10002380,931195,7656119861049092,"Solid mechanics, great performance, active developers.",True,114,16,5804,1773010800
10002381,662700,7656119879044934,"Solid mechanics, great performance, active developers.",True,10,18,13067,1497304800
10002382,211995,7656119880935320,Absolute masterpiece! Spent over 200 hours in this game.,True,5,0,4998,1694988000
10002383,610526,7656119872717437,"Solid mechanics, great performance, active developers.",True,94,0,6072,1651096800
10002384,761898,7656119838417562,"Full of bugs, crashes on startup after recent update.",False,6,0,10671,1755900000
10002385,915050,7656119863953369,"Not recommended in its current state, wait for patches.",False,0,26,10094,1771628400
10002386,681592,7656119886990244,10/10 worth every cent. Must buy during Steam sales!,True,122,0,13857,1545778800
10002387,354548,7656119820796679,"Solid mechanics, great performance, active developers.",True,165,0,6292,1773097200
10002388,105407,7656119875046351,One of the best indie games I have played this year.,True,2,0,4603,1582585200
10002389,625408,7656119886595988,"Full of bugs, crashes on startup after recent update.",False,94,0,13647,1630533600
10002390,532369,7656119842296555,Absolute masterpiece! Spent over 200 hours in this game.,True,190,0,12421,1781820000
10002391,201051,7656119843015011,"Full of bugs, crashes on startup after recent update.",False,63,47,14407,1546902000
10002392,119791,7656119843235251,Overrated game. Story is weak and servers lag constantly.,False,1,0,4321,1751320800
10002393,278648,7656119836518886,"Full of bugs, crashes on startup after recent update.",False,0,0,12815,1785276000
10002394,756505,7656119875623235,Too repetitive and expensive for the amount of content.,False,0,0,9881,1478559600
10002395,613859,7656119824864658,Poor optimization and awful monetization system.,False,8,0,3833,1760392800
10002396,778971,7656119830941829,Poor optimization and awful monetization system.,False,6,0,8020,1660946400
10002397,684738,7656119879169430,"Not recommended in its current state, wait for patches.",False,3,0,2204,1761951600
10002398,983329,7656119822076203,"Solid mechanics, great performance, active developers.",True,5,0,7842,1633989600
10002399,796684,7656119822509868,Overrated game. Story is weak and servers lag constantly.,False,120,0,14009,1646089200
10002400,167100,7656119842296555,Absolute masterpiece! Spent over 200 hours in this game.,True,150,0,10346,1412028000
10002401,600039,7656119895971365,"Great gameplay, amazing soundtrack, highly recommended!",True,4,0,2299,1763679600
10002402,662700,7656119875948431,"Solid mechanics, great performance, active developers.",True,4,0,8533,1704841200
10002403,662700,7656119832085459,"Great gameplay, amazing soundtrack, highly recommended!",True,4,25,12341,1558648800
10002404,572696,7656119838589424,"Great gameplay, amazing soundtrack, highly recommended!",True,10,0,4048,1733698800
10002405,260897,7656119897355811,"Solid mechanics, great performance, active developers.",True,52,0,4886,1665007200
10002406,935179,7656119852084727,Absolute masterpiece! Spent over 200 hours in this game.,True,3,50,1701,1760047200
10002407,932173,7656119895752963,10/10 worth every cent. Must buy during Steam sales!,True,5,2,714,1781560800
10002408,946176,7656119861419075,"Solid mechanics, great performance, active developers.",True,21,0,12035,1680213600
10002409,773642,7656119851632139,One of the best indie games I have played this year.,True,3,0,6987,1650664800
10002410,624567,7656119860769793,10/10 worth every cent. Must buy during Steam sales!,True,2,0,1816,1760392800
10002411,108633,7656119882544973,10/10 worth every cent. Must buy during Steam sales!,True,7,0,12712,1479682800
10002412,353862,7656119883567535,"Great gameplay, amazing soundtrack, highly recommended!",True,209,0,1621,1611788400
10002413,555728,7656119817925265,One of the best indie games I have played this year.,True,1,0,14255,1772665200
10002414,666103,7656119874986747,10/10 worth every cent. Must buy during Steam sales!,True,218,0,9074,1737241200
10002415,158385,7656119850687587,Too repetitive and expensive for the amount of content.,False,8,0,12030,1725055200
10002416,281156,7656119842044885,"Great gameplay, amazing soundtrack, highly recommended!",True,168,0,3782,1727647200
10002417,467100,7656119857960760,10/10 worth every cent. Must buy during Steam sales!,True,5,0,9509,1715292000
10002418,756505,7656119846219257,"Great gameplay, amazing soundtrack, highly recommended!",True,8,0,5477,1517439600
10002419,720128,7656119890843705,Absolute masterpiece! Spent over 200 hours in this game.,True,241,0,1934,1510354800
10002420,132182,7656119876061591,"Not recommended in its current state, wait for patches.",False,5,0,10507,1674255600
10002421,603181,7656119823939347,Too repetitive and expensive for the amount of content.,False,10,34,430,1680991200
10002422,800614,7656119861457269,One of the best indie games I have played this year.,True,159,0,14417,1762642800
10002423,619878,7656119875840383,One of the best indie games I have played this year.,True,10,0,2508,1587938400
10002424,687354,7656119840080389,"Full of bugs, crashes on startup after recent update.",False,4,0,31,1385074800
10002425,656976,7656119880169658,Absolute masterpiece! Spent over 200 hours in this game.,True,2,0,9876,1441058400
10002426,525711,7656119863732160,Too repetitive and expensive for the amount of content.,False,5,0,1153,1696629600
10002427,138126,7656119897041327,Too repetitive and expensive for the amount of content.,False,2,0,659,1632261600
10002428,224578,7656119870183473,"Solid mechanics, great performance, active developers.",True,0,0,10556,1754690400
10002429,854175,7656119815816324,Poor optimization and awful monetization system.,False,152,0,490,1668553200
10002430,630847,7656119813140746,Absolute masterpiece! Spent over 200 hours in this game.,True,79,0,10973,1649109600
10002431,373986,7656119867402243,Absolute masterpiece! Spent over 200 hours in this game.,True,121,0,11445,1734044400
10002432,880063,7656119880935320,"Solid mechanics, great performance, active developers.",True,1,0,14456,1762297200
10002433,551101,7656119891047569,"Full of bugs, crashes on startup after recent update.",False,0,0,8005,1680818400
10002434,590077,7656119849269416,Absolute masterpiece! Spent over 200 hours in this game.,True,3,0,6672,1408917600
10002435,118238,7656119873883291,"Solid mechanics, great performance, active developers.",True,94,0,13758,1684706400
10002436,750671,7656119887180866,10/10 worth every cent. Must buy during Steam sales!,True,161,32,8143,1589320800
10002437,108169,7656119868191485,"Solid mechanics, great performance, active developers.",True,1,0,2794,1613257200
10002438,429349,7656119831754449,One of the best indie games I have played this year.,True,4,0,1050,1740783600
10002439,598115,7656119839219712,"Solid mechanics, great performance, active developers.",True,7,0,1642,1709938800
10002440,781102,7656119860769793,"Solid mechanics, great performance, active developers.",True,67,0,10692,1778709600
10002441,800614,7656119810453864,"Great gameplay, amazing soundtrack, highly recommended!",True,5,0,349,1720821600
10002442,428878,7656119884458526,"Solid mechanics, great performance, active developers.",True,10,0,11512,1589320800
10002443,239304,7656119864268549,"Not recommended in its current state, wait for patches.",False,6,42,2266,1647644400
10002444,979600,7656119889183214,Too repetitive and expensive for the amount of content.,False,9,0,8862,1727560800
10002445,923301,7656119882160976,"Full of bugs, crashes on startup after recent update.",False,1,35,2493,1575932400
10002446,659434,7656119835584207,"Solid mechanics, great performance, active developers.",True,181,0,5737,1743631200
10002447,789660,7656119880081311,Absolute masterpiece! Spent over 200 hours in this game.,True,2,0,14184,1653775200
10002448,690366,7656119890480537,One of the best indie games I have played this year.,True,18,0,2887,1724882400
10002449,709087,7656119876830108,10/10 worth every cent. Must buy during Steam sales!,True,3,49,9349,1499464800
10002450,353862,7656119858669249,"Great gameplay, amazing soundtrack, highly recommended!",True,8,0,14252,1707606000
10002451,328223,7656119851613513,"Great gameplay, amazing soundtrack, highly recommended!",True,0,0,9548,1720994400
10002452,298321,7656119819252314,One of the best indie games I have played this year.,True,8,0,1349,1418166000
10002453,210358,7656119824817478,Absolute masterpiece! Spent over 200 hours in this game.,True,134,0,4492,1745100000
10002454,364851,7656119835146364,10/10 worth every cent. Must buy during Steam sales!,True,7,0,1140,1539295200
10002455,347238,7656119872717437,"Full of bugs, crashes on startup after recent update.",False,5,0,9075,1737586800
10002456,582432,7656119833220943,10/10 worth every cent. Must buy during Steam sales!,True,176,0,14715,1690668000
10002457,983731,7656119855961760,One of the best indie games I have played this year.,True,9,0,3039,1737327600
10002458,658679,7656119892096221,One of the best indie games I have played this year.,True,5,0,3203,1780437600
10002459,885209,7656119875302702,"Great gameplay, amazing soundtrack, highly recommended!",True,8,0,9242,1498946400
10002460,874837,7656119863870785,"Great gameplay, amazing soundtrack, highly recommended!",True,0,0,5906,1743544800
10002461,120706,7656119889073225,"Not recommended in its current state, wait for patches.",False,165,25,4682,1630620000
10002462,551101,7656119896395551,"Full of bugs, crashes on startup after recent update.",False,188,0,8037,1625954400
10002463,551309,7656119868517999,"Solid mechanics, great performance, active developers.",True,7,0,3446,1637103600
10002464,897489,7656119857429658,"Not recommended in its current state, wait for patches.",False,50,0,11384,1485039600
10002465,946176,7656119812037236,Absolute masterpiece! Spent over 200 hours in this game.,True,149,0,9065,1535320800
10002466,854608,7656119828728821,Poor optimization and awful monetization system.,False,5,0,13020,1754258400
10002467,293203,7656119816425482,One of the best indie games I have played this year.,True,230,0,5377,1722722400
10002468,210358,7656119813724454,10/10 worth every cent. Must buy during Steam sales!,True,10,0,11166,1732402800
10002469,184481,7656119819604650,One of the best indie games I have played this year.,True,0,0,9501,1641942000
10002470,369053,7656119888369426,One of the best indie games I have played this year.,True,5,0,14865,1674687600
10002471,743906,7656119841632285,"Great gameplay, amazing soundtrack, highly recommended!",True,0,0,12289,1582671600
10002472,794625,7656119835714845,10/10 worth every cent. Must buy during Steam sales!,True,170,0,8931,1746482400
10002473,531421,7656119895140851,Too repetitive and expensive for the amount of content.,False,1,0,12111,1742857200
10002474,919483,7656119879169430,"Full of bugs, crashes on startup after recent update.",False,5,0,2788,1694728800
10002475,828364,7656119899076864,10/10 worth every cent. Must buy during Steam sales!,True,10,0,13063,1780956000
10002476,572696,7656119838349277,"Not recommended in its current state, wait for patches.",False,8,0,11259,1756764000
10002477,941476,7656119822509868,"Solid mechanics, great performance, active developers.",True,184,0,3893,1713736800
10002478,569280,7656119865488462,Absolute masterpiece! Spent over 200 hours in this game.,True,0,0,12761,1638658800
10002479,205054,7656119881658529,Poor optimization and awful monetization system.,False,10,0,6687,1758060000
10002480,678655,7656119878270687,"Full of bugs, crashes on startup after recent update.",False,2,3,2662,1544742000
10002481,716238,7656119884229914,"Solid mechanics, great performance, active developers.",True,5,0,10953,1705446000
10002482,449141,7656119898977157,"Great gameplay, amazing soundtrack, highly recommended!",True,5,0,11518,1739228400
10002483,684738,7656119821694125,One of the best indie games I have played this year.,True,4,0,578,1776981600
10002484,851097,7656119892617600,Absolute masterpiece! Spent over 200 hours in this game.,True,10,0,1011,1776895200
10002485,580402,7656119848137782,10/10 worth every cent. Must buy during Steam sales!,True,216,0,11444,1747692000
10002486,375654,7656119860189831,One of the best indie games I have played this year.,True,68,0,952,1451257200
10002487,720128,7656119879201194,"Solid mechanics, great performance, active developers.",True,93,0,179,1734994800
10002488,677743,7656119862172995,Poor optimization and awful monetization system.,False,8,0,5539,1714687200
10002489,327447,7656119865663140,"Solid mechanics, great performance, active developers.",True,5,28,9619,1605740400
10002490,754888,7656119856120077,One of the best indie games I have played this year.,True,196,50,14991,1502748000
10002491,561997,7656119813409134,Absolute masterpiece! Spent over 200 hours in this game.,True,10,0,10980,1732057200
10002492,573085,7656119831810402,"Solid mechanics, great performance, active developers.",True,2,0,12322,1742857200
10002493,449711,7656119888766016,One of the best indie games I have played this year.,True,0,0,3305,1717797600
10002494,822976,7656119836994415,"Not recommended in its current state, wait for patches.",False,112,30,12632,1668639600
10002495,667812,7656119839457855,Absolute masterpiece! Spent over 200 hours in this game.,True,147,0,10833,1545433200
10002496,463737,7656119828189105,"Great gameplay, amazing soundtrack, highly recommended!",True,3,0,10327,1654034400
10002497,373986,7656119824015277,Absolute masterpiece! Spent over 200 hours in this game.,True,204,0,9712,1739401200
10002498,582432,7656119837885143,"Great gameplay, amazing soundtrack, highly recommended!",True,214,0,12240,1759874400
10002499,369932,7656119857675029,10/10 worth every cent. Must buy during Steam sales!,True,4,0,14068,1624658400
10002500,903416,7656119865084031,One of the best indie games I have played this year.,True,0,0,11644,1768950000
10002501,177911,7656119825301971,"Full of bugs, crashes on startup after recent update.",False,10,0,8920,1634162400
10002502,573085,7656119855971482,One of the best indie games I have played this year.,True,5,0,13677,1427324400
10002503,617901,7656119830872817,One of the best indie games I have played this year.,True,4,41,13258,1544396400
10002504,925370,7656119812763319,"Great gameplay, amazing soundtrack, highly recommended!",True,116,0,3786,1740524400
10002505,458731,7656119845958978,"Full of bugs, crashes on startup after recent update.",False,5,0,262,1663192800
10002506,625408,7656119812923985,"Full of bugs, crashes on startup after recent update.",False,79,48,8149,1635980400
10002507,353862,7656119865488462,"Great gameplay, amazing soundtrack, highly recommended!",True,101,30,6316,1606777200
10002508,429349,7656119827683898,Overrated game. Story is weak and servers lag constantly.,False,8,0,3958,1556229600
10002509,505743,7656119816720320,"Great gameplay, amazing soundtrack, highly recommended!",True,6,29,11193,1674601200
10002510,800614,7656119884812460,"Not recommended in its current state, wait for patches.",False,65,0,12116,1745013600
10002511,238975,7656119866101009,Absolute masterpiece! Spent over 200 hours in this game.,True,91,0,7341,1664920800
10002512,128837,7656119819252314,"Not recommended in its current state, wait for patches.",False,2,0,8190,1685829600
10002513,421226,7656119881969917,"Great gameplay, amazing soundtrack, highly recommended!",True,68,0,11040,1677193200
10002514,522499,7656119889204890,"Solid mechanics, great performance, active developers.",True,3,0,3624,1502316000
10002515,408323,7656119880110255,"Great gameplay, amazing soundtrack, highly recommended!",True,7,0,14045,1628287200
10002516,177911,7656119857249606,"Full of bugs, crashes on startup after recent update.",False,3,0,574,1712613600
10002517,613859,7656119866416237,Poor optimization and awful monetization system.,False,235,0,4136,1700089200
10002518,408323,7656119842044885,One of the best indie games I have played this year.,True,1,0,14251,1752789600
10002519,656976,7656119882384926,"Solid mechanics, great performance, active developers.",True,8,0,3611,1648076400
10002520,610526,7656119863866551,"Full of bugs, crashes on startup after recent update.",False,105,0,702,1758578400
10002521,229208,7656119813130256,Absolute masterpiece! Spent over 200 hours in this game.,True,151,0,10765,1635372000
10002522,738297,7656119822541886,"Full of bugs, crashes on startup after recent update.",False,1,0,14367,1346277600
10002523,707175,7656119896707620,"Great gameplay, amazing soundtrack, highly recommended!",True,8,0,11975,1395183600
10002524,484520,7656119853856306,10/10 worth every cent. Must buy during Steam sales!,True,100,0,6180,1677020400
10002525,969809,7656119891890104,"Great gameplay, amazing soundtrack, highly recommended!",True,1,0,6604,1684620000
10002526,353862,7656119890441277,10/10 worth every cent. Must buy during Steam sales!,True,247,0,9985,1663452000
10002527,253587,7656119833915243,"Not recommended in its current state, wait for patches.",False,0,45,9861,1590703200
10002528,283450,7656119882537654,Poor optimization and awful monetization system.,False,45,50,14013,1718488800
10002529,486018,7656119829979500,10/10 worth every cent. Must buy during Steam sales!,True,7,0,3401,1741734000
10002530,670637,7656119816623017,"Great gameplay, amazing soundtrack, highly recommended!",True,8,0,4005,1719352800
10002531,242940,7656119895140851,10/10 worth every cent. Must buy during Steam sales!,True,4,0,11738,1590357600
10002532,125207,7656119865874989,"Solid mechanics, great performance, active developers.",True,9,0,7303,1722808800
10002533,862692,7656119881384573,"Not recommended in its current state, wait for patches.",False,1,0,14361,1648249200
10002534,822976,7656119874228967,Poor optimization and awful monetization system.,False,9,0,3009,1613689200
10002535,302920,7656119844825651,"Full of bugs, crashes on startup after recent update.",False,3,0,10486,1776895200
10002536,808513,7656119845497579,10/10 worth every cent. Must buy during Steam sales!,True,0,0,4882,1548975600
10002537,359033,7656119885713074,Overrated game. Story is weak and servers lag constantly.,False,2,0,2021,1431986400
10002538,461082,7656119870357887,"Great gameplay, amazing soundtrack, highly recommended!",True,5,0,9970,1640818800
10002539,818016,7656119859832180,Too repetitive and expensive for the amount of content.,False,27,27,8080,1511132400
10002540,940715,7656119813473447,"Not recommended in its current state, wait for patches.",False,247,0,1578,1554328800
10002541,969809,7656119825670721,10/10 worth every cent. Must buy during Steam sales!,True,5,0,2443,1599429600
10002542,160015,7656119820104884,"Solid mechanics, great performance, active developers.",True,7,0,11443,1760997600
10002543,688444,7656119827042151,Absolute masterpiece! Spent over 200 hours in this game.,True,127,0,11071,1612652400
10002544,108169,7656119824237556,10/10 worth every cent. Must buy during Steam sales!,True,8,0,14038,1495836000
10002545,610526,7656119889073225,Absolute masterpiece! Spent over 200 hours in this game.,True,212,0,13944,1501711200
10002546,674275,7656119818683063,"Great gameplay, amazing soundtrack, highly recommended!",True,8,0,1045,1755295200
10002547,369053,7656119855131849,Absolute masterpiece! Spent over 200 hours in this game.,True,8,36,9006,1671231600
10002548,958242,7656119824864658,10/10 worth every cent. Must buy during Steam sales!,True,89,0,9122,1515625200
10002549,603347,7656119875440035,"Solid mechanics, great performance, active developers.",True,6,0,3596,1675119600
10002550,229202,7656119848009963,10/10 worth every cent. Must buy during Steam sales!,True,7,0,6960,1752616800
10002551,756505,7656119818486890,One of the best indie games I have played this year.,True,12,0,6695,1658354400
10002552,201051,7656119885739071,Too repetitive and expensive for the amount of content.,False,3,0,5987,1444514400
10002553,780150,7656119878220743,Absolute masterpiece! Spent over 200 hours in this game.,True,39,0,6491,1548457200
10002554,272387,7656119821223068,"Great gameplay, amazing soundtrack, highly recommended!",True,8,0,3497,1626732000
10002555,320386,7656119819224674,Absolute masterpiece! Spent over 200 hours in this game.,True,2,0,12949,1684101600
10002556,800614,7656119822541886,Too repetitive and expensive for the amount of content.,False,41,47,7888,1740438000
10002557,670637,7656119853856306,Overrated game. Story is weak and servers lag constantly.,False,2,0,3638,1775253600
10002558,522499,7656119815945532,"Not recommended in its current state, wait for patches.",False,0,0,9578,1474063200
10002559,479104,7656119824548157,"Solid mechanics, great performance, active developers.",True,5,30,4406,1764284400
10002560,931793,7656119894899914,"Great gameplay, amazing soundtrack, highly recommended!",True,232,0,8406,1718920800
10002561,514813,7656119895840198,"Great gameplay, amazing soundtrack, highly recommended!",True,4,0,4107,1762297200
10002562,829462,7656119876251763,10/10 worth every cent. Must buy during Steam sales!,True,5,0,12810,1622584800
10002563,390188,7656119879427113,"Great gameplay, amazing soundtrack, highly recommended!",True,6,0,6022,1630447200
10002564,285867,7656119889976035,"Full of bugs, crashes on startup after recent update.",False,238,0,3804,1606172400
10002565,485204,7656119885233093,"Great gameplay, amazing soundtrack, highly recommended!",True,204,0,4137,1736550000
10002566,884885,7656119895752963,10/10 worth every cent. Must buy during Steam sales!,True,80,0,4680,1735686000
10002567,485204,7656119819252314,"Full of bugs, crashes on startup after recent update.",False,9,0,13991,1781128800
10002568,365931,7656119868066902,"Not recommended in its current state, wait for patches.",False,0,0,13867,1692655200
10002569,667966,7656119892296861,10/10 worth every cent. Must buy during Steam sales!,True,10,0,12527,1618005600
10002570,353862,7656119897230562,Absolute masterpiece! Spent over 200 hours in this game.,True,2,0,2837,1729807200
10002571,681592,7656119867924014,"Great gameplay, amazing soundtrack, highly recommended!",True,2,17,7800,1616367600
10002572,312186,7656119824265825,"Not recommended in its current state, wait for patches.",False,6,21,7751,1615071600
10002573,229208,7656119854725262,Overrated game. Story is weak and servers lag constantly.,False,8,9,6795,1773270000
10002574,635657,7656119873571210,"Solid mechanics, great performance, active developers.",True,1,21,4426,1604098800
10002575,903416,7656119863754215,Absolute masterpiece! Spent over 200 hours in this game.,True,10,34,9569,1759528800
10002576,874837,7656119890300428,"Not recommended in its current state, wait for patches.",False,9,0,10489,1670022000
10002577,656841,7656119824015277,"Not recommended in its current state, wait for patches.",False,9,0,12802,1781820000
10002578,310047,7656119828951640,"Not recommended in its current state, wait for patches.",False,56,46,12570,1713477600
10002579,449532,7656119861042320,"Solid mechanics, great performance, active developers.",True,55,0,14209,1775599200
10002580,320386,7656119878714999,"Great gameplay, amazing soundtrack, highly recommended!",True,101,0,12941,1748815200
10002581,607836,7656119818630297,"Solid mechanics, great performance, active developers.",True,5,0,4907,1741215600
10002582,958242,7656119894472709,"Great gameplay, amazing soundtrack, highly recommended!",True,8,0,1596,1595023200
10002583,455604,7656119811788797,One of the best indie games I have played this year.,True,8,0,5892,1650578400
10002584,835952,7656119878376357,"Full of bugs, crashes on startup after recent update.",False,171,0,2048,1662760800
10002585,820820,7656119812586103,"Not recommended in its current state, wait for patches.",False,74,0,13110,1666648800
10002586,807875,7656119879295931,"Solid mechanics, great performance, active developers.",True,9,0,10813,1685311200
10002587,854608,7656119885330103,Absolute masterpiece! Spent over 200 hours in this game.,True,1,0,4969,1716847200
10002588,102045,7656119823935970,Absolute masterpiece! Spent over 200 hours in this game.,True,3,0,3141,1745100000
10002589,453113,7656119860029590,Poor optimization and awful monetization system.,False,195,0,2791,1680645600
10002590,308199,7656119833956418,"Not recommended in its current state, wait for patches.",False,6,0,8353,1569794400
10002591,645423,7656119851613513,One of the best indie games I have played this year.,True,1,0,6433,1654207200
10002592,291387,7656119859832180,One of the best indie games I have played this year.,True,141,0,4420,1555538400
10002593,432918,7656119811444818,One of the best indie games I have played this year.,True,192,0,10968,1757282400
10002594,960289,7656119824742396,One of the best indie games I have played this year.,True,145,0,5315,1716847200
10002595,120804,7656119817722692,"Not recommended in its current state, wait for patches.",False,6,0,3816,1587333600
10002596,943439,7656119899691868,"Great gameplay, amazing soundtrack, highly recommended!",True,224,0,1850,1611615600
10002597,724178,7656119838235459,"Solid mechanics, great performance, active developers.",True,42,0,1504,1510700400
10002598,416730,7656119823845941,"Solid mechanics, great performance, active developers.",True,3,0,2862,1591999200
10002599,775847,7656119896949775,One of the best indie games I have played this year.,True,4,0,9315,1722981600
10002600,940715,7656119882454484,"Full of bugs, crashes on startup after recent update.",False,2,0,9363,1754258400
10002601,514813,7656119862252284,One of the best indie games I have played this year.,True,3,0,4880,1655848800
10002602,486018,7656119894235099,Absolute masterpiece! Spent over 200 hours in this game.,True,5,0,7748,1609801200
10002603,800614,7656119874493254,Poor optimization and awful monetization system.,False,141,0,10308,1764111600
10002604,260897,7656119857429658,"Solid mechanics, great performance, active developers.",True,6,0,14803,1601071200
10002605,573085,7656119821415620,"Great gameplay, amazing soundtrack, highly recommended!",True,223,0,14213,1612911600
10002606,784271,7656119862945280,"Not recommended in its current state, wait for patches.",False,2,0,10774,1725573600
10002607,897489,7656119819604650,One of the best indie games I have played this year.,True,9,0,13235,1699225200
10002608,615496,7656119830476811,Absolute masterpiece! Spent over 200 hours in this game.,True,8,0,4599,1550444400
10002609,327570,7656119854483895,10/10 worth every cent. Must buy during Steam sales!,True,8,0,14521,1598997600
10002610,628606,7656119813130256,"Solid mechanics, great performance, active developers.",True,9,0,1352,1651615200
10002611,828364,7656119890466449,One of the best indie games I have played this year.,True,3,0,7212,1747951200
10002612,115880,7656119884272147,"Solid mechanics, great performance, active developers.",True,6,0,14072,1580511600
10002613,984846,7656119859984977,One of the best indie games I have played this year.,True,9,0,926,1773961200
10002614,267886,7656119855961760,Absolute masterpiece! Spent over 200 hours in this game.,True,82,0,2400,1745704800
10002615,289227,7656119825548192,"Solid mechanics, great performance, active developers.",True,10,0,1613,1769036400
10002616,592114,7656119834314781,10/10 worth every cent. Must buy during Steam sales!,True,0,0,8268,1676156400
10002617,839682,7656119859861431,"Great gameplay, amazing soundtrack, highly recommended!",True,92,0,5733,1695506400
10002618,648717,7656119893653666,One of the best indie games I have played this year.,True,3,0,2973,1778018400
10002619,924651,7656119829895242,Absolute masterpiece! Spent over 200 hours in this game.,True,5,29,1507,1718316000
10002620,158385,7656119894551376,"Not recommended in its current state, wait for patches.",False,6,0,9354,1734562800
10002621,784271,7656119833548880,Absolute masterpiece! Spent over 200 hours in this game.,True,4,0,6141,1725832800
10002622,756505,7656119832251733,10/10 worth every cent. Must buy during Steam sales!,True,132,0,1621,1608591600
10002623,514322,7656119898143370,"Solid mechanics, great performance, active developers.",True,8,0,14639,1604098800
10002624,960289,7656119824864658,Overrated game. Story is weak and servers lag constantly.,False,20,0,7598,1690495200
10002625,940715,7656119879201194,"Great gameplay, amazing soundtrack, highly recommended!",True,70,0,10461,1751925600
10002626,449141,7656119864870855,"Great gameplay, amazing soundtrack, highly recommended!",True,6,0,14544,1473631200
10002627,373986,7656119876254048,"Great gameplay, amazing soundtrack, highly recommended!",True,2,0,6422,1764889200
10002628,355639,7656119882263020,"Solid mechanics, great performance, active developers.",True,8,8,7142,1723500000
10002629,205054,7656119834576354,"Great gameplay, amazing soundtrack, highly recommended!",True,1,22,14936,1648504800
10002630,486018,7656119829821265,"Solid mechanics, great performance, active developers.",True,2,0,989,1475791200
10002631,619673,7656119890139294,10/10 worth every cent. Must buy during Steam sales!,True,9,3,12741,1766962800
10002632,248073,7656119826327874,"Full of bugs, crashes on startup after recent update.",False,135,41,5930,1749938400
10002633,524765,7656119880110255,"Great gameplay, amazing soundtrack, highly recommended!",True,6,0,22,1516921200
10002634,505743,7656119884272147,"Not recommended in its current state, wait for patches.",False,5,0,7920,1690495200
10002635,115880,7656119832229589,"Full of bugs, crashes on startup after recent update.",False,10,0,12590,1597356000
10002636,818016,7656119863361590,Too repetitive and expensive for the amount of content.,False,2,0,13902,1722117600
10002637,569280,7656119819352835,Too repetitive and expensive for the amount of content.,False,6,0,13578,1550530800
10002638,205054,7656119855366179,"Solid mechanics, great performance, active developers.",True,220,0,2485,1778536800
10002639,158385,7656119814278267,"Not recommended in its current state, wait for patches.",False,219,0,6228,1764370800
10002640,177911,7656119871147136,"Not recommended in its current state, wait for patches.",False,116,0,7658,1733698800
10002641,808513,7656119840682169,One of the best indie games I have played this year.,True,1,0,14230,1600380000
10002642,127275,7656119876394385,Absolute masterpiece! Spent over 200 hours in this game.,True,8,0,7136,1777759200
10002643,308199,7656119818832677,One of the best indie games I have played this year.,True,1,0,14665,1647817200
10002644,509075,7656119861457269,One of the best indie games I have played this year.,True,5,5,4797,1743544800
10002645,320738,7656119896073769,"Great gameplay, amazing soundtrack, highly recommended!",True,36,0,8188,1596751200
10002646,628777,7656119890944634,Poor optimization and awful monetization system.,False,2,27,2177,1560376800
10002647,483607,7656119858391455,10/10 worth every cent. Must buy during Steam sales!,True,10,0,14761,1432936800
10002648,188096,7656119886111226,10/10 worth every cent. Must buy during Steam sales!,True,10,0,6722,1652565600
10002649,505482,7656119875440035,10/10 worth every cent. Must buy during Steam sales!,True,203,0,2675,1695074400
10002650,886381,7656119850945190,"Great gameplay, amazing soundtrack, highly recommended!",True,58,0,8727,1771023600
10002651,928141,7656119870310145,"Great gameplay, amazing soundtrack, highly recommended!",True,8,0,14295,1626559200
10002652,127275,7656119821757027,One of the best indie games I have played this year.,True,6,0,5093,1535925600
10002653,108169,7656119841466529,"Solid mechanics, great performance, active developers.",True,3,0,1731,1695506400
10002654,512023,7656119880081311,"Great gameplay, amazing soundtrack, highly recommended!",True,10,0,5338,1502834400
10002655,304958,7656119899491469,Absolute masterpiece! Spent over 200 hours in this game.,True,3,0,6300,1661032800
10002656,995493,7656119822900026,"Great gameplay, amazing soundtrack, highly recommended!",True,79,27,1481,1561932000
10002657,229208,7656119849498821,10/10 worth every cent. Must buy during Steam sales!,True,2,0,2379,1716156000
10002658,555423,7656119846125477,"Solid mechanics, great performance, active developers.",True,4,0,8685,1714341600
10002659,290060,7656119852445357,Poor optimization and awful monetization system.,False,6,0,8495,1466287200
10002660,429349,7656119820595243,"Full of bugs, crashes on startup after recent update.",False,4,32,1284,1785967200
10002661,816259,7656119814777792,"Full of bugs, crashes on startup after recent update.",False,101,3,11498,1661551200
10002662,934527,7656119814777792,"Solid mechanics, great performance, active developers.",True,5,4,130,1639263600
10002663,108633,7656119897041327,10/10 worth every cent. Must buy during Steam sales!,True,8,0,7354,1521500400
10002664,839682,7656119855625122,Poor optimization and awful monetization system.,False,4,0,8345,1623880800
10002665,507324,7656119832085459,Poor optimization and awful monetization system.,False,194,0,11364,1756504800
10002666,375381,7656119824864658,"Great gameplay, amazing soundtrack, highly recommended!",True,84,7,10562,1663106400
10002667,169501,7656119891487039,10/10 worth every cent. Must buy during Steam sales!,True,9,0,8951,1731106800
10002668,522499,7656119839261529,10/10 worth every cent. Must buy during Steam sales!,True,9,0,11844,1753308000
10002669,662700,7656119823845941,Absolute masterpiece! Spent over 200 hours in this game.,True,242,0,5213,1522274400
10002670,369053,7656119860769793,10/10 worth every cent. Must buy during Steam sales!,True,7,0,11069,1400018400
10002671,260815,7656119850945190,Too repetitive and expensive for the amount of content.,False,9,5,11548,1599084000
10002672,384826,7656119898062086,Absolute masterpiece! Spent over 200 hours in this game.,True,92,0,11970,1682200800
10002673,800614,7656119891053122,10/10 worth every cent. Must buy during Steam sales!,True,1,0,12202,1732230000
10002674,512399,7656119839088611,One of the best indie games I have played this year.,True,6,50,3551,1743976800
10002675,290060,7656119852744039,Overrated game. Story is weak and servers lag constantly.,False,10,32,6612,1370469600
10002676,682191,7656119892997324,Absolute masterpiece! Spent over 200 hours in this game.,True,138,0,8680,1511132400
10002677,507324,7656119855566397,Overrated game. Story is weak and servers lag constantly.,False,103,0,9425,1784930400
10002678,108633,7656119893289797,"Great gameplay, amazing soundtrack, highly recommended!",True,7,0,12348,1513638000
10002679,225189,7656119859000690,One of the best indie games I have played this year.,True,9,0,5634,1604962800
10002680,653999,7656119855098264,"Great gameplay, amazing soundtrack, highly recommended!",True,2,0,6829,1553209200
10002681,919483,7656119888766016,Overrated game. Story is weak and servers lag constantly.,False,6,0,5396,1772751600
10002682,823082,7656119866513733,"Great gameplay, amazing soundtrack, highly recommended!",True,132,8,1045,1751320800
10002683,931195,7656119815442861,10/10 worth every cent. Must buy during Steam sales!,True,82,0,12387,1757368800
10002684,354548,7656119827042151,"Solid mechanics, great performance, active developers.",True,5,0,6143,1769727600
10002685,512661,7656119852977718,"Great gameplay, amazing soundtrack, highly recommended!",True,10,0,5579,1744840800
10002686,118238,7656119867508741,10/10 worth every cent. Must buy during Steam sales!,True,11,0,2795,1746568800
10002687,688444,7656119895547533,"Full of bugs, crashes on startup after recent update.",False,3,0,6514,1686952800
10002688,467100,7656119856146502,"Full of bugs, crashes on startup after recent update.",False,149,0,14745,1714946400
10002689,505743,7656119845440051,"Full of bugs, crashes on startup after recent update.",False,6,44,2296,1701558000
10002690,492245,7656119873545725,10/10 worth every cent. Must buy during Steam sales!,True,103,0,7692,1699311600
10002691,761898,7656119864268549,Absolute masterpiece! Spent over 200 hours in this game.,True,3,0,6485,1770073200
10002692,794625,7656119840124298,One of the best indie games I have played this year.,True,121,43,3742,1731538800
10002693,166937,7656119892373860,"Solid mechanics, great performance, active developers.",True,8,0,5225,1616540400
10002694,573085,7656119832085459,One of the best indie games I have played this year.,True,6,0,8998,1576882800
10002695,941476,7656119822737860,"Full of bugs, crashes on startup after recent update.",False,1,0,3870,1717797600
10002696,572696,7656119813908232,Absolute masterpiece! Spent over 200 hours in this game.,True,10,0,13474,1768172400
10002697,724178,7656119818519632,"Solid mechanics, great performance, active developers.",True,96,11,2036,1742857200
10002698,254921,7656119849659772,One of the best indie games I have played this year.,True,7,17,13726,1740697200
10002699,623476,7656119851921090,10/10 worth every cent. Must buy during Steam sales!,True,9,0,1557,1642287600
10002700,148999,7656119884176350,"Solid mechanics, great performance, active developers.",True,185,22,14995,1752616800
10002701,813193,7656119887984259,"Great gameplay, amazing soundtrack, highly recommended!",True,2,0,5932,1766790000
10002702,263753,7656119880326690,One of the best indie games I have played this year.,True,4,0,7854,1628632800
10002703,716289,7656119861836172,"Solid mechanics, great performance, active developers.",True,8,0,1816,1476309600
10002704,687354,7656119879824621,10/10 worth every cent. Must buy during Steam sales!,True,4,0,10737,1375480800
10002705,353862,7656119885351616,10/10 worth every cent. Must buy during Steam sales!,True,6,0,13454,1622671200
10002706,453113,7656119864685571,"Solid mechanics, great performance, active developers.",True,202,0,4663,1703804400
10002707,613859,7656119825301971,"Full of bugs, crashes on startup after recent update.",False,7,0,10656,1703631600
10002708,688444,7656119883197469,One of the best indie games I have played this year.,True,0,4,624,1737586800
10002709,118238,7656119810483133,"Not recommended in its current state, wait for patches.",False,4,38,14757,1670367600
10002710,120804,7656119834703912,"Great gameplay, amazing soundtrack, highly recommended!",True,10,0,11067,1731106800
10002711,621239,7656119892038621,"Great gameplay, amazing soundtrack, highly recommended!",True,5,0,14862,1721944800
10002712,607836,7656119863793463,Overrated game. Story is weak and servers lag constantly.,False,10,0,12559,1729807200
10002713,128837,7656119846086687,Poor optimization and awful monetization system.,False,5,0,14787,1605308400
10002714,860996,7656119821694125,Absolute masterpiece! Spent over 200 hours in this game.,True,1,0,2112,1634940000
10002715,551309,7656119898152800,"Not recommended in its current state, wait for patches.",False,108,0,6635,1750888800
10002716,160015,7656119845958978,"Great gameplay, amazing soundtrack, highly recommended!",True,4,0,5436,1692223200
10002717,486018,7656119873871353,"Full of bugs, crashes on startup after recent update.",False,115,0,1932,1725228000
10002718,175965,7656119823509935,Poor optimization and awful monetization system.,False,222,0,7538,1694037600
10002719,603347,7656119843913035,"Not recommended in its current state, wait for patches.",False,3,0,8720,1733612400
10002720,818016,7656119825670721,Too repetitive and expensive for the amount of content.,False,7,0,2812,1607036400
10002721,765415,7656119837011987,Absolute masterpiece! Spent over 200 hours in this game.,True,69,0,14493,1735426800
10002722,789660,7656119865532667,"Great gameplay, amazing soundtrack, highly recommended!",True,57,0,12167,1662501600
10002723,285867,7656119863793463,"Not recommended in its current state, wait for patches.",False,10,0,12079,1562018400
10002724,260815,7656119833762365,Overrated game. Story is weak and servers lag constantly.,False,8,0,8444,1640559600
10002725,666103,7656119890662295,10/10 worth every cent. Must buy during Steam sales!,True,5,0,12861,1727992800
10002726,292168,7656119862129353,10/10 worth every cent. Must buy during Steam sales!,True,7,0,9049,1642460400
10002727,289227,7656119869373841,One of the best indie games I have played this year.,True,7,0,1708,1737586800
10002728,625408,7656119839042149,10/10 worth every cent. Must buy during Steam sales!,True,10,0,11694,1699916400
10002729,139499,7656119869665596,10/10 worth every cent. Must buy during Steam sales!,True,180,0,12240,1746396000
10002730,408323,7656119826428365,"Solid mechanics, great performance, active developers.",True,10,0,13562,1555970400
10002731,507324,7656119862708444,Overrated game. Story is weak and servers lag constantly.,False,5,0,6593,1756418400
10002732,946176,7656119814209023,"Great gameplay, amazing soundtrack, highly recommended!",True,27,0,12147,1760479200
10002733,373986,7656119815183301,Absolute masterpiece! Spent over 200 hours in this game.,True,4,0,14365,1729375200
10002734,127275,7656119865639846,Absolute masterpiece! Spent over 200 hours in this game.,True,8,26,335,1776895200
10002735,118121,7656119882537654,Too repetitive and expensive for the amount of content.,False,0,0,2258,1716933600
10002736,551309,7656119894551376,Poor optimization and awful monetization system.,False,10,40,1414,1648936800
10002737,128872,7656119835764948,"Great gameplay, amazing soundtrack, highly recommended!",True,6,0,4546,1692568800
10002738,448444,7656119867924014,Absolute masterpiece! Spent over 200 hours in this game.,True,77,8,11058,1781906400
10002739,592924,7656119873571210,Absolute masterpiece! Spent over 200 hours in this game.,True,7,0,8243,1536789600
10002740,429349,7656119885278627,Poor optimization and awful monetization system.,False,8,0,6867,1442008800
10002741,823082,7656119863330540,One of the best indie games I have played this year.,True,45,0,4699,1783116000
10002742,668144,7656119816146243,"Solid mechanics, great performance, active developers.",True,9,0,2395,1745013600
10002743,290060,7656119815156085,"Solid mechanics, great performance, active developers.",True,229,0,3670,1717365600
10002744,624567,7656119873746724,"Solid mechanics, great performance, active developers.",True,9,0,1802,1754776800
10002745,979600,7656119891324532,Overrated game. Story is weak and servers lag constantly.,False,138,0,5878,1768777200
10002746,559452,7656119872160726,Absolute masterpiece! Spent over 200 hours in this game.,True,9,0,4806,1693864800
10002747,509075,7656119875440035,"Solid mechanics, great performance, active developers.",True,5,0,11538,1655416800
10002748,328417,7656119862596284,One of the best indie games I have played this year.,True,250,0,3230,1776290400
10002749,448444,7656119812923985,Too repetitive and expensive for the amount of content.,False,7,0,1710,1736550000
10002750,401638,7656119891237182,"Full of bugs, crashes on startup after recent update.",False,250,0,3172,1589061600
10002751,784271,7656119875147559,One of the best indie games I have played this year.,True,10,0,13458,1714341600
10002752,813193,7656119825549563,10/10 worth every cent. Must buy during Steam sales!,True,0,18,9070,1764716400
10002753,983329,7656119890445590,10/10 worth every cent. Must buy during Steam sales!,True,10,0,3115,1758664800
10002754,943439,7656119875623235,Absolute masterpiece! Spent over 200 hours in this game.,True,122,0,5447,1724882400
10002755,551101,7656119815636550,Too repetitive and expensive for the amount of content.,False,250,0,13613,1736809200
10002756,188096,7656119853689858,Absolute masterpiece! Spent over 200 hours in this game.,True,1,0,6619,1712872800
10002757,561997,7656119861590486,One of the best indie games I have played this year.,True,8,0,1097,1661983200
10002758,743906,7656119848284293,"Great gameplay, amazing soundtrack, highly recommended!",True,6,35,9683,1538863200
10002759,447813,7656119889183214,"Not recommended in its current state, wait for patches.",False,2,0,13165,1671836400
10002760,807875,7656119830802435,"Great gameplay, amazing soundtrack, highly recommended!",True,10,0,7803,1658700000
10002761,429349,7656119849914962,"Great gameplay, amazing soundtrack, highly recommended!",True,16,0,3645,1508796000
10002762,446143,7656119851120607,"Solid mechanics, great performance, active developers.",True,41,0,5384,1543273200
10002763,245513,7656119875440035,Too repetitive and expensive for the amount of content.,False,3,0,6976,1547074800
10002764,812156,7656119851632139,Too repetitive and expensive for the amount of content.,False,13,0,14584,1762988400
10002765,934527,7656119881280612,"Great gameplay, amazing soundtrack, highly recommended!",True,2,0,6453,1600812000
10002766,850655,7656119859463677,"Great gameplay, amazing soundtrack, highly recommended!",True,4,0,13527,1759615200
10002767,915050,7656119878031975,"Great gameplay, amazing soundtrack, highly recommended!",True,250,0,1175,1722722400
10002768,667812,7656119851120607,"Full of bugs, crashes on startup after recent update.",False,2,0,9070,1726956000
10002769,941476,7656119863703073,"Solid mechanics, great performance, active developers.",True,1,37,6857,1769122800
10002770,128872,7656119865217167,"Great gameplay, amazing soundtrack, highly recommended!",True,0,30,10624,1751925600
10002771,898338,7656119850945190,"Full of bugs, crashes on startup after recent update.",False,7,0,6467,1743804000
10002772,169501,7656119822076203,"Great gameplay, amazing soundtrack, highly recommended!",True,7,0,11184,1739142000
10002773,769431,7656119862157618,"Great gameplay, amazing soundtrack, highly recommended!",True,2,49,5096,1724796000
10002774,166937,7656119880169658,Too repetitive and expensive for the amount of content.,False,150,0,3988,1744149600
10002775,353862,7656119874185264,One of the best indie games I have played this year.,True,3,0,246,1592172000
10002776,923301,7656119866101009,10/10 worth every cent. Must buy during Steam sales!,True,3,0,7422,1610492400
10002777,320738,7656119875716306,10/10 worth every cent. Must buy during Steam sales!,True,3,0,14310,1640818800
10002778,429349,7656119887193607,Absolute masterpiece! Spent over 200 hours in this game.,True,3,0,6384,1644015600
10002779,442777,7656119875840383,Too repetitive and expensive for the amount of content.,False,0,0,5987,1466546400
10002780,656976,7656119892416189,Too repetitive and expensive for the amount of content.,False,4,0,9610,1490565600
10002781,461082,7656119828374182,Poor optimization and awful monetization system.,False,10,0,11611,1750456800
10002782,467100,7656119815156085,10/10 worth every cent. Must buy during Steam sales!,True,0,0,12186,1736031600
10002783,428878,7656119812574179,"Full of bugs, crashes on startup after recent update.",False,7,0,8086,1671231600
10002784,941476,7656119863361590,10/10 worth every cent. Must buy during Steam sales!,True,8,18,4079,1772146800
10002785,672581,7656119839261529,10/10 worth every cent. Must buy during Steam sales!,True,3,0,13874,1732662000
10002786,138126,7656119885439162,Absolute masterpiece! Spent over 200 hours in this game.,True,9,0,7904,1618956000
10002787,328223,7656119846381560,Absolute masterpiece! Spent over 200 hours in this game.,True,15,0,11773,1683324000
10002788,522499,7656119899076864,Overrated game. Story is weak and servers lag constantly.,False,9,0,7016,1672009200
10002789,682191,7656119824548157,Overrated game. Story is weak and servers lag constantly.,False,195,0,10782,1521759600
10002790,395577,7656119856190253,"Solid mechanics, great performance, active developers.",True,9,12,8598,1585177200
10002791,395577,7656119881853207,10/10 worth every cent. Must buy during Steam sales!,True,5,0,8705,1458255600
10002792,373986,7656119884728228,10/10 worth every cent. Must buy during Steam sales!,True,4,0,13197,1736895600
10002793,818016,7656119868191485,One of the best indie games I have played this year.,True,29,0,5753,1506808800
10002794,628777,7656119826083313,"Not recommended in its current state, wait for patches.",False,220,0,800,1693951200
10002795,449141,7656119897737559,10/10 worth every cent. Must buy during Steam sales!,True,89,0,8985,1770937200
10002796,769431,7656119814240672,"Great gameplay, amazing soundtrack, highly recommended!",True,5,0,5113,1764543600
10002797,358325,7656119874491429,Too repetitive and expensive for the amount of content.,False,241,0,3453,1555020000
10002798,118121,7656119859513859,"Solid mechanics, great performance, active developers.",True,2,0,5962,1493935200
10002799,401638,7656119829292026,"Great gameplay, amazing soundtrack, highly recommended!",True,2,0,8113,1753567200
10002800,854175,7656119829998979,10/10 worth every cent. Must buy during Steam sales!,True,184,0,8984,1692741600
10002801,668586,7656119895669465,Absolute masterpiece! Spent over 200 hours in this game.,True,9,0,13015,1700953200
10002802,492245,7656119868517999,"Great gameplay, amazing soundtrack, highly recommended!",True,2,0,1777,1470434400
10002803,610526,7656119845614461,"Not recommended in its current state, wait for patches.",False,202,0,6660,1758232800
10002804,662089,7656119817544084,"Great gameplay, amazing soundtrack, highly recommended!",True,4,0,9867,1542409200
10002805,905014,7656119879201194,10/10 worth every cent. Must buy during Steam sales!,True,3,50,10057,1424127600
10002806,667812,7656119870460470,10/10 worth every cent. Must buy during Steam sales!,True,132,0,7376,1575068400
10002807,915050,7656119867952552,10/10 worth every cent. Must buy during Steam sales!,True,56,0,5503,1756764000
10002808,272387,7656119842662951,Poor optimization and awful monetization system.,False,5,0,13760,1752616800
10002809,248073,7656119885253049,"Great gameplay, amazing soundtrack, highly recommended!",True,3,0,4345,1712959200
10002810,320738,7656119836373455,"Solid mechanics, great performance, active developers.",True,8,0,14032,1674169200
10002811,645423,7656119872160726,"Solid mechanics, great performance, active developers.",True,63,16,14991,1768518000
10002812,394090,7656119885330103,Absolute masterpiece! Spent over 200 hours in this game.,True,10,0,7047,1742338800
10002813,847065,7656119868474057,"Not recommended in its current state, wait for patches.",False,5,1,1295,1673305200
10002814,253587,7656119893946332,Overrated game. Story is weak and servers lag constantly.,False,6,0,2866,1708729200
10002815,524765,7656119842037221,One of the best indie games I have played this year.,True,5,0,12577,1695765600
10002816,580402,7656119846312467,"Great gameplay, amazing soundtrack, highly recommended!",True,4,0,5387,1769986800
10002817,229069,7656119820257225,Absolute masterpiece! Spent over 200 hours in this game.,True,9,0,13646,1765753200
10002818,188096,7656119863866551,"Solid mechanics, great performance, active developers.",True,1,4,6141,1534716000
10002819,603347,7656119880935320,Too repetitive and expensive for the amount of content.,False,3,0,948,1648936800
10002820,108169,7656119859861431,Absolute masterpiece! Spent over 200 hours in this game.,True,8,0,448,1733958000
10002821,327447,7656119822900026,Overrated game. Story is weak and servers lag constantly.,False,3,0,910,1496786400
10002822,411344,7656119889976731,"Full of bugs, crashes on startup after recent update.",False,6,0,3682,1668207600
10002823,531421,7656119810722911,"Not recommended in its current state, wait for patches.",False,87,1,4449,1698620400
10002824,448714,7656119874992367,One of the best indie games I have played this year.,True,108,0,3981,1651701600
10002825,721910,7656119873515097,"Great gameplay, amazing soundtrack, highly recommended!",True,7,0,6242,1491602400
10002826,780150,7656119814209023,Too repetitive and expensive for the amount of content.,False,107,0,1243,1659477600
10002827,670637,7656119837361621,"Great gameplay, amazing soundtrack, highly recommended!",True,3,0,4082,1682892000
10002828,167100,7656119860476629,"Full of bugs, crashes on startup after recent update.",False,9,0,9739,1629928800
10002829,754888,7656119822808250,Absolute masterpiece! Spent over 200 hours in this game.,True,10,0,8879,1567807200
10002830,505743,7656119875357059,"Great gameplay, amazing soundtrack, highly recommended!",True,157,0,4557,1624140000
10002831,169501,7656119854293755,One of the best indie games I have played this year.,True,177,0,795,1697925600
10002832,263753,7656119810453864,Absolute masterpiece! Spent over 200 hours in this game.,True,221,0,879,1665612000
10002833,122727,7656119894235099,Poor optimization and awful monetization system.,False,1,22,3708,1785016800
10002834,449532,7656119835079074,Overrated game. Story is weak and servers lag constantly.,False,75,0,3600,1781647200
10002835,484520,7656119887814248,Absolute masterpiece! Spent over 200 hours in this game.,True,6,0,6107,1772319600
10002836,458731,7656119819599941,10/10 worth every cent. Must buy during Steam sales!,True,10,0,196,1773788400
10002837,620079,7656119836820132,"Solid mechanics, great performance, active developers.",True,27,0,3506,1428530400
10002838,600039,7656119898730962,"Not recommended in its current state, wait for patches.",False,7,0,4141,1628114400
10002839,260815,7656119858302200,Absolute masterpiece! Spent over 200 hours in this game.,True,10,0,6668,1678921200
10002840,709172,7656119829324655,Overrated game. Story is weak and servers lag constantly.,False,3,0,2611,1656712800
10002841,828364,7656119860773395,"Solid mechanics, great performance, active developers.",True,5,0,2313,1743202800
10002842,224578,7656119861836172,"Great gameplay, amazing soundtrack, highly recommended!",True,3,0,8889,1732489200
10002843,670637,7656119830304979,"Not recommended in its current state, wait for patches.",False,8,0,7223,1702681200
10002844,619673,7656119896122897,"Not recommended in its current state, wait for patches.",False,10,0,9663,1705446000
10002845,761898,7656119828755207,"Not recommended in its current state, wait for patches.",False,235,0,3675,1748383200
10002846,512661,7656119873634692,Poor optimization and awful monetization system.,False,4,0,1531,1721340000
10002847,238975,7656119880140998,Absolute masterpiece! Spent over 200 hours in this game.,True,7,0,784,1512946800
10002848,416730,7656119888369426,"Solid mechanics, great performance, active developers.",True,5,0,211,1636498800
10002849,931195,7656119886513549,Absolute masterpiece! Spent over 200 hours in this game.,True,7,0,7977,1768863600
10002850,932173,7656119835146364,Absolute masterpiece! Spent over 200 hours in this game.,True,8,0,5756,1652824800
10002851,169501,7656119844157044,One of the best indie games I have played this year.,True,4,0,2872,1770418800
10002852,292168,7656119843235251,Absolute masterpiece! Spent over 200 hours in this game.,True,2,0,7348,1740956400
10002853,600514,7656119843058064,"Great gameplay, amazing soundtrack, highly recommended!",True,201,0,5916,1693432800
10002854,995493,7656119896382621,"Solid mechanics, great performance, active developers.",True,10,0,3857,1674946800
10002855,884885,7656119818906708,Poor optimization and awful monetization system.,False,58,0,9860,1785276000
10002856,514813,7656119822312182,Absolute masterpiece! Spent over 200 hours in this game.,True,10,0,8334,1765148400
10002857,355639,7656119870140692,"Solid mechanics, great performance, active developers.",True,7,0,6851,1749160800
10002858,922415,7656119835714845,One of the best indie games I have played this year.,True,3,0,12922,1605740400
10002859,635657,7656119894551376,"Great gameplay, amazing soundtrack, highly recommended!",True,2,0,2243,1540767600
10002860,601086,7656119874493254,"Solid mechanics, great performance, active developers.",True,6,0,12090,1719093600
10002861,828364,7656119815636550,10/10 worth every cent. Must buy during Steam sales!,True,5,0,1578,1759183200
10002862,854608,7656119838038019,10/10 worth every cent. Must buy during Steam sales!,True,192,35,11197,1517958000
10002863,120804,7656119835584207,"Great gameplay, amazing soundtrack, highly recommended!",True,139,0,6188,1630706400
10002864,120804,7656119868367469,10/10 worth every cent. Must buy during Steam sales!,True,6,0,12518,1595196000
10002865,102045,7656119893250830,One of the best indie games I have played this year.,True,6,0,10960,1758146400
10002866,401638,7656119864377981,Absolute masterpiece! Spent over 200 hours in this game.,True,201,0,5997,1577314800
10002867,979600,7656119843519903,"Full of bugs, crashes on startup after recent update.",False,242,0,6700,1778104800
10002868,796684,7656119860189831,Too repetitive and expensive for the amount of content.,False,0,0,5216,1468188000
10002869,128872,7656119868474057,Poor optimization and awful monetization system.,False,8,0,9707,1744408800
10002870,120368,7656119860912493,10/10 worth every cent. Must buy during Steam sales!,True,7,0,4531,1613257200
10002871,358325,7656119866251362,"Great gameplay, amazing soundtrack, highly recommended!",True,4,0,7606,1777586400
10002872,532369,7656119893138654,Poor optimization and awful monetization system.,False,250,0,8551,1763247600
10002873,463737,7656119832134090,"Not recommended in its current state, wait for patches.",False,1,0,13916,1614898800
10002874,118238,7656119862764077,One of the best indie games I have played this year.,True,6,0,453,1606863600
10002875,738173,7656119819511688,10/10 worth every cent. Must buy during Steam sales!,True,5,0,12418,1758232800
10002876,984846,7656119895971365,"Solid mechanics, great performance, active developers.",True,3,0,11210,1770332400
10002877,925370,7656119831027484,"Solid mechanics, great performance, active developers.",True,0,0,10915,1729461600
10002878,851097,7656119826100744,One of the best indie games I have played this year.,True,2,27,4405,1775772000
10002879,915050,7656119880385578,10/10 worth every cent. Must buy during Steam sales!,True,6,0,14204,1748988000
10002880,584962,7656119816720320,"Solid mechanics, great performance, active developers.",True,2,0,7492,1509228000
10002881,127275,7656119876172990,Overrated game. Story is weak and servers lag constantly.,False,1,0,1582,1737154800
10002882,555423,7656119898414187,Too repetitive and expensive for the amount of content.,False,10,0,2493,1782252000
10002883,931793,7656119896382621,Overrated game. Story is weak and servers lag constantly.,False,30,0,8145,1620424800
10002884,573085,7656119866101009,One of the best indie games I have played this year.,True,7,0,2787,1697148000
10002885,267886,7656119810346531,"Solid mechanics, great performance, active developers.",True,2,0,840,1784239200
10002886,672581,7656119843058064,One of the best indie games I have played this year.,True,5,0,11935,1731020400
10002887,229202,7656119879079456,Too repetitive and expensive for the amount of content.,False,52,0,13088,1768777200
10002888,613859,7656119876394385,"Great gameplay, amazing soundtrack, highly recommended!",True,8,0,14237,1753567200
10002889,524765,7656119831004399,"Great gameplay, amazing soundtrack, highly recommended!",True,0,0,8412,1715551200
10002890,688444,7656119890445590,Overrated game. Story is weak and servers lag constantly.,False,5,0,14110,1757368800
10002891,184481,7656119824098732,Overrated game. Story is weak and servers lag constantly.,False,234,0,3043,1576623600
10002892,431977,7656119845400793,"Great gameplay, amazing soundtrack, highly recommended!",True,3,0,1518,1673564400
10002893,898338,7656119877532430,Too repetitive and expensive for the amount of content.,False,6,0,13985,1709506800
10002894,555423,7656119824098732,Poor optimization and awful monetization system.,False,1,0,9411,1732575600
10002895,958242,7656119822509868,Absolute masterpiece! Spent over 200 hours in this game.,True,8,0,3003,1649800800
10002896,789660,7656119860295510,"Solid mechanics, great performance, active developers.",True,5,0,6021,1729634400
10002897,211995,7656119822094552,"Great gameplay, amazing soundtrack, highly recommended!",True,8,0,10558,1625349600
10002898,969809,7656119855827867,One of the best indie games I have played this year.,True,1,46,13004,1682632800
10002899,816259,7656119891053122,Too repetitive and expensive for the amount of content.,False,136,22,11562,1716674400
10002900,662089,7656119873571210,"Solid mechanics, great performance, active developers.",True,3,0,4081,1475618400
10002901,469090,7656119854606124,"Full of bugs, crashes on startup after recent update.",False,131,0,14164,1554501600
10002902,659434,7656119881905353,"Solid mechanics, great performance, active developers.",True,6,0,13571,1568412000
10002903,138126,7656119855774210,Absolute masterpiece! Spent over 200 hours in this game.,True,6,42,11090,1630706400
10002904,820820,7656119852361788,"Great gameplay, amazing soundtrack, highly recommended!",True,95,0,10422,1590789600
10002905,668144,7656119858391455,"Great gameplay, amazing soundtrack, highly recommended!",True,6,0,12301,1689372000
10002906,486018,7656119839088611,"Solid mechanics, great performance, active developers.",True,9,0,5857,1647212400
10002907,229208,7656119881821998,"Not recommended in its current state, wait for patches.",False,43,0,11931,1770937200
10002908,979600,7656119811419219,10/10 worth every cent. Must buy during Steam sales!,True,7,0,5559,1761865200
10002909,777304,7656119822076203,One of the best indie games I have played this year.,True,0,0,487,1653429600
10002910,592114,7656119822808250,Poor optimization and awful monetization system.,False,0,0,5551,1656367200
10002911,590077,7656119875727361,One of the best indie games I have played this year.,True,3,0,4637,1393369200
10002912,615496,7656119837598333,"Great gameplay, amazing soundtrack, highly recommended!",True,188,0,11071,1736031600
10002913,813193,7656119880081311,"Solid mechanics, great performance, active developers.",True,8,0,14325,1751061600
10002914,514322,7656119843015011,"Great gameplay, amazing soundtrack, highly recommended!",True,163,0,431,1724104800
10002915,125207,7656119875026854,Too repetitive and expensive for the amount of content.,False,201,10,8768,1686693600
10002916,720128,7656119856387984,Absolute masterpiece! Spent over 200 hours in this game.,True,4,0,12681,1472076000
10002917,925370,7656119859463677,"Great gameplay, amazing soundtrack, highly recommended!",True,3,0,2325,1715810400
10002918,561997,7656119875257688,"Great gameplay, amazing soundtrack, highly recommended!",True,10,3,1106,1536962400
10002919,648717,7656119837550184,One of the best indie games I have played this year.,True,51,0,14261,1764543600
10002920,931195,7656119870183473,"Great gameplay, amazing soundtrack, highly recommended!",True,0,0,2175,1744063200
10002921,127275,7656119822567307,Absolute masterpiece! Spent over 200 hours in this game.,True,3,0,4494,1625522400
10002922,355639,7656119890441277,One of the best indie games I have played this year.,True,129,0,11156,1738278000
10002923,507324,7656119878190093,"Great gameplay, amazing soundtrack, highly recommended!",True,6,7,10797,1741993200
10002924,820820,7656119890045703,Absolute masterpiece! Spent over 200 hours in this game.,True,87,0,9941,1430949600
10002925,869859,7656119842044885,One of the best indie games I have played this year.,True,6,15,3504,1687298400
10002926,514322,7656119890735586,Absolute masterpiece! Spent over 200 hours in this game.,True,178,0,3073,1730070000
10002927,373986,7656119848144980,One of the best indie games I have played this year.,True,70,0,10303,1744408800
10002928,429349,7656119823939347,Too repetitive and expensive for the amount of content.,False,9,0,631,1658700000
10002929,289227,7656119877845717,Absolute masterpiece! Spent over 200 hours in this game.,True,8,27,14074,1737846000
10002930,122727,7656119828598744,Absolute masterpiece! Spent over 200 hours in this game.,True,98,16,7207,1690840800
10002931,201051,7656119847798085,"Full of bugs, crashes on startup after recent update.",False,26,0,7670,1686434400
10002932,205054,7656119891890104,"Solid mechanics, great performance, active developers.",True,0,0,3810,1675638000
10002933,823082,7656119842117626,Too repetitive and expensive for the amount of content.,False,0,0,6198,1622584800
10002934,132182,7656119834724569,Poor optimization and awful monetization system.,False,4,17,10411,1609282800
10002935,909126,7656119871147136,Too repetitive and expensive for the amount of content.,False,6,0,5974,1634508000
10002936,532369,7656119826327874,Absolute masterpiece! Spent over 200 hours in this game.,True,2,0,5088,1666216800
10002937,363398,7656119863287624,"Not recommended in its current state, wait for patches.",False,194,0,11196,1782338400
10002938,463737,7656119871874603,"Great gameplay, amazing soundtrack, highly recommended!",True,129,48,3611,1448924400
10002939,666065,7656119868496329,Absolute masterpiece! Spent over 200 hours in this game.,True,105,0,8806,1628805600
10002940,886856,7656119858220748,Absolute masterpiece! Spent over 200 hours in this game.,True,10,0,8924,1472508000
10002941,684738,7656119858807097,"Full of bugs, crashes on startup after recent update.",False,134,0,7136,1674082800
10002942,132182,7656119852744039,Too repetitive and expensive for the amount of content.,False,4,0,794,1719871200
10002943,905014,7656119850992834,Absolute masterpiece! Spent over 200 hours in this game.,True,221,0,9242,1699484400
10002944,603181,7656119846312467,Absolute masterpiece! Spent over 200 hours in this game.,True,4,0,13096,1711148400
10002945,672581,7656119870058093,Absolute masterpiece! Spent over 200 hours in this game.,True,8,0,3879,1594072800
10002946,512399,7656119817116796,"Great gameplay, amazing soundtrack, highly recommended!",True,6,0,4421,1775858400
10002947,851936,7656119862957744,"Great gameplay, amazing soundtrack, highly recommended!",True,15,0,11130,1711753200
10002948,898338,7656119845560463,One of the best indie games I have played this year.,True,8,0,14610,1680472800
10002949,983329,7656119876172990,One of the best indie games I have played this year.,True,9,0,8651,1703977200
10002950,423916,7656119890062170,Overrated game. Story is weak and servers lag constantly.,False,135,0,8651,1631397600
10002951,995493,7656119830476811,Overrated game. Story is weak and servers lag constantly.,False,6,28,6109,1401400800
10002952,940715,7656119882112766,Poor optimization and awful monetization system.,False,133,0,5285,1725573600
10002953,253587,7656119813863932,"Solid mechanics, great performance, active developers.",True,9,16,14971,1678662000
10002954,298321,7656119871108646,Overrated game. Story is weak and servers lag constantly.,False,54,0,3331,1674601200
10002955,524765,7656119863870785,"Great gameplay, amazing soundtrack, highly recommended!",True,6,0,8689,1501192800
10002956,703646,7656119845497579,Absolute masterpiece! Spent over 200 hours in this game.,True,3,0,2886,1595196000
10002957,923327,7656119870144577,"Full of bugs, crashes on startup after recent update.",False,5,0,619,1656021600
10002958,302920,7656119850992834,"Not recommended in its current state, wait for patches.",False,3,19,14781,1756850400
10002959,369295,7656119843235251,10/10 worth every cent. Must buy during Steam sales!,True,9,0,14255,1604358000
10002960,432918,7656119811444818,"Great gameplay, amazing soundtrack, highly recommended!",True,50,0,3421,1752876000
10002961,394090,7656119848284293,Absolute masterpiece! Spent over 200 hours in this game.,True,4,0,1187,1738796400
10002962,960289,7656119852166150,"Solid mechanics, great performance, active developers.",True,7,0,2547,1719352800
10002963,375654,7656119855091096,Absolute masterpiece! Spent over 200 hours in this game.,True,86,0,1188,1778796000
10002964,138126,7656119845400793,Absolute masterpiece! Spent over 200 hours in this game.,True,125,0,11162,1612825200
10002965,738297,7656119874491429,Poor optimization and awful monetization system.,False,4,0,6255,1456095600
10002966,298321,7656119871108646,Overrated game. Story is weak and servers lag constantly.,False,10,33,11919,1532469600
10002967,260897,7656119862650923,One of the best indie games I have played this year.,True,5,0,5008,1700521200
10002968,628777,7656119821125343,"Solid mechanics, great performance, active developers.",True,2,0,10494,1702681200
10002969,505743,7656119828002104,One of the best indie games I have played this year.,True,9,0,2216,1749420000
10002970,765415,7656119863703073,"Solid mechanics, great performance, active developers.",True,12,0,787,1516662000
10002971,119791,7656119881821998,"Great gameplay, amazing soundtrack, highly recommended!",True,8,0,10806,1779228000
10002972,847065,7656119826448008,Absolute masterpiece! Spent over 200 hours in this game.,True,6,37,14368,1578524400
10002973,943946,7656119865874989,Poor optimization and awful monetization system.,False,5,0,2554,1495749600
10002974,229069,7656119840682169,Overrated game. Story is weak and servers lag constantly.,False,5,0,2269,1724104800
10002975,167100,7656119812923985,10/10 worth every cent. Must buy during Steam sales!,True,21,0,7050,1682719200
10002976,607836,7656119853396308,One of the best indie games I have played this year.,True,9,0,8321,1780696800
10002977,810187,7656119825785904,"Not recommended in its current state, wait for patches.",False,4,0,13219,1588543200
10002978,320386,7656119850309809,"Solid mechanics, great performance, active developers.",True,130,0,6513,1595455200
10002979,897489,7656119816720320,"Full of bugs, crashes on startup after recent update.",False,3,0,1796,1614985200
10002980,603181,7656119870183473,Too repetitive and expensive for the amount of content.,False,5,0,9790,1720389600
10002981,603347,7656119812721176,One of the best indie games I have played this year.,True,6,0,13155,1759528800
10002982,267886,7656119855081883,10/10 worth every cent. Must buy during Steam sales!,True,3,49,9549,1765926000
10002983,847065,7656119835168561,10/10 worth every cent. Must buy during Steam sales!,True,0,0,3355,1725055200
10002984,446143,7656119843144183,"Solid mechanics, great performance, active developers.",True,2,7,6534,1539813600
10002985,327570,7656119899969125,"Solid mechanics, great performance, active developers.",True,101,0,13016,1771455600
10002986,668144,7656119845884259,"Great gameplay, amazing soundtrack, highly recommended!",True,7,0,3186,1666735200
10002987,600514,7656119857116187,"Not recommended in its current state, wait for patches.",False,7,0,6371,1755900000
10002988,932173,7656119873349497,"Great gameplay, amazing soundtrack, highly recommended!",True,5,0,10654,1380405600
10002989,531421,7656119824817478,Poor optimization and awful monetization system.,False,4,0,8239,1608764400
10002990,355639,7656119818760412,"Solid mechanics, great performance, active developers.",True,7,0,7360,1774393200
10002991,839682,7656119822076203,"Solid mechanics, great performance, active developers.",True,49,0,3038,1751061600
10002992,850655,7656119875046351,Overrated game. Story is weak and servers lag constantly.,False,1,37,6258,1683756000
10002993,903416,7656119859996879,10/10 worth every cent. Must buy during Steam sales!,True,7,0,8097,1746482400
10002994,620079,7656119865793743,10/10 worth every cent. Must buy during Steam sales!,True,10,30,14809,1457564400
10002995,328417,7656119873703170,"Not recommended in its current state, wait for patches.",False,3,0,11717,1676934000
10002996,525711,7656119862650923,10/10 worth every cent. Must buy during Steam sales!,True,4,0,2470,1772406000
10002997,584962,7656119890735586,"Solid mechanics, great performance, active developers.",True,1,0,1115,1655244000
10002998,467100,7656119874767216,One of the best indie games I have played this year.,True,66,0,13774,1673391600
10002999,228079,7656119850994457,"Solid mechanics, great performance, active developers.",True,3,0,9969,1644879600
10003000,484520,7656119874283657,10/10 worth every cent. Must buy during Steam sales!,True,1,0,13624,1658872800
10003001,709172,7656119834413032,10/10 worth every cent. Must buy during Steam sales!,True,199,36,9453,1618264800
10003002,630847,7656119863998888,"Solid mechanics, great performance, active developers.",True,213,0,8104,1636585200
10003003,667966,7656119839550163,"Great gameplay, amazing soundtrack, highly recommended!",True,131,0,10548,1779314400
10003004,941476,7656119865435870,"Great gameplay, amazing soundtrack, highly recommended!",True,1,0,12410,1722895200
10003005,278648,7656119821211719,Overrated game. Story is weak and servers lag constantly.,False,9,0,4348,1765753200
10003006,820820,7656119896707620,Absolute masterpiece! Spent over 200 hours in this game.,True,9,0,11262,1652824800
10003007,312186,7656119829324655,"Not recommended in its current state, wait for patches.",False,20,0,9842,1453244400
10003008,104323,7656119818221287,Absolute masterpiece! Spent over 200 hours in this game.,True,108,0,3496,1566338400
10003009,995493,7656119865033242,"Full of bugs, crashes on startup after recent update.",False,10,0,8833,1493416800
10003010,662089,7656119837550184,"Full of bugs, crashes on startup after recent update.",False,5,0,10925,1764802800
10003011,402015,7656119868191485,Absolute masterpiece! Spent over 200 hours in this game.,True,8,0,8281,1595628000
10003012,880063,7656119896122897,10/10 worth every cent. Must buy during Steam sales!,True,4,3,1345,1675638000
10003013,662700,7656119898189033,One of the best indie games I have played this year.,True,2,30,5086,1607814000
10003014,621239,7656119873433036,Absolute masterpiece! Spent over 200 hours in this game.,True,1,0,12567,1772406000
10003015,972686,7656119834444578,"Solid mechanics, great performance, active developers.",True,176,0,9627,1741820400
10003016,308199,7656119839918835,10/10 worth every cent. Must buy during Steam sales!,True,4,0,2089,1580252400
10003017,969809,7656119854725262,One of the best indie games I have played this year.,True,8,36,1493,1458687600
10003018,289227,7656119880876552,10/10 worth every cent. Must buy during Steam sales!,True,2,44,3561,1731452400
10003019,446143,7656119832728860,"Solid mechanics, great performance, active developers.",True,1,0,1213,1540767600
10003020,775847,7656119820122216,"Full of bugs, crashes on startup after recent update.",False,3,0,7118,1637881200
10003021,138126,7656119864719583,One of the best indie games I have played this year.,True,235,0,11969,1652738400
10003022,843949,7656119819224674,10/10 worth every cent. Must buy during Steam sales!,True,0,0,10485,1703718000
10003023,666065,7656119815232334,Too repetitive and expensive for the amount of content.,False,10,0,11864,1667430000
10003024,551101,7656119826254390,Overrated game. Story is weak and servers lag constantly.,False,3,22,12350,1727733600
10003025,525711,7656119849269416,"Full of bugs, crashes on startup after recent update.",False,7,0,13973,1762383600
10003026,658679,7656119879811845,"Great gameplay, amazing soundtrack, highly recommended!",True,4,0,6718,1627855200
10003027,483607,7656119817084775,Absolute masterpiece! Spent over 200 hours in this game.,True,2,0,7013,1473026400
10003028,263753,7656119832339403,"Solid mechanics, great performance, active developers.",True,10,0,14472,1691100000
10003029,839682,7656119884575328,"Not recommended in its current state, wait for patches.",False,9,0,1957,1685224800
10003030,509990,7656119824237556,"Great gameplay, amazing soundtrack, highly recommended!",True,124,36,8304,1690668000
10003031,100495,7656119846381560,"Full of bugs, crashes on startup after recent update.",False,213,0,2320,1741561200
10003032,703646,7656119862252284,"Great gameplay, amazing soundtrack, highly recommended!",True,10,0,13023,1400796000
10003033,431977,7656119835504135,"Solid mechanics, great performance, active developers.",True,46,0,4269,1579215600
10003034,428878,7656119894235099,"Not recommended in its current state, wait for patches.",False,147,27,8710,1753394400
10003035,974174,7656119863252375,One of the best indie games I have played this year.,True,5,0,4624,1512082800
10003036,765415,7656119890944634,10/10 worth every cent. Must buy during Steam sales!,True,0,16,61,1439416800
10003037,115880,7656119832915897,Overrated game. Story is weak and servers lag constantly.,False,5,0,10724,1460757600
10003038,367762,7656119882537654,"Solid mechanics, great performance, active developers.",True,16,0,754,1662760800
10003039,514322,7656119870144577,"Solid mechanics, great performance, active developers.",True,201,0,11171,1570744800
10003040,359033,7656119845400793,"Full of bugs, crashes on startup after recent update.",False,6,8,11315,1774047600
10003041,592114,7656119890250952,Poor optimization and awful monetization system.,False,171,31,3002,1611097200
10003042,483607,7656119854781120,One of the best indie games I have played this year.,True,171,0,8145,1628114400
10003043,724178,7656119870058093,Absolute masterpiece! Spent over 200 hours in this game.,True,168,0,8214,1416697200
10003044,839682,7656119880992598,Too repetitive and expensive for the amount of content.,False,10,0,1233,1730070000
10003045,224578,7656119825459516,Absolute masterpiece! Spent over 200 hours in this game.,True,8,0,13179,1616454000
10003046,670637,7656119850992834,"Great gameplay, amazing soundtrack, highly recommended!",True,2,0,14470,1756764000
10003047,615496,7656119881543175,"Not recommended in its current state, wait for patches.",False,31,0,8160,1580684400
10003048,347238,7656119828374182,Poor optimization and awful monetization system.,False,170,0,5613,1683496800
10003049,108633,7656119859463677,"Great gameplay, amazing soundtrack, highly recommended!",True,177,23,14674,1477260000
10003050,662700,7656119857079678,Too repetitive and expensive for the amount of content.,False,178,0,14598,1501365600
10003051,943946,7656119828007847,"Great gameplay, amazing soundtrack, highly recommended!",True,2,0,3620,1720994400
10003052,672581,7656119880876552,"Great gameplay, amazing soundtrack, highly recommended!",True,0,0,9623,1725141600
10003053,293203,7656119892019019,"Not recommended in its current state, wait for patches.",False,9,0,1609,1665266400
10003054,983329,7656119871994620,Overrated game. Story is weak and servers lag constantly.,False,0,22,10085,1675897200
10003055,854608,7656119875302702,10/10 worth every cent. Must buy during Steam sales!,True,168,0,7727,1773961200
10003056,524765,7656119890394733,"Not recommended in its current state, wait for patches.",False,1,0,4822,1493848800
10003057,619673,7656119828598744,"Full of bugs, crashes on startup after recent update.",False,6,0,12612,1704236400
10003058,242940,7656119872717437,"Great gameplay, amazing soundtrack, highly recommended!",True,0,0,113,1361228400
10003059,613859,7656119832915897,One of the best indie games I have played this year.,True,146,16,10544,1757109600
10003060,935179,7656119875046351,Overrated game. Story is weak and servers lag constantly.,False,3,0,10190,1696284000
10003061,449141,7656119832085459,"Solid mechanics, great performance, active developers.",True,219,5,346,1778709600
10003062,293203,7656119840225803,"Full of bugs, crashes on startup after recent update.",False,8,0,2692,1722117600
10003063,897489,7656119864228431,10/10 worth every cent. Must buy during Steam sales!,True,1,0,13361,1442786400
10003064,818016,7656119876171292,"Not recommended in its current state, wait for patches.",False,1,0,5120,1779055200
10003065,292168,7656119885842776,Overrated game. Story is weak and servers lag constantly.,False,5,10,9267,1704582000
10003066,304958,7656119818832677,"Great gameplay, amazing soundtrack, highly recommended!",True,59,0,2558,1616454000
10003067,485204,7656119877714846,"Full of bugs, crashes on startup after recent update.",False,30,0,10435,1732921200
10003068,229069,7656119810772080,Absolute masterpiece! Spent over 200 hours in this game.,True,74,28,73,1729202400
10003069,285728,7656119889155610,Absolute masterpiece! Spent over 200 hours in this game.,True,125,0,3436,1718488800
10003070,492245,7656119858807097,Too repetitive and expensive for the amount of content.,False,3,0,4688,1682632800
10003071,983329,7656119830711293,10/10 worth every cent. Must buy during Steam sales!,True,0,0,8595,1697320800
10003072,699678,7656119823474578,10/10 worth every cent. Must buy during Steam sales!,True,8,0,9089,1413410400
10003073,630847,7656119885713074,Absolute masterpiece! Spent over 200 hours in this game.,True,130,24,6466,1644620400
10003074,761716,7656119882160976,Absolute masterpiece! Spent over 200 hours in this game.,True,2,0,12923,1563832800
10003075,662700,7656119855774210,"Solid mechanics, great performance, active developers.",True,140,46,8723,1597356000
10003076,432150,7656119873564302,Poor optimization and awful monetization system.,False,2,0,3545,1750456800
10003077,625408,7656119833049040,10/10 worth every cent. Must buy during Steam sales!,True,8,0,12870,1684706400
10003078,818016,7656119821757027,"Solid mechanics, great performance, active developers.",True,1,0,586,1383778800
10003079,294521,7656119842028546,Overrated game. Story is weak and servers lag constantly.,False,1,0,4589,1718661600
10003080,659434,7656119827944796,One of the best indie games I have played this year.,True,2,0,1367,1603753200
10003081,463737,7656119836994635,"Great gameplay, amazing soundtrack, highly recommended!",True,1,0,4870,1490396400
10003082,809680,7656119844895966,"Solid mechanics, great performance, active developers.",True,237,0,10652,1776204000
10003083,298321,7656119821979467,10/10 worth every cent. Must buy during Steam sales!,True,9,0,14603,1597615200
10003084,505482,7656119871409823,10/10 worth every cent. Must buy during Steam sales!,True,0,17,10862,1689804000
10003085,166937,7656119869526772,"Great gameplay, amazing soundtrack, highly recommended!",True,16,0,14711,1693260000
10003086,485204,7656119876394385,"Solid mechanics, great performance, active developers.",True,69,0,10236,1780178400
10003087,667812,7656119820595243,One of the best indie games I have played this year.,True,4,0,12611,1363302000
10003088,312186,7656119810229410,Absolute masterpiece! Spent over 200 hours in this game.,True,9,0,11811,1441490400
10003089,854608,7656119820122216,"Solid mechanics, great performance, active developers.",True,102,18,9228,1776549600
10003090,610526,7656119890139294,Too repetitive and expensive for the amount of content.,False,6,0,1695,1783375200
10003091,769431,7656119824657318,"Not recommended in its current state, wait for patches.",False,10,0,1266,1761084000
10003092,449141,7656119894699981,"Solid mechanics, great performance, active developers.",True,231,0,120,1442872800
10003093,923327,7656119875302702,Poor optimization and awful monetization system.,False,76,0,13922,1668380400
10003094,484520,7656119875046351,"Solid mechanics, great performance, active developers.",True,5,0,5802,1777932000
10003095,292168,7656119820600395,Too repetitive and expensive for the amount of content.,False,2,0,5297,1624399200
10003096,620079,7656119834164185,One of the best indie games I have played this year.,True,213,26,3727,1782943200
10003097,670637,7656119863466816,Overrated game. Story is weak and servers lag constantly.,False,102,2,474,1766444400
10003098,614098,7656119857079678,"Solid mechanics, great performance, active developers.",True,200,0,14071,1751320800
10003099,432918,7656119812586103,10/10 worth every cent. Must buy during Steam sales!,True,8,18,7294,1625954400
10003100,442777,7656119873634692,Absolute masterpiece! Spent over 200 hours in this game.,True,172,0,13900,1464127200
10003101,727676,7656119816720320,One of the best indie games I have played this year.,True,191,0,8736,1673737200
10003102,188096,7656119874986747,"Great gameplay, amazing soundtrack, highly recommended!",True,3,0,1312,1630792800
10003103,320386,7656119813863932,"Solid mechanics, great performance, active developers.",True,3,0,5799,1783634400
10003104,211995,7656119821757027,"Great gameplay, amazing soundtrack, highly recommended!",True,9,0,6912,1565992800
10003105,423916,7656119837769170,Overrated game. Story is weak and servers lag constantly.,False,3,0,13325,1675206000
10003106,505743,7656119896395551,"Great gameplay, amazing soundtrack, highly recommended!",True,2,0,4880,1600120800
10003107,253587,7656119842794291,Absolute masterpiece! Spent over 200 hours in this game.,True,5,6,10316,1526508000
10003108,263753,7656119810891041,"Great gameplay, amazing soundtrack, highly recommended!",True,10,0,4484,1736636400
10003109,302920,7656119858925271,"Not recommended in its current state, wait for patches.",False,9,0,7266,1743890400
10003110,384826,7656119863330540,"Full of bugs, crashes on startup after recent update.",False,3,0,9537,1582844400
10003111,818016,7656119850440440,One of the best indie games I have played this year.,True,9,0,13598,1398376800
10003112,449532,7656119882160976,"Great gameplay, amazing soundtrack, highly recommended!",True,8,0,622,1761519600
10003113,238975,7656119828755207,Absolute masterpiece! Spent over 200 hours in this game.,True,1,0,6764,1488495600
10003114,324235,7656119823238728,"Great gameplay, amazing soundtrack, highly recommended!",True,6,0,8115,1575673200
10003115,677743,7656119882836195,"Solid mechanics, great performance, active developers.",True,6,0,8826,1695938400
10003116,573085,7656119864808613,Poor optimization and awful monetization system.,False,90,0,8857,1443132000
10003117,923301,7656119835714845,"Not recommended in its current state, wait for patches.",False,50,0,14727,1458169200
10003118,925370,7656119820800318,Absolute masterpiece! Spent over 200 hours in this game.,True,9,0,3164,1764025200
10003119,292168,7656119824413460,"Full of bugs, crashes on startup after recent update.",False,3,0,4254,1781215200
10003120,563124,7656119846639199,10/10 worth every cent. Must buy during Steam sales!,True,3,0,6189,1677711600
10003121,483607,7656119813179344,Absolute masterpiece! Spent over 200 hours in this game.,True,88,0,11297,1665007200
10003122,355639,7656119898075745,Absolute masterpiece! Spent over 200 hours in this game.,True,129,0,5125,1764889200
10003123,291387,7656119832505576,"Full of bugs, crashes on startup after recent update.",False,2,0,139,1588284000
10003124,850655,7656119820529992,"Great gameplay, amazing soundtrack, highly recommended!",True,5,0,143,1688335200
10003125,601086,7656119895547449,"Full of bugs, crashes on startup after recent update.",False,0,0,3219,1729029600
10003126,869859,7656119839284905,Absolute masterpiece! Spent over 200 hours in this game.,True,9,0,1176,1783116000
10003127,120706,7656119895140851,10/10 worth every cent. Must buy during Steam sales!,True,106,20,5098,1776463200
10003128,320738,7656119850992834,"Not recommended in its current state, wait for patches.",False,177,0,3793,1733698800
10003129,699678,7656119899491469,10/10 worth every cent. Must buy during Steam sales!,True,3,30,4710,1492380000
10003130,293203,7656119868367469,One of the best indie games I have played this year.,True,175,0,4932,1632088800
10003131,175965,7656119887180866,"Not recommended in its current state, wait for patches.",False,7,35,12305,1550098800
10003132,940715,7656119813179344,"Great gameplay, amazing soundtrack, highly recommended!",True,5,0,5951,1656799200
10003133,191017,7656119828002104,Overrated game. Story is weak and servers lag constantly.,False,9,0,8560,1485385200
10003134,375654,7656119839219712,One of the best indie games I have played this year.,True,2,12,2790,1750024800
10003135,320738,7656119815156085,"Full of bugs, crashes on startup after recent update.",False,181,0,13489,1618783200
10003136,310047,7656119869214392,"Not recommended in its current state, wait for patches.",False,1,0,5662,1726524000
10003137,395577,7656119825548192,"Great gameplay, amazing soundtrack, highly recommended!",True,7,0,5256,1361919600
10003138,668144,7656119856910664,"Solid mechanics, great performance, active developers.",True,247,0,8717,1699225200
10003139,615496,7656119874491429,"Full of bugs, crashes on startup after recent update.",False,3,0,8181,1582930800
10003140,122727,7656119863613423,"Great gameplay, amazing soundtrack, highly recommended!",True,0,0,3742,1638313200
10003141,958242,7656119818544246,"Solid mechanics, great performance, active developers.",True,9,36,8039,1623967200
10003142,880529,7656119817925265,"Great gameplay, amazing soundtrack, highly recommended!",True,3,0,6655,1777068000
10003143,898338,7656119896707620,"Full of bugs, crashes on startup after recent update.",False,6,0,2506,1778536800
10003144,169501,7656119841776403,Overrated game. Story is weak and servers lag constantly.,False,0,0,2230,1688248800
10003145,132182,7656119862193197,One of the best indie games I have played this year.,True,8,0,938,1675724400
10003146,169501,7656119858092731,10/10 worth every cent. Must buy during Steam sales!,True,1,0,6610,1728252000
10003147,645423,7656119812211816,10/10 worth every cent. Must buy during Steam sales!,True,6,0,1097,1721685600
10003148,384826,7656119851685103,10/10 worth every cent. Must buy during Steam sales!,True,137,0,9935,1551567600
10003149,862692,7656119869233005,"Great gameplay, amazing soundtrack, highly recommended!",True,38,0,10108,1722204000
10003150,940715,7656119888247577,"Great gameplay, amazing soundtrack, highly recommended!",True,4,0,597,1692568800
10003151,943946,7656119854293755,One of the best indie games I have played this year.,True,1,7,11691,1562104800
10003152,563124,7656119868191485,"Great gameplay, amazing soundtrack, highly recommended!",True,9,0,3986,1337896800
10003153,995493,7656119825304742,"Solid mechanics, great performance, active developers.",True,3,0,11025,1617055200
10003154,678655,7656119826546509,"Solid mechanics, great performance, active developers.",True,206,0,499,1773010800
10003155,688444,7656119874307574,"Not recommended in its current state, wait for patches.",False,87,0,6342,1630188000
10003156,932173,7656119892617600,Overrated game. Story is weak and servers lag constantly.,False,27,0,654,1585864800
10003157,781102,7656119859984977,10/10 worth every cent. Must buy during Steam sales!,True,9,0,9088,1780437600
10003158,355639,7656119858925271,"Solid mechanics, great performance, active developers.",True,7,0,14279,1746396000
10003159,115880,7656119842028546,10/10 worth every cent. Must buy during Steam sales!,True,60,0,5229,1622671200
10003160,505482,7656119812763319,Absolute masterpiece! Spent over 200 hours in this game.,True,207,0,14903,1707260400
10003161,128837,7656119843519903,Overrated game. Story is weak and servers lag constantly.,False,183,0,4800,1756504800
10003162,364851,7656119889752333,Too repetitive and expensive for the amount of content.,False,4,0,8221,1470261600
10003163,563124,7656119867379465,Overrated game. Story is weak and servers lag constantly.,False,4,7,8079,1605654000
10003164,619878,7656119884920259,Absolute masterpiece! Spent over 200 hours in this game.,True,176,0,3013,1357945200
10003165,625408,7656119895140851,One of the best indie games I have played this year.,True,6,0,4326,1628546400
10003166,461082,7656119872717437,Overrated game. Story is weak and servers lag constantly.,False,2,0,14921,1661896800
10003167,659434,7656119819252314,"Full of bugs, crashes on startup after recent update.",False,0,0,2110,1738191600
10003168,943439,7656119852084727,"Great gameplay, amazing soundtrack, highly recommended!",True,1,0,12937,1559685600
10003169,324235,7656119856186947,10/10 worth every cent. Must buy during Steam sales!,True,3,0,3604,1668639600
10003170,777304,7656119862172995,"Solid mechanics, great performance, active developers.",True,219,18,583,1679180400
10003171,667966,7656119860476629,Overrated game. Story is weak and servers lag constantly.,False,224,0,6006,1676070000
10003172,254921,7656119863361590,Absolute masterpiece! Spent over 200 hours in this game.,True,41,0,9946,1592431200
10003173,108169,7656119839339569,"Great gameplay, amazing soundtrack, highly recommended!",True,5,0,11713,1590271200
10003174,886856,7656119834240244,"Solid mechanics, great performance, active developers.",True,1,0,7034,1576105200
10003175,766548,7656119820600395,Too repetitive and expensive for the amount of content.,False,6,0,792,1682200800
10003176,166937,7656119867952552,"Solid mechanics, great performance, active developers.",True,3,0,4245,1702249200
10003177,750671,7656119877915832,Overrated game. Story is weak and servers lag constantly.,False,10,0,14576,1553468400
10003178,703646,7656119831804163,"Great gameplay, amazing soundtrack, highly recommended!",True,55,0,13725,1463781600
10003179,921237,7656119867059398,"Great gameplay, amazing soundtrack, highly recommended!",True,2,0,13190,1663538400
10003180,928141,7656119891237182,"Great gameplay, amazing soundtrack, highly recommended!",True,237,0,10391,1659132000
10003181,563124,7656119893145899,"Great gameplay, amazing soundtrack, highly recommended!",True,6,0,11165,1583967600
10003182,807875,7656119886458651,Poor optimization and awful monetization system.,False,6,0,14807,1727042400
10003183,931195,7656119882979383,"Full of bugs, crashes on startup after recent update.",False,0,0,11931,1768086000
10003184,563124,7656119847738926,"Great gameplay, amazing soundtrack, highly recommended!",True,10,25,12663,1650751200
10003185,408349,7656119861789576,"Solid mechanics, great performance, active developers.",True,47,11,4900,1774479600
10003186,812156,7656119861903732,Too repetitive and expensive for the amount of content.,False,8,0,2578,1745359200
10003187,175965,7656119897717720,Poor optimization and awful monetization system.,False,10,0,261,1520895600
10003188,128872,7656119864103385,"Great gameplay, amazing soundtrack, highly recommended!",True,10,0,4593,1701298800
10003189,292168,7656119897153199,Too repetitive and expensive for the amount of content.,False,0,0,14105,1623103200
10003190,525700,7656119818683063,Absolute masterpiece! Spent over 200 hours in this game.,True,8,0,4103,1737759600
10003191,743906,7656119857665199,Overrated game. Story is weak and servers lag constantly.,False,4,0,6500,1496095200
10003192,721258,7656119821741331,Poor optimization and awful monetization system.,False,7,0,8841,1468188000
10003193,862692,7656119889752333,10/10 worth every cent. Must buy during Steam sales!,True,1,0,6791,1786312800
10003194,796684,7656119898691157,"Solid mechanics, great performance, active developers.",True,113,0,10200,1567893600
10003195,369932,7656119855163741,Poor optimization and awful monetization system.,False,3,0,3010,1783720800
10003196,401638,7656119821889883,Absolute masterpiece! Spent over 200 hours in this game.,True,5,0,9613,1616799600
10003197,946176,7656119880140998,"Solid mechanics, great performance, active developers.",True,10,0,5952,1538863200
10003198,828364,7656119882160976,One of the best indie games I have played this year.,True,72,0,8020,1747087200
10003199,522499,7656119824750749,Absolute masterpiece! Spent over 200 hours in this game.,True,136,0,6947,1453503600
10003200,724178,7656119838306648,"Solid mechanics, great performance, active developers.",True,226,0,1128,1502229600
10003201,923301,7656119827598923,"Not recommended in its current state, wait for patches.",False,2,0,14832,1350165600
10003202,688444,7656119861419075,One of the best indie games I have played this year.,True,9,0,3745,1442959200
10003203,479104,7656119863866551,Absolute masterpiece! Spent over 200 hours in this game.,True,6,0,3678,1742511600
10003204,132182,7656119828189105,Absolute masterpiece! Spent over 200 hours in this game.,True,233,0,4159,1767654000
10003205,727193,7656119897491513,Overrated game. Story is weak and servers lag constantly.,False,6,44,3744,1709161200
10003206,285867,7656119819626270,10/10 worth every cent. Must buy during Steam sales!,True,96,0,7017,1784584800
10003207,245513,7656119832295549,"Solid mechanics, great performance, active developers.",True,8,7,13819,1473026400
10003208,229202,7656119868474057,Absolute masterpiece! Spent over 200 hours in this game.,True,9,0,4955,1758232800
10003209,512399,7656119845497579,"Solid mechanics, great performance, active developers.",True,59,0,8735,1720044000
10003210,505743,7656119862119600,"Not recommended in its current state, wait for patches.",False,10,0,2248,1741215600
10003211,922415,7656119816146243,10/10 worth every cent. Must buy during Steam sales!,True,123,0,2950,1647817200
10003212,873433,7656119893289797,Absolute masterpiece! Spent over 200 hours in this game.,True,78,0,1575,1730502000
10003213,808513,7656119883394740,"Great gameplay, amazing soundtrack, highly recommended!",True,10,0,771,1619992800
10003214,242940,7656119832066855,One of the best indie games I have played this year.,True,3,0,13549,1524520800
10003215,851936,7656119846353565,"Great gameplay, amazing soundtrack, highly recommended!",True,2,0,12456,1680213600
10003216,102045,7656119824342977,"Not recommended in its current state, wait for patches.",False,3,25,4959,1779919200
10003217,551309,7656119832066855,Overrated game. Story is weak and servers lag constantly.,False,214,0,3078,1667257200
10003218,469090,7656119887984259,Absolute masterpiece! Spent over 200 hours in this game.,True,4,0,2211,1625954400
10003219,401638,7656119897199317,Too repetitive and expensive for the amount of content.,False,8,0,10165,1541286000
10003220,512661,7656119831027484,Too repetitive and expensive for the amount of content.,False,106,0,5806,1696111200
10003221,532369,7656119841632285,Absolute masterpiece! Spent over 200 hours in this game.,True,4,0,13382,1734649200
10003222,668586,7656119816715687,One of the best indie games I have played this year.,True,1,0,11934,1708038000
10003223,931195,7656119859000690,Overrated game. Story is weak and servers lag constantly.,False,74,0,13922,1774652400
10003224,138126,7656119858092731,Poor optimization and awful monetization system.,False,4,0,488,1731625200
10003225,446143,7656119884229914,One of the best indie games I have played this year.,True,2,0,13640,1653602400
10003226,563124,7656119847841310,10/10 worth every cent. Must buy during Steam sales!,True,1,44,14029,1495576800
10003227,707175,7656119836820132,One of the best indie games I have played this year.,True,3,0,14473,1632088800
10003228,590077,7656119880876552,"Not recommended in its current state, wait for patches.",False,5,0,1409,1666216800
10003229,320386,7656119826428365,"Solid mechanics, great performance, active developers.",True,6,0,4123,1682460000
10003230,355639,7656119820104884,Poor optimization and awful monetization system.,False,3,0,946,1776549600
10003231,724178,7656119864221448,One of the best indie games I have played this year.,True,8,0,7317,1486335600
10003232,107961,7656119817722692,One of the best indie games I have played this year.,True,94,0,3644,1635285600
10003233,859341,7656119813409134,Overrated game. Story is weak and servers lag constantly.,False,8,0,8523,1727301600
10003234,716289,7656119810772080,One of the best indie games I have played this year.,True,123,0,10638,1670972400
10003235,224578,7656119835802687,Overrated game. Story is weak and servers lag constantly.,False,194,0,4560,1764975600
10003236,291387,7656119874185264,Absolute masterpiece! Spent over 200 hours in this game.,True,106,0,2900,1684360800
10003237,485204,7656119863330540,"Solid mechanics, great performance, active developers.",True,1,0,7565,1754172000
10003238,873433,7656119889155610,One of the best indie games I have played this year.,True,192,0,948,1544050800
10003239,826309,7656119870344756,One of the best indie games I have played this year.,True,7,0,42,1744149600
10003240,648717,7656119822870191,"Solid mechanics, great performance, active developers.",True,5,0,4841,1755900000
10003241,248073,7656119857079678,Absolute masterpiece! Spent over 200 hours in this game.,True,0,0,2479,1748728800
10003242,107961,7656119885351616,Absolute masterpiece! Spent over 200 hours in this game.,True,8,0,13891,1672527600
10003243,512023,7656119862403072,"Full of bugs, crashes on startup after recent update.",False,4,0,10922,1765666800
10003244,820820,7656119813130256,Absolute masterpiece! Spent over 200 hours in this game.,True,8,16,14062,1499896800
10003245,447813,7656119861869871,"Great gameplay, amazing soundtrack, highly recommended!",True,93,0,11992,1677798000
10003246,750671,7656119880681229,One of the best indie games I have played this year.,True,2,0,8096,1775426400
10003247,532383,7656119813130256,"Solid mechanics, great performance, active developers.",True,94,0,2277,1750802400
10003248,903416,7656119860189831,"Solid mechanics, great performance, active developers.",True,5,0,9752,1744236000
10003249,884885,7656119859494391,Absolute masterpiece! Spent over 200 hours in this game.,True,9,41,14910,1783807200
10003250,678655,7656119870140692,Absolute masterpiece! Spent over 200 hours in this game.,True,2,0,11215,1676070000
10003251,175965,7656119833915243,One of the best indie games I have played this year.,True,6,0,1728,1562277600
10003252,525711,7656119848144980,"Full of bugs, crashes on startup after recent update.",False,9,0,12885,1674428400
10003253,859341,7656119886990244,Absolute masterpiece! Spent over 200 hours in this game.,True,10,0,1112,1754517600
10003254,610526,7656119827574546,10/10 worth every cent. Must buy during Steam sales!,True,4,0,11785,1711580400
10003255,260815,7656119859984977,"Full of bugs, crashes on startup after recent update.",False,10,0,2405,1698966000
10003256,453113,7656119878023609,One of the best indie games I have played this year.,True,4,0,3452,1526162400
10003257,743906,7656119842939861,"Great gameplay, amazing soundtrack, highly recommended!",True,120,0,7325,1642892400
10003258,648717,7656119885732523,"Solid mechanics, great performance, active developers.",True,0,49,9375,1722204000
10003259,584962,7656119898977157,"Great gameplay, amazing soundtrack, highly recommended!",True,0,0,5366,1662933600
10003260,974174,7656119861203118,"Solid mechanics, great performance, active developers.",True,3,0,5820,1442354400
10003261,229202,7656119848009963,"Solid mechanics, great performance, active developers.",True,9,0,12316,1752012000
10003262,592114,7656119810423215,One of the best indie games I have played this year.,True,9,0,4377,1553814000
10003263,761898,7656119899691868,One of the best indie games I have played this year.,True,10,0,1184,1780956000
10003264,563124,7656119814901574,10/10 worth every cent. Must buy during Steam sales!,True,147,0,2329,1621288800
10003265,756505,7656119886204857,Too repetitive and expensive for the amount of content.,False,7,0,4285,1489878000
10003266,668144,7656119871392237,Absolute masterpiece! Spent over 200 hours in this game.,True,3,0,7165,1500674400
10003267,666065,7656119832856981,"Solid mechanics, great performance, active developers.",True,0,0,10992,1474495200
10003268,359033,7656119860189831,"Not recommended in its current state, wait for patches.",False,0,0,10698,1566856800
10003269,650224,7656119883062276,10/10 worth every cent. Must buy during Steam sales!,True,9,35,6509,1687989600
10003270,272387,7656119843060382,Overrated game. Story is weak and servers lag constantly.,False,8,0,13722,1626818400
10003271,421226,7656119833628518,"Full of bugs, crashes on startup after recent update.",False,8,32,8558,1680818400
10003272,932173,7656119813140746,Too repetitive and expensive for the amount of content.,False,200,1,10999,1454972400
10003273,458731,7656119870310145,Overrated game. Story is weak and servers lag constantly.,False,1,0,8480,1683583200
10003274,390188,7656119875302702,"Not recommended in its current state, wait for patches.",False,10,0,243,1665957600
10003275,449532,7656119840080389,10/10 worth every cent. Must buy during Steam sales!,True,175,0,3077,1694642400
10003276,789660,7656119891445045,"Solid mechanics, great performance, active developers.",True,174,0,11561,1757887200
10003277,620079,7656119824565428,"Solid mechanics, great performance, active developers.",True,2,0,14074,1760911200
10003278,408323,7656119848859818,"Solid mechanics, great performance, active developers.",True,242,9,7094,1730415600
10003279,924651,7656119855148381,10/10 worth every cent. Must buy during Steam sales!,True,160,0,7495,1628373600
10003280,448714,7656119835295300,One of the best indie games I have played this year.,True,9,0,6947,1577228400
10003281,281156,7656119897199317,"Full of bugs, crashes on startup after recent update.",False,20,0,2254,1724882400
10003282,119791,7656119858391455,"Solid mechanics, great performance, active developers.",True,9,0,3666,1748124000
10003283,972653,7656119889982427,"Solid mechanics, great performance, active developers.",True,4,0,859,1637881200
10003284,880063,7656119824356212,One of the best indie games I have played this year.,True,121,0,1148,1754172000
10003285,544238,7656119869406464,Poor optimization and awful monetization system.,False,8,0,12079,1754776800
10003286,674275,7656119850968154,"Great gameplay, amazing soundtrack, highly recommended!",True,68,0,4147,1758578400
10003287,750671,7656119845326857,Absolute masterpiece! Spent over 200 hours in this game.,True,5,27,168,1695420000
10003288,653999,7656119886872938,"Full of bugs, crashes on startup after recent update.",False,1,0,11985,1611183600
10003289,727676,7656119833762365,"Solid mechanics, great performance, active developers.",True,3,0,2213,1708297200
10003290,394090,7656119891065453,10/10 worth every cent. Must buy during Steam sales!,True,8,0,12446,1710802800
10003291,229202,7656119863330540,10/10 worth every cent. Must buy during Steam sales!,True,9,0,2242,1736377200
10003292,509990,7656119854725262,Poor optimization and awful monetization system.,False,3,0,7108,1774908000
10003293,290060,7656119843913035,"Not recommended in its current state, wait for patches.",False,137,0,4221,1575846000
10003294,120368,7656119825548192,Absolute masterpiece! Spent over 200 hours in this game.,True,0,0,10952,1776981600
10003295,120368,7656119824864658,"Solid mechanics, great performance, active developers.",True,19,0,13996,1505858400
10003296,628581,7656119857960760,Absolute masterpiece! Spent over 200 hours in this game.,True,6,0,9530,1642978800
10003297,974174,7656119857249606,Poor optimization and awful monetization system.,False,5,0,5739,1424386800
10003298,628606,7656119814143488,10/10 worth every cent. Must buy during Steam sales!,True,208,0,13158,1626818400
10003299,402015,7656119865435870,Too repetitive and expensive for the amount of content.,False,2,37,3253,1605567600
10003300,823082,7656119841632285,Too repetitive and expensive for the amount of content.,False,10,12,12032,1724104800
10003301,750671,7656119842193972,10/10 worth every cent. Must buy during Steam sales!,True,9,0,8567,1682028000
10003302,184481,7656119825459516,"Full of bugs, crashes on startup after recent update.",False,5,0,10102,1782597600
10003303,532383,7656119883405106,"Not recommended in its current state, wait for patches.",False,217,0,5065,1519340400
10003304,531421,7656119887796431,Overrated game. Story is weak and servers lag constantly.,False,8,0,7082,1745359200
10003305,624567,7656119828398545,Overrated game. Story is weak and servers lag constantly.,False,3,0,10118,1737414000
10003306,909126,7656119846998004,10/10 worth every cent. Must buy during Steam sales!,True,8,0,13278,1777327200
10003307,873433,7656119820587433,"Great gameplay, amazing soundtrack, highly recommended!",True,10,0,12863,1596664800
10003308,678655,7656119884458526,"Full of bugs, crashes on startup after recent update.",False,8,2,10492,1660946400
10003309,839682,7656119875623235,"Great gameplay, amazing soundtrack, highly recommended!",True,202,0,10868,1702249200
10003310,572696,7656119835802687,Poor optimization and awful monetization system.,False,3,0,12621,1759701600
10003311,394090,7656119875840383,Absolute masterpiece! Spent over 200 hours in this game.,True,0,0,5269,1639954800
10003312,492245,7656119848144980,"Solid mechanics, great performance, active developers.",True,7,0,11549,1472767200
10003313,662700,7656119847738926,One of the best indie games I have played this year.,True,2,0,3866,1740524400
10003314,298321,7656119824447341,"Full of bugs, crashes on startup after recent update.",False,8,0,10463,1754949600
10003315,707175,7656119858332699,10/10 worth every cent. Must buy during Steam sales!,True,3,0,3565,1460930400
10003316,245513,7656119819599941,"Solid mechanics, great performance, active developers.",True,211,0,8600,1691532000
10003317,449532,7656119873583625,"Solid mechanics, great performance, active developers.",True,6,0,5446,1736031600
10003318,761898,7656119873321235,"Great gameplay, amazing soundtrack, highly recommended!",True,58,0,8814,1765234800
10003319,738173,7656119835979123,Absolute masterpiece! Spent over 200 hours in this game.,True,10,1,9800,1680040800
10003320,672581,7656119825626373,Absolute masterpiece! Spent over 200 hours in this game.,True,141,0,1220,1674774000
10003321,923301,7656119861242566,"Full of bugs, crashes on startup after recent update.",False,6,0,12609,1533333600
10003322,364851,7656119863613423,"Great gameplay, amazing soundtrack, highly recommended!",True,9,0,4378,1434146400
10003323,826309,7656119895787357,"Full of bugs, crashes on startup after recent update.",False,9,0,593,1655676000
10003324,860996,7656119851336456,"Great gameplay, amazing soundtrack, highly recommended!",True,207,0,582,1636066800
10003325,619673,7656119813140746,Too repetitive and expensive for the amount of content.,False,5,0,13239,1671750000
10003326,210358,7656119893292506,One of the best indie games I have played this year.,True,10,0,11718,1778450400
10003327,828364,7656119877811116,"Great gameplay, amazing soundtrack, highly recommended!",True,3,0,2032,1734562800
10003328,432150,7656119835957257,One of the best indie games I have played this year.,True,170,0,1755,1623189600
10003329,699678,7656119812721176,"Great gameplay, amazing soundtrack, highly recommended!",True,10,0,5304,1461189600
10003330,105407,7656119862403072,Absolute masterpiece! Spent over 200 hours in this game.,True,247,0,8758,1621720800
10003331,682191,7656119838235459,Poor optimization and awful monetization system.,False,3,0,4695,1759442400
10003332,721258,7656119883197469,"Great gameplay, amazing soundtrack, highly recommended!",True,156,0,6271,1658095200
10003333,572696,7656119849269416,"Solid mechanics, great performance, active developers.",True,184,0,13677,1743116400
10003334,229069,7656119890944634,"Not recommended in its current state, wait for patches.",False,226,0,14502,1743289200
10003335,601086,7656119870240158,Absolute masterpiece! Spent over 200 hours in this game.,True,4,35,8609,1655330400
10003336,809680,7656119817925265,Too repetitive and expensive for the amount of content.,False,8,0,10351,1514674800
10003337,394090,7656119854293755,"Full of bugs, crashes on startup after recent update.",False,8,0,12519,1726696800
10003338,941476,7656119899969125,"Solid mechanics, great performance, active developers.",True,44,0,7193,1673823600
10003339,358325,7656119819533227,"Solid mechanics, great performance, active developers.",True,8,0,13556,1715292000
10003340,812156,7656119825064840,One of the best indie games I have played this year.,True,5,0,8158,1708383600
10003341,835952,7656119830476811,One of the best indie games I have played this year.,True,2,0,229,1670108400
10003342,886381,7656119876830108,Absolute masterpiece! Spent over 200 hours in this game.,True,8,0,11774,1771974000
10003343,608581,7656119862957744,One of the best indie games I have played this year.,True,7,0,6625,1573254000
10003344,988019,7656119881384573,10/10 worth every cent. Must buy during Steam sales!,True,1,0,13157,1574204400
10003345,102045,7656119883467332,"Full of bugs, crashes on startup after recent update.",False,9,0,8534,1780178400
10003346,528112,7656119815232334,"Solid mechanics, great performance, active developers.",True,209,0,9493,1694556000
10003347,754888,7656119827683898,Absolute masterpiece! Spent over 200 hours in this game.,True,113,0,7800,1711148400
10003348,486018,7656119858145401,"Not recommended in its current state, wait for patches.",False,10,0,3372,1422140400
10003349,850655,7656119830074123,Absolute masterpiece! Spent over 200 hours in this game.,True,5,0,11442,1601330400
10003350,394090,7656119859270957,"Not recommended in its current state, wait for patches.",False,46,42,6899,1725919200
10003351,177911,7656119825064840,Absolute masterpiece! Spent over 200 hours in this game.,True,1,0,9355,1638918000
10003352,847065,7656119836994635,10/10 worth every cent. Must buy during Steam sales!,True,9,0,11664,1667862000
10003353,166593,7656119891237182,"Not recommended in its current state, wait for patches.",False,118,25,4062,1517439600
10003354,366448,7656119895971365,"Great gameplay, amazing soundtrack, highly recommended!",True,2,0,7986,1651096800
10003355,166937,7656119849690627,"Great gameplay, amazing soundtrack, highly recommended!",True,3,0,590,1692136800
10003356,139499,7656119811005666,One of the best indie games I have played this year.,True,5,0,6269,1734476400
10003357,969809,7656119855971482,One of the best indie games I have played this year.,True,0,0,39,1568584800
10003358,402015,7656119874228967,Absolute masterpiece! Spent over 200 hours in this game.,True,200,0,3836,1621634400
10003359,677743,7656119899163076,"Not recommended in its current state, wait for patches.",False,100,0,1293,1783116000
10003360,943439,7656119853689858,10/10 worth every cent. Must buy during Steam sales!,True,2,0,7252,1640905200
10003361,449711,7656119818760412,Poor optimization and awful monetization system.,False,0,19,6076,1710543600
10003362,359033,7656119816720320,"Great gameplay, amazing soundtrack, highly recommended!",True,9,50,6849,1611442800
10003363,267886,7656119881853207,One of the best indie games I have played this year.,True,9,0,11354,1769122800
10003364,461082,7656119877112823,10/10 worth every cent. Must buy during Steam sales!,True,0,0,6794,1663624800
10003365,401638,7656119878002864,Overrated game. Story is weak and servers lag constantly.,False,140,0,6282,1635631200
10003366,188476,7656119895840198,"Full of bugs, crashes on startup after recent update.",False,1,0,3521,1714860000
10003367,674275,7656119883405106,One of the best indie games I have played this year.,True,5,0,6555,1751580000
10003368,650224,7656119899634336,"Great gameplay, amazing soundtrack, highly recommended!",True,11,0,13862,1466028000
10003369,690366,7656119863961668,"Solid mechanics, great performance, active developers.",True,0,32,12799,1752184800
10003370,630847,7656119821979467,"Solid mechanics, great performance, active developers.",True,2,0,2656,1724450400
10003371,847065,7656119826428365,Overrated game. Story is weak and servers lag constantly.,False,4,0,11912,1780351200
10003372,455604,7656119822541886,"Great gameplay, amazing soundtrack, highly recommended!",True,107,0,7405,1511218800
10003373,382076,7656119877019316,"Solid mechanics, great performance, active developers.",True,5,0,9931,1681682400
10003374,320386,7656119863793463,"Great gameplay, amazing soundtrack, highly recommended!",True,10,0,4136,1621893600
10003375,390188,7656119855827867,10/10 worth every cent. Must buy during Steam sales!,True,3,0,11849,1684274400
10003376,455604,7656119880385578,10/10 worth every cent. Must buy during Steam sales!,True,4,0,3323,1714946400
10003377,428878,7656119838995650,"Full of bugs, crashes on startup after recent update.",False,212,0,3204,1746396000
10003378,800614,7656119848284293,"Great gameplay, amazing soundtrack, highly recommended!",True,4,28,3759,1782338400
10003379,402015,7656119837361621,Overrated game. Story is weak and servers lag constantly.,False,8,0,10972,1615244400
10003380,628777,7656119830872817,One of the best indie games I have played this year.,True,5,30,14393,1550703600
10003381,650224,7656119858302200,Poor optimization and awful monetization system.,False,1,0,9379,1653516000
10003382,188476,7656119896707620,10/10 worth every cent. Must buy during Steam sales!,True,8,0,12032,1628287200
10003383,528112,7656119847066557,Too repetitive and expensive for the amount of content.,False,7,0,8675,1773529200
10003384,384826,7656119887296591,"Great gameplay, amazing soundtrack, highly recommended!",True,8,0,12102,1741906800
10003385,291387,7656119879652092,"Great gameplay, amazing soundtrack, highly recommended!",True,6,0,4062,1569621600
10003386,710466,7656119885938376,Overrated game. Story is weak and servers lag constantly.,False,167,0,12357,1694210400
10003387,628777,7656119849914962,"Full of bugs, crashes on startup after recent update.",False,2,12,6374,1773615600
10003388,754888,7656119885439162,Poor optimization and awful monetization system.,False,1,0,4286,1680300000
10003389,707175,7656119874992367,Poor optimization and awful monetization system.,False,5,0,10145,1766358000
10003390,600514,7656119820487105,"Full of bugs, crashes on startup after recent update.",False,19,0,2047,1742943600
10003391,687354,7656119857079678,Absolute masterpiece! Spent over 200 hours in this game.,True,179,0,8295,1758319200
10003392,743906,7656119815442861,"Full of bugs, crashes on startup after recent update.",False,8,14,8532,1728252000
10003393,707175,7656119852361788,One of the best indie games I have played this year.,True,164,0,1631,1708038000
10003394,940715,7656119849659772,Absolute masterpiece! Spent over 200 hours in this game.,True,4,0,12941,1747346400
10003395,541989,7656119829954005,"Solid mechanics, great performance, active developers.",True,9,0,6569,1715032800
10003396,248073,7656119887984259,"Not recommended in its current state, wait for patches.",False,86,0,4289,1754863200
10003397,359033,7656119837885143,One of the best indie games I have played this year.,True,5,0,5209,1566597600
10003398,448444,7656119837769170,Overrated game. Story is weak and servers lag constantly.,False,7,0,10981,1731538800
10003399,525700,7656119821211719,"Full of bugs, crashes on startup after recent update.",False,0,0,13924,1653688800
10003400,686701,7656119810229410,One of the best indie games I have played this year.,True,2,43,6713,1555970400
10003401,653999,7656119863287624,"Solid mechanics, great performance, active developers.",True,2,0,4557,1647558000
10003402,298321,7656119871344873,Overrated game. Story is weak and servers lag constantly.,False,3,0,5287,1368396000
10003403,812156,7656119857116187,Absolute masterpiece! Spent over 200 hours in this game.,True,6,0,5338,1684274400
10003404,541989,7656119887543595,One of the best indie games I have played this year.,True,21,0,11160,1704754800
10003405,431977,7656119817632399,One of the best indie games I have played this year.,True,8,0,576,1656453600
10003406,628581,7656119875257688,"Great gameplay, amazing soundtrack, highly recommended!",True,1,0,14967,1647212400
10003407,592114,7656119893145899,"Solid mechanics, great performance, active developers.",True,5,0,5355,1722204000
10003408,653999,7656119873746724,"Great gameplay, amazing soundtrack, highly recommended!",True,60,0,9980,1639868400
10003409,721910,7656119817891675,"Great gameplay, amazing soundtrack, highly recommended!",True,3,0,90,1501279200
10003410,532383,7656119823939347,Poor optimization and awful monetization system.,False,5,0,763,1764975600
10003411,789660,7656119852977718,"Solid mechanics, great performance, active developers.",True,10,0,12184,1672095600
10003412,446143,7656119810229410,"Not recommended in its current state, wait for patches.",False,0,0,9383,1761519600
10003413,969809,7656119874553978,One of the best indie games I have played this year.,True,8,0,12273,1604617200
10003414,201051,7656119886156444,"Solid mechanics, great performance, active developers.",True,241,0,7355,1586728800
10003415,851097,7656119895547533,Absolute masterpiece! Spent over 200 hours in this game.,True,0,0,5131,1786312800
10003416,431977,7656119871389991,10/10 worth every cent. Must buy during Steam sales!,True,3,24,9992,1736463600
10003417,267886,7656119820487105,Absolute masterpiece! Spent over 200 hours in this game.,True,242,0,9999,1772665200
10003418,242940,7656119831607329,"Great gameplay, amazing soundtrack, highly recommended!",True,200,0,10725,1648076400
10003419,943439,7656119832941566,10/10 worth every cent. Must buy during Steam sales!,True,5,0,12665,1776463200
10003420,840069,7656119887984259,"Solid mechanics, great performance, active developers.",True,0,0,1061,1721858400
10003421,453113,7656119825479160,"Solid mechanics, great performance, active developers.",True,7,0,1698,1701298800
10003422,102045,7656119895547533,Too repetitive and expensive for the amount of content.,False,3,0,10899,1771714800
10003423,369053,7656119856190253,Too repetitive and expensive for the amount of content.,False,7,0,846,1500847200
10003424,979600,7656119878023609,Poor optimization and awful monetization system.,False,2,0,10083,1751493600
10003425,175965,7656119825304742,Absolute masterpiece! Spent over 200 hours in this game.,True,182,0,2799,1689717600
10003426,559452,7656119859832180,"Not recommended in its current state, wait for patches.",False,97,0,5372,1739660400
10003427,148999,7656119871265746,Absolute masterpiece! Spent over 200 hours in this game.,True,3,0,5411,1774738800
10003428,839682,7656119821947429,Absolute masterpiece! Spent over 200 hours in this game.,True,2,0,11444,1652824800
10003429,278648,7656119857409967,Too repetitive and expensive for the amount of content.,False,4,0,10313,1709593200
10003430,670637,7656119840581642,"Full of bugs, crashes on startup after recent update.",False,5,0,10206,1682114400
10003431,921237,7656119889284265,10/10 worth every cent. Must buy during Steam sales!,True,1,17,6007,1687557600
10003432,648717,7656119819926192,One of the best indie games I have played this year.,True,218,0,2631,1772838000
10003433,505743,7656119889752333,Poor optimization and awful monetization system.,False,5,0,4309,1767308400
10003434,559452,7656119894484772,10/10 worth every cent. Must buy during Steam sales!,True,10,0,11206,1696888800
10003435,285728,7656119869233005,"Great gameplay, amazing soundtrack, highly recommended!",True,111,0,3050,1756332000
10003436,108633,7656119898728924,Overrated game. Story is weak and servers lag constantly.,False,10,31,9013,1569967200
10003437,290060,7656119889752333,Poor optimization and awful monetization system.,False,4,37,12177,1756591200
10003438,820820,7656119861419075,Absolute masterpiece! Spent over 200 hours in this game.,True,5,0,1545,1720648800
10003439,289227,7656119865033242,Overrated game. Story is weak and servers lag constantly.,False,126,0,1285,1738537200
10003440,254921,7656119854220828,One of the best indie games I have played this year.,True,229,0,8036,1398117600
10003441,395577,7656119884812460,10/10 worth every cent. Must buy during Steam sales!,True,10,0,1547,1510786800
10003442,851097,7656119867952552,"Great gameplay, amazing soundtrack, highly recommended!",True,87,0,1687,1754172000
10003443,839682,7656119878031975,"Not recommended in its current state, wait for patches.",False,234,0,11762,1686520800
10003444,120706,7656119852344185,Too repetitive and expensive for the amount of content.,False,5,0,14548,1585778400
10003445,325690,7656119874992367,Absolute masterpiece! Spent over 200 hours in this game.,True,5,0,13817,1715551200
10003446,292168,7656119882112766,Absolute masterpiece! Spent over 200 hours in this game.,True,0,50,14967,1675724400
10003447,818016,7656119824413460,"Great gameplay, amazing soundtrack, highly recommended!",True,8,0,10024,1416697200
10003448,524765,7656119861242566,"Solid mechanics, great performance, active developers.",True,142,0,6952,1592863200
10003449,851936,7656119898189033,Absolute masterpiece! Spent over 200 hours in this game.,True,3,0,3406,1675897200
10003450,229202,7656119876171292,One of the best indie games I have played this year.,True,9,0,13666,1770332400
10003451,524765,7656119886191120,Absolute masterpiece! Spent over 200 hours in this game.,True,122,0,14773,1479596400
10003452,667812,7656119861457269,Absolute masterpiece! Spent over 200 hours in this game.,True,3,0,2925,1361574000
10003453,449141,7656119870837637,One of the best indie games I have played this year.,True,226,0,9173,1737500400
10003454,619673,7656119841776403,"Great gameplay, amazing soundtrack, highly recommended!",True,0,0,11224,1749333600
10003455,304958,7656119865084031,"Solid mechanics, great performance, active developers.",True,8,0,4821,1781301600
10003456,789660,7656119852744039,"Great gameplay, amazing soundtrack, highly recommended!",True,0,41,14657,1759096800
10003457,205054,7656119885371152,Overrated game. Story is weak and servers lag constantly.,False,10,2,6581,1657922400
10003458,656841,7656119892108109,Too repetitive and expensive for the amount of content.,False,64,0,3762,1743804000
10003459,615496,7656119832085459,"Great gameplay, amazing soundtrack, highly recommended!",True,2,0,7031,1723500000
10003460,555728,7656119834803136,"Not recommended in its current state, wait for patches.",False,4,0,5794,1767049200
10003461,756505,7656119862922619,One of the best indie games I have played this year.,True,119,11,7593,1651788000
10003462,531421,7656119873655910,"Full of bugs, crashes on startup after recent update.",False,0,0,6899,1667516400
10003463,810187,7656119813724454,Poor optimization and awful monetization system.,False,21,0,13389,1648591200
10003464,924651,7656119819224674,One of the best indie games I have played this year.,True,2,0,8205,1686348000
10003465,761716,7656119882676069,Poor optimization and awful monetization system.,False,63,0,5681,1646607600
10003466,668144,7656119898693577,"Great gameplay, amazing soundtrack, highly recommended!",True,0,0,8439,1533506400
10003467,201051,7656119860295510,Overrated game. Story is weak and servers lag constantly.,False,71,0,8679,1400277600
10003468,191017,7656119825260460,"Solid mechanics, great performance, active developers.",True,10,0,11562,1651010400
10003469,668586,7656119855098264,"Full of bugs, crashes on startup after recent update.",False,4,13,7451,1754172000
10003470,939106,7656119810751777,"Full of bugs, crashes on startup after recent update.",False,3,0,3721,1484780400
10003471,505743,7656119822406462,"Not recommended in its current state, wait for patches.",False,3,0,7238,1589580000
10003472,682191,7656119821211719,10/10 worth every cent. Must buy during Steam sales!,True,57,0,7775,1513378800
10003473,727676,7656119814692325,One of the best indie games I have played this year.,True,4,0,2894,1715637600
10003474,373986,7656119857409967,"Great gameplay, amazing soundtrack, highly recommended!",True,2,0,2199,1762815600
10003475,874837,7656119874933992,"Solid mechanics, great performance, active developers.",True,27,0,11592,1627423200
10003476,248073,7656119868474792,"Great gameplay, amazing soundtrack, highly recommended!",True,187,0,6309,1742857200
10003477,128872,7656119889204890,"Solid mechanics, great performance, active developers.",True,61,0,11019,1520118000
10003478,667966,7656119854925951,"Solid mechanics, great performance, active developers.",True,6,0,14002,1593727200
10003479,455604,7656119887722453,Poor optimization and awful monetization system.,False,4,0,3589,1587160800
10003480,777304,7656119888945086,"Solid mechanics, great performance, active developers.",True,2,0,13147,1671922800
10003481,766548,7656119878291179,10/10 worth every cent. Must buy during Steam sales!,True,4,0,12751,1683756000
10003482,128837,7656119828755207,"Full of bugs, crashes on startup after recent update.",False,199,0,10422,1709334000
10003483,843949,7656119824565428,10/10 worth every cent. Must buy during Steam sales!,True,1,0,81,1766098800
10003484,254921,7656119819626270,"Great gameplay, amazing soundtrack, highly recommended!",True,9,0,8719,1678230000
10003485,869859,7656119835714845,Absolute masterpiece! Spent over 200 hours in this game.,True,3,0,8977,1655935200
10003486,659434,7656119845884259,One of the best indie games I have played this year.,True,207,0,7099,1724018400
10003487,390188,7656119881543175,Overrated game. Story is weak and servers lag constantly.,False,5,0,4635,1700866800
10003488,531421,7656119835265859,Overrated game. Story is weak and servers lag constantly.,False,9,0,10691,1634076000
10003489,943439,7656119871994620,"Solid mechanics, great performance, active developers.",True,10,0,521,1682892000
10003490,627515,7656119825548192,Too repetitive and expensive for the amount of content.,False,5,0,1283,1698012000
10003491,754888,7656119861049092,One of the best indie games I have played this year.,True,2,0,10341,1675206000
10003492,843949,7656119875302702,Overrated game. Story is weak and servers lag constantly.,False,183,46,8013,1564092000
10003493,509075,7656119868630991,"Solid mechanics, great performance, active developers.",True,1,0,5291,1591999200
10003494,278648,7656119869115167,Absolute masterpiece! Spent over 200 hours in this game.,True,161,0,8333,1656453600
10003495,432150,7656119819352835,Overrated game. Story is weak and servers lag constantly.,False,9,0,2596,1548716400
10003496,551309,7656119863793463,"Great gameplay, amazing soundtrack, highly recommended!",True,212,0,3162,1740178800
10003497,662700,7656119853346105,One of the best indie games I have played this year.,True,8,20,11557,1635631200
10003498,267886,7656119896949775,Poor optimization and awful monetization system.,False,8,0,5858,1752444000
10003499,860996,7656119882676069,10/10 worth every cent. Must buy during Steam sales!,True,10,0,9225,1755900000
10003500,509990,7656119881612415,"Not recommended in its current state, wait for patches.",False,3,0,1126,1638313200
10003501,120804,7656119835265859,10/10 worth every cent. Must buy during Steam sales!,True,9,0,14954,1782684000
10003502,898338,7656119843519903,"Great gameplay, amazing soundtrack, highly recommended!",True,1,0,13688,1750024800
10003503,598115,7656119854483895,10/10 worth every cent. Must buy during Steam sales!,True,7,0,13790,1727992800
10003504,812156,7656119884272147,Overrated game. Story is weak and servers lag constantly.,False,0,0,11961,1774566000
10003505,461082,7656119860189831,Absolute masterpiece! Spent over 200 hours in this game.,True,27,0,5225,1591740000
10003506,690366,7656119818519632,One of the best indie games I have played this year.,True,247,0,7184,1757628000
10003507,359033,7656119852455947,One of the best indie games I have played this year.,True,2,0,4130,1775685600
10003508,931793,7656119880110255,10/10 worth every cent. Must buy during Steam sales!,True,39,0,5947,1766703600
10003509,102045,7656119836593758,"Solid mechanics, great performance, active developers.",True,4,0,6361,1768604400
10003510,467100,7656119874110835,One of the best indie games I have played this year.,True,7,0,980,1706828400
10003511,756505,7656119873349497,"Not recommended in its current state, wait for patches.",False,5,0,4209,1679526000
10003512,514813,7656119826448008,10/10 worth every cent. Must buy during Steam sales!,True,3,0,9725,1679094000
10003513,922684,7656119824864658,10/10 worth every cent. Must buy during Steam sales!,True,5,0,7432,1666216800
10003514,281156,7656119830639478,10/10 worth every cent. Must buy during Steam sales!,True,8,0,4778,1743631200
10003515,601086,7656119891182803,10/10 worth every cent. Must buy during Steam sales!,True,0,0,13782,1699052400
10003516,984846,7656119873564302,"Great gameplay, amazing soundtrack, highly recommended!",True,72,0,6450,1768950000
10003517,509990,7656119824742396,"Not recommended in its current state, wait for patches.",False,1,0,4674,1736118000
10003518,423916,7656119876254048,10/10 worth every cent. Must buy during Steam sales!,True,3,0,11694,1600207200
10003519,789660,7656119823019333,"Solid mechanics, great performance, active developers.",True,7,23,14819,1727647200
10003520,294521,7656119861053268,"Great gameplay, amazing soundtrack, highly recommended!",True,5,0,1173,1606086000
10003521,941476,7656119894235099,"Great gameplay, amazing soundtrack, highly recommended!",True,88,0,2288,1724191200
10003522,514813,7656119880081311,Absolute masterpiece! Spent over 200 hours in this game.,True,0,0,1801,1782943200
10003523,761716,7656119810772080,Absolute masterpiece! Spent over 200 hours in this game.,True,6,19,5236,1702940400
10003524,260897,7656119882160976,One of the best indie games I have played this year.,True,236,2,833,1746914400
10003525,359033,7656119833628518,One of the best indie games I have played this year.,True,4,0,9694,1571695200
10003526,600039,7656119855961760,Poor optimization and awful monetization system.,False,111,0,4854,1676761200
10003527,769431,7656119823509935,One of the best indie games I have played this year.,True,6,0,7466,1650751200
10003528,607836,7656119830802435,10/10 worth every cent. Must buy during Steam sales!,True,9,0,814,1755986400
10003529,924651,7656119863330540,One of the best indie games I have played this year.,True,7,0,7587,1707865200
10003530,839682,7656119823623979,"Full of bugs, crashes on startup after recent update.",False,8,24,7015,1675638000
10003531,674275,7656119830304979,"Great gameplay, amazing soundtrack, highly recommended!",True,2,0,83,1733439600
10003532,931793,7656119879169430,10/10 worth every cent. Must buy during Steam sales!,True,8,0,3377,1766876400
10003533,509990,7656119829979500,Absolute masterpiece! Spent over 200 hours in this game.,True,3,24,10953,1749074400
10003534,505743,7656119840124298,One of the best indie games I have played this year.,True,2,0,11657,1616540400
10003535,620079,7656119857978141,10/10 worth every cent. Must buy during Steam sales!,True,4,0,10470,1694815200
10003536,188476,7656119823474578,"Not recommended in its current state, wait for patches.",False,66,0,3493,1597356000
10003537,738173,7656119891487039,10/10 worth every cent. Must buy during Steam sales!,True,3,14,1706,1682028000
10003538,290060,7656119821947429,Poor optimization and awful monetization system.,False,7,16,11936,1371074400
10003539,573085,7656119889571864,Absolute masterpiece! Spent over 200 hours in this game.,True,6,0,7542,1782770400
10003540,390188,7656119888179325,Overrated game. Story is weak and servers lag constantly.,False,5,0,14548,1616281200
10003541,822976,7656119871265746,10/10 worth every cent. Must buy during Steam sales!,True,8,0,10508,1676588400
10003542,291387,7656119820122216,10/10 worth every cent. Must buy during Steam sales!,True,5,0,12521,1720476000
10003543,667966,7656119849658226,"Solid mechanics, great performance, active developers.",True,204,0,1997,1648249200
10003544,601086,7656119824742396,Too repetitive and expensive for the amount of content.,False,7,14,345,1758146400
10003545,624567,7656119878376357,10/10 worth every cent. Must buy during Steam sales!,True,102,0,9269,1672095600
10003546,312186,7656119864221448,Overrated game. Story is weak and servers lag constantly.,False,8,0,2380,1756764000
10003547,721258,7656119814209023,One of the best indie games I have played this year.,True,8,0,9790,1514242800
10003548,840069,7656119812721176,Absolute masterpiece! Spent over 200 hours in this game.,True,4,50,6001,1744495200
10003549,384826,7656119845102180,Too repetitive and expensive for the amount of content.,False,109,29,10817,1779400800
10003550,600514,7656119810559083,"Not recommended in its current state, wait for patches.",False,6,0,14351,1618351200
10003551,943946,7656119826448008,10/10 worth every cent. Must buy during Steam sales!,True,8,4,4421,1602712800
10003552,555728,7656119842918143,"Solid mechanics, great performance, active developers.",True,3,0,2850,1776031200
10003553,603181,7656119833251139,Absolute masterpiece! Spent over 200 hours in this game.,True,0,0,5263,1714514400
10003554,600039,7656119818760412,"Great gameplay, amazing soundtrack, highly recommended!",True,2,0,5519,1604876400
10003555,630847,7656119887640795,Absolute masterpiece! Spent over 200 hours in this game.,True,7,0,8692,1646434800
10003556,656841,7656119889982427,One of the best indie games I have played this year.,True,7,33,6231,1768950000
10003557,325690,7656119894515978,One of the best indie games I have played this year.,True,0,0,2498,1554069600
10003558,623476,7656119877714846,Absolute masterpiece! Spent over 200 hours in this game.,True,110,5,12183,1541026800
10003559,285728,7656119870709446,10/10 worth every cent. Must buy during Steam sales!,True,10,0,10051,1764975600
10003560,721910,7656119857249606,10/10 worth every cent. Must buy during Steam sales!,True,4,0,11963,1785448800
10003561,463737,7656119812211816,"Great gameplay, amazing soundtrack, highly recommended!",True,77,0,5868,1474236000
10003562,551101,7656119819511688,"Solid mechanics, great performance, active developers.",True,83,0,13624,1680472800
10003563,132182,7656119817544084,Overrated game. Story is weak and servers lag constantly.,False,2,0,10762,1648591200
10003564,928141,7656119843519903,10/10 worth every cent. Must buy during Steam sales!,True,213,28,8037,1584831600
10003565,880063,7656119881384573,"Not recommended in its current state, wait for patches.",False,52,5,1340,1753308000
10003566,923301,7656119833052183,"Great gameplay, amazing soundtrack, highly recommended!",True,4,0,5506,1410472800
10003567,587463,7656119879778551,Absolute masterpiece! Spent over 200 hours in this game.,True,1,0,1083,1783548000
10003568,658679,7656119888179325,"Solid mechanics, great performance, active developers.",True,99,0,4882,1581980400
10003569,573085,7656119854925951,"Solid mechanics, great performance, active developers.",True,8,0,13536,1423695600
10003570,408349,7656119875623235,"Not recommended in its current state, wait for patches.",False,2,0,3990,1746136800
10003571,569280,7656119887193607,"Full of bugs, crashes on startup after recent update.",False,8,0,14080,1774652400
10003572,302920,7656119834724569,Overrated game. Story is weak and servers lag constantly.,False,9,0,2704,1761429600
10003573,621239,7656119855708507,One of the best indie games I have played this year.,True,4,0,3888,1755295200
10003574,118238,7656119842397331,"Great gameplay, amazing soundtrack, highly recommended!",True,10,0,10369,1662156000
10003575,592114,7656119855131849,Absolute masterpiece! Spent over 200 hours in this game.,True,4,0,3822,1608246000
10003576,569280,7656119863613423,"Full of bugs, crashes on startup after recent update.",False,7,0,5554,1573081200
10003577,820820,7656119876394385,"Solid mechanics, great performance, active developers.",True,9,0,5767,1383778800
10003578,915050,7656119836994635,"Solid mechanics, great performance, active developers.",True,7,0,7058,1766617200
10003579,128872,7656119851632139,10/10 worth every cent. Must buy during Steam sales!,True,245,0,6559,1644620400
10003580,512661,7656119854746532,One of the best indie games I have played this year.,True,10,0,7956,1781042400
10003581,125207,7656119824413460,"Not recommended in its current state, wait for patches.",False,9,0,5364,1705359600
10003582,709087,7656119873321235,"Solid mechanics, great performance, active developers.",True,9,0,5059,1439244000
10003583,191017,7656119818719344,Too repetitive and expensive for the amount of content.,False,237,20,14532,1548111600
10003584,522499,7656119813473447,Too repetitive and expensive for the amount of content.,False,3,0,5319,1596146400
10003585,421226,7656119890445590,10/10 worth every cent. Must buy during Steam sales!,True,235,23,5796,1685829600
10003586,132182,7656119887984259,Poor optimization and awful monetization system.,False,2,0,13981,1616713200
10003587,903416,7656119877112823,"Great gameplay, amazing soundtrack, highly recommended!",True,2,0,14207,1773529200
10003588,188476,7656119873588586,"Not recommended in its current state, wait for patches.",False,3,0,8755,1718834400
10003589,778971,7656119885906677,"Great gameplay, amazing soundtrack, highly recommended!",True,4,0,6487,1597010400
10003590,843949,7656119817632399,"Solid mechanics, great performance, active developers.",True,113,0,13895,1712440800
10003591,272387,7656119814278267,"Not recommended in its current state, wait for patches.",False,10,0,7220,1683410400
10003592,224578,7656119894551376,Absolute masterpiece! Spent over 200 hours in this game.,True,248,0,2887,1621893600
10003593,939106,7656119846312467,"Solid mechanics, great performance, active developers.",True,4,0,13673,1755986400
10003594,211995,7656119897355811,"Great gameplay, amazing soundtrack, highly recommended!",True,82,0,12025,1564696800
10003595,369295,7656119882979383,"Solid mechanics, great performance, active developers.",True,145,0,12576,1582671600
10003596,327570,7656119828007847,10/10 worth every cent. Must buy during Steam sales!,True,0,0,6754,1653084000
10003597,555423,7656119855971482,Overrated game. Story is weak and servers lag constantly.,False,4,0,12132,1771455600
10003598,353862,7656119882112766,"Solid mechanics, great performance, active developers.",True,55,0,12572,1692482400
10003599,648717,7656119841076682,One of the best indie games I have played this year.,True,4,8,12387,1725660000
10003600,555423,7656119836627865,"Great gameplay, amazing soundtrack, highly recommended!",True,10,0,7646,1711062000
10003601,366448,7656119871392237,"Solid mechanics, great performance, active developers.",True,3,0,7369,1587852000
10003602,678655,7656119823589658,"Full of bugs, crashes on startup after recent update.",False,60,0,14906,1543964400
10003603,160015,7656119841776403,10/10 worth every cent. Must buy during Steam sales!,True,9,0,2794,1609628400
10003604,524765,7656119881509951,Absolute masterpiece! Spent over 200 hours in this game.,True,2,0,3336,1572390000
10003605,354548,7656119882676069,Absolute masterpiece! Spent over 200 hours in this game.,True,99,0,10030,1738882800
10003606,423916,7656119813847775,Overrated game. Story is weak and servers lag constantly.,False,6,0,4701,1587160800
10003607,528112,7656119888945086,"Solid mechanics, great performance, active developers.",True,60,0,8185,1519426800
10003608,191017,7656119890441803,10/10 worth every cent. Must buy during Steam sales!,True,7,0,13008,1651874400
10003609,166937,7656119881905353,10/10 worth every cent. Must buy during Steam sales!,True,138,0,11125,1656885600
10003610,667812,7656119878017742,"Not recommended in its current state, wait for patches.",False,150,0,12311,1751061600
10003611,659434,7656119857978141,10/10 worth every cent. Must buy during Steam sales!,True,1,0,12219,1590876000
10003612,610526,7656119862596284,10/10 worth every cent. Must buy during Steam sales!,True,7,0,1527,1509577200
10003613,582432,7656119835979123,One of the best indie games I have played this year.,True,8,0,8676,1719957600
10003614,935179,7656119839691120,"Solid mechanics, great performance, active developers.",True,9,0,14884,1628114400
10003615,432918,7656119851632139,Absolute masterpiece! Spent over 200 hours in this game.,True,2,0,5171,1729461600
10003616,939106,7656119868517999,"Great gameplay, amazing soundtrack, highly recommended!",True,5,0,2889,1652824800
10003617,935179,7656119857409967,Overrated game. Story is weak and servers lag constantly.,False,7,0,5834,1610578800
10003618,120368,7656119848137782,"Great gameplay, amazing soundtrack, highly recommended!",True,2,0,6606,1737932400
10003619,120804,7656119854879837,Absolute masterpiece! Spent over 200 hours in this game.,True,204,0,9205,1742079600
10003620,278648,7656119812586103,One of the best indie games I have played this year.,True,6,0,5954,1778882400
10003621,523435,7656119810722911,Poor optimization and awful monetization system.,False,2,0,1873,1356303600
10003622,829462,7656119875302702,Absolute masterpiece! Spent over 200 hours in this game.,True,8,0,6945,1647039600
10003623,822976,7656119876061591,10/10 worth every cent. Must buy during Steam sales!,True,7,0,4075,1592949600
10003624,761716,7656119875487203,One of the best indie games I have played this year.,True,155,0,11799,1575500400
10003625,983731,7656119881612415,Absolute masterpiece! Spent over 200 hours in this game.,True,8,0,3683,1765234800
10003626,373986,7656119821211719,One of the best indie games I have played this year.,True,2,0,9199,1782597600
10003627,840069,7656119838850088,Absolute masterpiece! Spent over 200 hours in this game.,True,5,0,4916,1732748400
10003628,532369,7656119812211816,10/10 worth every cent. Must buy during Steam sales!,True,1,50,7107,1582412400
10003629,292168,7656119818906708,Absolute masterpiece! Spent over 200 hours in this game.,True,6,0,11488,1679266800
10003630,572696,7656119862017981,10/10 worth every cent. Must buy during Steam sales!,True,5,0,9124,1729807200
10003631,447813,7656119852977718,Absolute masterpiece! Spent over 200 hours in this game.,True,9,0,10489,1605481200
10003632,931793,7656119832856981,"Full of bugs, crashes on startup after recent update.",False,76,0,1530,1595628000
10003633,897489,7656119878002864,"Solid mechanics, great performance, active developers.",True,3,0,528,1351724400
10003634,667812,7656119859513859,Overrated game. Story is weak and servers lag constantly.,False,5,0,11346,1448492400
10003635,979600,7656119847586561,10/10 worth every cent. Must buy during Steam sales!,True,176,0,3932,1767049200
10003636,765415,7656119885439162,One of the best indie games I have played this year.,True,6,5,10285,1747519200
10003637,931195,7656119884920259,Poor optimization and awful monetization system.,False,10,0,11457,1783634400
10003638,307380,7656119810483133,"Solid mechanics, great performance, active developers.",True,214,0,2789,1717538400
10003639,505482,7656119868630991,"Great gameplay, amazing soundtrack, highly recommended!",True,2,0,11057,1704841200
10003640,544238,7656119895051625,Too repetitive and expensive for the amount of content.,False,247,0,14175,1765321200
10003641,105407,7656119874933992,Overrated game. Story is weak and servers lag constantly.,False,4,20,9817,1726092000
10003642,807875,7656119812836733,One of the best indie games I have played this year.,True,167,0,6913,1632175200
10003643,598115,7656119840867720,"Solid mechanics, great performance, active developers.",True,4,0,12398,1769295600
10003644,512399,7656119880140998,"Great gameplay, amazing soundtrack, highly recommended!",True,6,13,13251,1715378400
10003645,449532,7656119863789139,Absolute masterpiece! Spent over 200 hours in this game.,True,3,0,1231,1685570400
10003646,743906,7656119882454484,"Solid mechanics, great performance, active developers.",True,10,0,693,1529532000
10003647,139499,7656119820122216,Absolute masterpiece! Spent over 200 hours in this game.,True,3,0,13003,1772146800
10003648,228079,7656119847693851,"Full of bugs, crashes on startup after recent update.",False,0,0,3150,1423090800
10003649,132182,7656119865874989,Poor optimization and awful monetization system.,False,3,0,359,1767740400
10003650,298321,7656119894863746,"Great gameplay, amazing soundtrack, highly recommended!",True,2,0,4780,1441317600
10003651,290060,7656119810751777,One of the best indie games I have played this year.,True,6,0,4280,1681768800
10003652,710466,7656119829979500,Poor optimization and awful monetization system.,False,8,0,12325,1718748000
10003653,382076,7656119863105912,Absolute masterpiece! Spent over 200 hours in this game.,True,187,0,1944,1738105200
10003654,923327,7656119828007847,Overrated game. Story is weak and servers lag constantly.,False,69,0,9729,1766358000
10003655,307380,7656119838038019,One of the best indie games I have played this year.,True,9,0,12069,1682546400
10003656,613859,7656119849690627,Absolute masterpiece! Spent over 200 hours in this game.,True,150,0,916,1773442800
10003657,935179,7656119898658398,"Not recommended in its current state, wait for patches.",False,0,8,6177,1677798000
10003658,667966,7656119857960760,"Great gameplay, amazing soundtrack, highly recommended!",True,4,0,8646,1496700000
10003659,563124,7656119856017838,"Great gameplay, amazing soundtrack, highly recommended!",True,185,0,9337,1575327600
10003660,590077,7656119837289520,One of the best indie games I have played this year.,True,140,0,3280,1448233200
10003661,442777,7656119893145899,"Full of bugs, crashes on startup after recent update.",False,10,46,7904,1470088800
10003662,369932,7656119818630297,10/10 worth every cent. Must buy during Steam sales!,True,7,0,93,1760392800
10003663,293203,7656119875046351,10/10 worth every cent. Must buy during Steam sales!,True,162,0,2340,1737414000
10003664,449532,7656119839088611,10/10 worth every cent. Must buy during Steam sales!,True,135,0,5297,1649109600
10003665,238975,7656119843983761,One of the best indie games I have played this year.,True,8,5,13999,1714168800
10003666,290060,7656119875357059,"Not recommended in its current state, wait for patches.",False,4,0,8418,1724536800
10003667,224578,7656119895547449,Overrated game. Story is weak and servers lag constantly.,False,1,0,9208,1767394800
10003668,662700,7656119860769793,"Solid mechanics, great performance, active developers.",True,8,0,11724,1530482400
10003669,684738,7656119837897808,10/10 worth every cent. Must buy during Steam sales!,True,110,0,651,1641596400
10003670,619673,7656119839284905,Absolute masterpiece! Spent over 200 hours in this game.,True,224,4,14568,1766790000
10003671,327447,7656119895350510,10/10 worth every cent. Must buy during Steam sales!,True,72,0,7215,1731020400
10003672,810187,7656119882263020,"Solid mechanics, great performance, active developers.",True,3,0,1211,1521241200
10003673,160015,7656119837769170,One of the best indie games I have played this year.,True,3,0,8922,1638486000
10003674,808513,7656119871344873,"Full of bugs, crashes on startup after recent update.",False,0,43,4370,1581030000
10003675,201051,7656119852445357,One of the best indie games I have played this year.,True,2,0,6111,1446850800
10003676,359033,7656119875759370,"Full of bugs, crashes on startup after recent update.",False,1,0,10453,1406498400
10003677,778971,7656119846125477,Absolute masterpiece! Spent over 200 hours in this game.,True,4,0,6226,1738537200
10003678,528112,7656119885523889,Poor optimization and awful monetization system.,False,84,0,9567,1483225200
10003679,721258,7656119853689858,One of the best indie games I have played this year.,True,2,0,11068,1501624800
10003680,885209,7656119865663140,Absolute masterpiece! Spent over 200 hours in this game.,True,1,0,10397,1755900000
10003681,224578,7656119824237556,Absolute masterpiece! Spent over 200 hours in this game.,True,89,0,3010,1750888800
10003682,449532,7656119824817478,Absolute masterpiece! Spent over 200 hours in this game.,True,84,0,7535,1755381600
10003683,925370,7656119838995650,Too repetitive and expensive for the amount of content.,False,6,49,5663,1751234400
10003684,923327,7656119861242566,Poor optimization and awful monetization system.,False,237,0,8540,1784325600
10003685,960289,7656119876830108,"Great gameplay, amazing soundtrack, highly recommended!",True,3,0,13596,1652824800
10003686,505743,7656119830711293,One of the best indie games I have played this year.,True,33,0,4949,1608937200
10003687,784271,7656119845008073,Poor optimization and awful monetization system.,False,0,0,10457,1708556400
10003688,939106,7656119861419075,Too repetitive and expensive for the amount of content.,False,49,0,4963,1680386400
10003689,958242,7656119864268549,Absolute masterpiece! Spent over 200 hours in this game.,True,0,0,4649,1481670000
10003690,843949,7656119855081883,Overrated game. Story is weak and servers lag constantly.,False,36,0,1151,1732834800
10003691,943946,7656119822278173,Absolute masterpiece! Spent over 200 hours in this game.,True,2,0,2040,1518390000
10003692,248073,7656119875727361,Too repetitive and expensive for the amount of content.,False,60,0,3413,1707865200
10003693,525711,7656119899737575,"Solid mechanics, great performance, active developers.",True,9,0,8881,1686780000
10003694,756505,7656119850687587,Poor optimization and awful monetization system.,False,199,0,11288,1506895200
10003695,544238,7656119856017838,"Full of bugs, crashes on startup after recent update.",False,6,0,10775,1744927200
10003696,188096,7656119846086687,"Great gameplay, amazing soundtrack, highly recommended!",True,1,0,1676,1566856800
10003697,656976,7656119816464350,"Not recommended in its current state, wait for patches.",False,112,0,2659,1474754400
10003698,359033,7656119863793463,10/10 worth every cent. Must buy during Steam sales!,True,0,0,7024,1545001200
10003699,128872,7656119873269037,"Solid mechanics, great performance, active developers.",True,10,0,10909,1720735200
10003700,120368,7656119898987118,"Great gameplay, amazing soundtrack, highly recommended!",True,8,0,14190,1782424800
10003701,328223,7656119846381560,Too repetitive and expensive for the amount of content.,False,0,0,1157,1341698400
10003702,260815,7656119871392237,Overrated game. Story is weak and servers lag constantly.,False,2,0,2454,1662588000
10003703,281156,7656119826009968,"Great gameplay, amazing soundtrack, highly recommended!",True,7,26,5843,1731020400
10003704,659434,7656119864377981,"Solid mechanics, great performance, active developers.",True,5,0,9594,1597874400
10003705,509075,7656119810679443,10/10 worth every cent. Must buy during Steam sales!,True,99,0,5049,1593554400
10003706,854608,7656119881612415,Absolute masterpiece! Spent over 200 hours in this game.,True,59,6,4859,1572994800
10003707,843949,7656119880992598,10/10 worth every cent. Must buy during Steam sales!,True,62,44,2698,1737500400
10003708,630847,7656119826448008,"Great gameplay, amazing soundtrack, highly recommended!",True,11,0,8780,1760479200
10003709,363398,7656119857744238,10/10 worth every cent. Must buy during Steam sales!,True,3,0,2679,1686866400
10003710,292168,7656119885732523,Poor optimization and awful monetization system.,False,9,0,14568,1757800800
10003711,469090,7656119885253049,10/10 worth every cent. Must buy during Steam sales!,True,98,0,7896,1710370800
10003712,703646,7656119880385578,"Solid mechanics, great performance, active developers.",True,9,0,1572,1424732400
10003713,940715,7656119882544973,"Great gameplay, amazing soundtrack, highly recommended!",True,104,0,4232,1494799200
10003714,122727,7656119897199317,One of the best indie games I have played this year.,True,9,0,7321,1685484000
10003715,253587,7656119833251139,10/10 worth every cent. Must buy during Steam sales!,True,9,0,1989,1703458800
10003716,302920,7656119813908232,Overrated game. Story is weak and servers lag constantly.,False,59,19,7850,1764025200
10003717,514322,7656119812353637,Absolute masterpiece! Spent over 200 hours in this game.,True,5,12,11234,1545001200
10003718,897489,7656119843623023,One of the best indie games I have played this year.,True,7,29,6465,1352847600
10003719,188476,7656119888179325,Overrated game. Story is weak and servers lag constantly.,False,3,0,855,1773788400
10003720,180835,7656119857338194,10/10 worth every cent. Must buy during Steam sales!,True,1,0,6435,1716069600
10003721,630847,7656119863065746,"Solid mechanics, great performance, active developers.",True,0,0,1227,1681423200
10003722,699678,7656119833007121,"Solid mechanics, great performance, active developers.",True,4,0,14591,1558821600
10003723,104323,7656119826100744,"Great gameplay, amazing soundtrack, highly recommended!",True,1,0,1710,1514674800
10003724,922415,7656119840867720,"Great gameplay, amazing soundtrack, highly recommended!",True,7,0,3289,1753308000
10003725,327570,7656119861869871,One of the best indie games I have played this year.,True,9,0,5638,1771455600
10003726,850655,7656119838417562,Overrated game. Story is weak and servers lag constantly.,False,181,0,14496,1749074400
10003727,720128,7656119839088611,One of the best indie games I have played this year.,True,1,0,13663,1461880800
10003728,925370,7656119847738926,"Solid mechanics, great performance, active developers.",True,8,0,3323,1747260000
10003729,615496,7656119854746532,"Solid mechanics, great performance, active developers.",True,1,0,8979,1704236400
10003730,320386,7656119813024169,"Solid mechanics, great performance, active developers.",True,6,0,4798,1780437600
10003731,874837,7656119813013645,Too repetitive and expensive for the amount of content.,False,7,0,2495,1638054000
10003732,278648,7656119870709446,"Great gameplay, amazing soundtrack, highly recommended!",True,10,0,8863,1783116000
10003733,828364,7656119890986656,One of the best indie games I have played this year.,True,9,0,4922,1725141600
10003734,653999,7656119865043608,Overrated game. Story is weak and servers lag constantly.,False,9,0,7144,1622152800
10003735,880063,7656119822094552,"Great gameplay, amazing soundtrack, highly recommended!",True,6,0,897,1736636400
10003736,775847,7656119860023201,One of the best indie games I have played this year.,True,6,0,5826,1764025200
10003737,432150,7656119871389991,One of the best indie games I have played this year.,True,5,0,8570,1725228000
10003738,972653,7656119836994415,One of the best indie games I have played this year.,True,9,0,2004,1757887200
10003739,584962,7656119834550693,One of the best indie games I have played this year.,True,7,0,14396,1422918000
10003740,127275,7656119851336456,"Solid mechanics, great performance, active developers.",True,4,50,2401,1674687600
10003741,483607,7656119880681229,"Full of bugs, crashes on startup after recent update.",False,95,0,3275,1747000800
10003742,707175,7656119865435870,Too repetitive and expensive for the amount of content.,False,1,0,4272,1410127200
10003743,118121,7656119858930524,Absolute masterpiece! Spent over 200 hours in this game.,True,10,0,9837,1542236400
10003744,988019,7656119829998979,10/10 worth every cent. Must buy during Steam sales!,True,8,0,11867,1569621600
10003745,721258,7656119868551895,Overrated game. Story is weak and servers lag constantly.,False,96,0,9364,1507586400
10003746,267886,7656119865014951,One of the best indie games I have played this year.,True,223,36,2959,1743030000
10003747,569280,7656119897518932,Poor optimization and awful monetization system.,False,186,0,3246,1594677600
10003748,158385,7656119888945086,Too repetitive and expensive for the amount of content.,False,217,0,7618,1756332000
10003749,738173,7656119898693577,Absolute masterpiece! Spent over 200 hours in this game.,True,8,0,13115,1692136800
10003750,630847,7656119820505700,10/10 worth every cent. Must buy during Steam sales!,True,180,0,14806,1624399200
10003751,859341,7656119845497579,10/10 worth every cent. Must buy during Steam sales!,True,10,0,13964,1760652000
10003752,592114,7656119812923985,"Great gameplay, amazing soundtrack, highly recommended!",True,16,0,5888,1602626400
10003753,455604,7656119865043608,Absolute masterpiece! Spent over 200 hours in this game.,True,163,0,7930,1605999600
10003754,658679,7656119856063858,One of the best indie games I have played this year.,True,120,0,1235,1611788400
10003755,873433,7656119864221448,One of the best indie games I have played this year.,True,5,0,10339,1622239200
10003756,201051,7656119858232277,Overrated game. Story is weak and servers lag constantly.,False,9,0,2879,1707433200
10003757,835952,7656119898189033,"Not recommended in its current state, wait for patches.",False,230,0,13722,1657576800
10003758,784271,7656119855366179,Too repetitive and expensive for the amount of content.,False,2,0,1441,1630015200
10003759,738297,7656119812574179,"Not recommended in its current state, wait for patches.",False,2,0,1684,1534888800
10003760,600514,7656119849676565,Too repetitive and expensive for the amount of content.,False,9,0,7200,1642633200
10003761,102045,7656119852844412,10/10 worth every cent. Must buy during Steam sales!,True,10,0,1023,1746223200
10003762,624567,7656119841861446,"Great gameplay, amazing soundtrack, highly recommended!",True,161,0,2107,1694988000
10003763,467100,7656119851921090,"Solid mechanics, great performance, active developers.",True,213,0,9314,1770246000
10003764,903416,7656119867952552,Overrated game. Story is weak and servers lag constantly.,False,3,0,773,1739833200
10003765,750671,7656119849721215,"Solid mechanics, great performance, active developers.",True,6,0,830,1576623600
10003766,302920,7656119871170442,10/10 worth every cent. Must buy during Steam sales!,True,2,11,5028,1768086000
10003767,687354,7656119839219712,Overrated game. Story is weak and servers lag constantly.,False,1,0,1477,1375221600
10003768,658679,7656119858092731,"Great gameplay, amazing soundtrack, highly recommended!",True,5,0,13147,1757541600
10003769,601086,7656119881280612,10/10 worth every cent. Must buy during Steam sales!,True,4,0,14587,1758578400
10003770,524765,7656119893145899,"Solid mechanics, great performance, active developers.",True,1,0,13652,1599084000
10003771,667966,7656119854220828,Absolute masterpiece! Spent over 200 hours in this game.,True,0,0,14014,1472248800
10003772,738297,7656119859861431,Absolute masterpiece! Spent over 200 hours in this game.,True,230,0,9943,1474495200
10003773,943439,7656119898391226,One of the best indie games I have played this year.,True,1,0,11138,1775512800
10003774,454799,7656119875716306,One of the best indie games I have played this year.,True,10,5,14679,1756504800
10003775,621239,7656119869406464,Absolute masterpiece! Spent over 200 hours in this game.,True,8,0,2431,1765753200
10003776,281156,7656119825836393,"Great gameplay, amazing soundtrack, highly recommended!",True,224,0,3910,1735167600
10003777,272387,7656119894885144,Absolute masterpiece! Spent over 200 hours in this game.,True,1,0,11536,1734217200
10003778,369053,7656119880343201,"Solid mechanics, great performance, active developers.",True,5,0,9657,1651874400
10003779,453113,7656119824356212,"Full of bugs, crashes on startup after recent update.",False,9,0,8600,1746050400
10003780,453113,7656119811408659,"Solid mechanics, great performance, active developers.",True,6,0,5049,1745445600
10003781,684738,7656119810229410,Poor optimization and awful monetization system.,False,162,50,11144,1777672800
10003782,285728,7656119837361621,Absolute masterpiece! Spent over 200 hours in this game.,True,3,0,8193,1681250400
10003783,320738,7656119897518932,"Solid mechanics, great performance, active developers.",True,0,35,12697,1627250400
10003784,943946,7656119857960760,"Not recommended in its current state, wait for patches.",False,1,0,2163,1770246000
10003785,659434,7656119842397331,"Great gameplay, amazing soundtrack, highly recommended!",True,39,0,11155,1482015600
10003786,922684,7656119866555236,One of the best indie games I have played this year.,True,142,0,5790,1729807200
10003787,610526,7656119896543196,Too repetitive and expensive for the amount of content.,False,1,0,537,1764370800
10003788,486018,7656119878031975,Too repetitive and expensive for the amount of content.,False,2,46,8110,1448319600
10003789,625408,7656119839042149,Overrated game. Story is weak and servers lag constantly.,False,9,0,2637,1691532000
10003790,431977,7656119843157891,Absolute masterpiece! Spent over 200 hours in this game.,True,24,0,7027,1632261600
10003791,635657,7656119842936378,Absolute masterpiece! Spent over 200 hours in this game.,True,1,0,14587,1498946400
10003792,483607,7656119843060382,Absolute masterpiece! Spent over 200 hours in this game.,True,4,0,7387,1557352800
10003793,598115,7656119837011987,"Great gameplay, amazing soundtrack, highly recommended!",True,4,0,9683,1755986400
10003794,721910,7656119892038621,Absolute masterpiece! Spent over 200 hours in this game.,True,7,0,14666,1593727200
10003795,800614,7656119842117626,"Not recommended in its current state, wait for patches.",False,5,0,14545,1784066400
10003796,592924,7656119843235251,Poor optimization and awful monetization system.,False,85,17,6626,1605481200
10003797,780150,7656119850945190,"Solid mechanics, great performance, active developers.",True,9,0,8183,1428012000
10003798,449711,7656119885351616,"Great gameplay, amazing soundtrack, highly recommended!",True,5,0,11220,1624744800
10003799,939106,7656119880809249,Overrated game. Story is weak and servers lag constantly.,False,3,0,9148,1449788400
10003800,245513,7656119843235251,Overrated game. Story is weak and servers lag constantly.,False,5,24,3823,1550358000
10003801,347238,7656119896629865,Overrated game. Story is weak and servers lag constantly.,False,10,0,14212,1683410400
10003802,687354,7656119898136802,"Solid mechanics, great performance, active developers.",True,7,0,7177,1697061600
10003803,991371,7656119840664694,"Full of bugs, crashes on startup after recent update.",False,5,0,1252,1608159600
10003804,897489,7656119887796431,Overrated game. Story is weak and servers lag constantly.,False,10,0,9849,1714514400
10003805,210358,7656119869214392,"Solid mechanics, great performance, active developers.",True,69,0,3377,1759096800
10003806,659434,7656119867508741,10/10 worth every cent. Must buy during Steam sales!,True,190,0,13355,1536271200
10003807,461082,7656119870818783,Poor optimization and awful monetization system.,False,8,0,7307,1751752800
10003808,312186,7656119833052183,"Great gameplay, amazing soundtrack, highly recommended!",True,8,0,2304,1444687200
10003809,813193,7656119875026854,"Solid mechanics, great performance, active developers.",True,3,23,8890,1762210800
10003810,442777,7656119885278627,Overrated game. Story is weak and servers lag constantly.,False,2,0,6057,1642374000
10003811,347238,7656119818364399,"Great gameplay, amazing soundtrack, highly recommended!",True,48,0,14389,1695420000
10003812,485204,7656119820587433,"Great gameplay, amazing soundtrack, highly recommended!",True,189,0,3105,1755986400
10003813,184481,7656119844467546,10/10 worth every cent. Must buy during Steam sales!,True,59,0,2191,1469829600
10003814,229208,7656119873871353,Overrated game. Story is weak and servers lag constantly.,False,13,0,1286,1718575200
10003815,775847,7656119868066902,Poor optimization and awful monetization system.,False,225,0,6721,1564178400
10003816,128837,7656119831810402,Too repetitive and expensive for the amount of content.,False,128,18,6544,1592172000
10003817,773642,7656119829954005,"Great gameplay, amazing soundtrack, highly recommended!",True,219,0,12227,1573945200
10003818,324235,7656119892330364,Absolute masterpiece! Spent over 200 hours in this game.,True,7,0,2033,1765753200
10003819,765415,7656119885401561,Absolute masterpiece! Spent over 200 hours in this game.,True,9,0,8324,1623967200
10003820,950051,7656119857338194,"Full of bugs, crashes on startup after recent update.",False,209,0,7605,1693692000
10003821,395577,7656119873269037,Absolute masterpiece! Spent over 200 hours in this game.,True,108,0,9412,1529532000
10003822,859341,7656119892373860,"Solid mechanics, great performance, active developers.",True,9,5,7043,1720476000
10003823,532383,7656119897041327,One of the best indie games I have played this year.,True,7,0,6327,1660168800
10003824,461082,7656119861032887,"Full of bugs, crashes on startup after recent update.",False,0,0,9125,1657663200
10003825,808513,7656119824565428,Poor optimization and awful monetization system.,False,205,41,4216,1689026400
10003826,721910,7656119844157044,Absolute masterpiece! Spent over 200 hours in this game.,True,8,0,14606,1765148400
10003827,182338,7656119871392237,"Great gameplay, amazing soundtrack, highly recommended!",True,7,0,6052,1499292000
10003828,201051,7656119897199317,"Great gameplay, amazing soundtrack, highly recommended!",True,165,0,1666,1763593200
10003829,624567,7656119893292506,Poor optimization and awful monetization system.,False,9,0,2381,1636671600
10003830,818016,7656119881905353,Too repetitive and expensive for the amount of content.,False,4,0,9068,1377640800
10003831,569280,7656119813130256,"Great gameplay, amazing soundtrack, highly recommended!",True,32,0,12601,1617919200
10003832,367762,7656119884575328,"Great gameplay, amazing soundtrack, highly recommended!",True,6,38,10983,1618783200
10003833,278648,7656119848009963,Poor optimization and awful monetization system.,False,7,0,5896,1722463200
10003834,684738,7656119842939861,Absolute masterpiece! Spent over 200 hours in this game.,True,3,0,8340,1776463200
10003835,448714,7656119865815863,Poor optimization and awful monetization system.,False,9,0,2881,1766530800
10003836,100495,7656119839127570,Too repetitive and expensive for the amount of content.,False,9,0,3829,1701644400
10003837,909126,7656119820257225,One of the best indie games I have played this year.,True,7,0,4346,1658354400
10003838,483607,7656119870344756,"Solid mechanics, great performance, active developers.",True,9,0,171,1408917600
10003839,659434,7656119863466816,One of the best indie games I have played this year.,True,6,0,6498,1673996400
10003840,479104,7656119848284293,One of the best indie games I have played this year.,True,2,0,424,1719352800
10003841,310047,7656119886990244,One of the best indie games I have played this year.,True,1,0,11055,1715292000
10003842,780150,7656119889956405,Overrated game. Story is weak and servers lag constantly.,False,0,0,2098,1517353200
10003843,423916,7656119864870855,One of the best indie games I have played this year.,True,155,0,10854,1535925600
10003844,238975,7656119858391455,One of the best indie games I have played this year.,True,9,0,335,1679007600
10003845,688444,7656119864103385,Absolute masterpiece! Spent over 200 hours in this game.,True,2,21,4331,1685743200
10003846,278648,7656119840632420,10/10 worth every cent. Must buy during Steam sales!,True,4,0,2063,1664920800
10003847,939106,7656119829895242,10/10 worth every cent. Must buy during Steam sales!,True,165,0,4179,1694728800
10003848,120804,7656119835079074,"Solid mechanics, great performance, active developers.",True,4,0,2582,1755381600
10003849,598115,7656119864618491,Absolute masterpiece! Spent over 200 hours in this game.,True,10,0,452,1729980000
10003850,932173,7656119897717720,One of the best indie games I have played this year.,True,2,0,9472,1502488800
10003851,512661,7656119875727361,10/10 worth every cent. Must buy during Steam sales!,True,184,0,11245,1723759200
10003852,623476,7656119864618491,"Solid mechanics, great performance, active developers.",True,202,0,5957,1582930800
10003853,628777,7656119843623023,"Solid mechanics, great performance, active developers.",True,118,0,8407,1583449200
10003854,687354,7656119834631033,"Full of bugs, crashes on startup after recent update.",False,7,0,12361,1493676000
10003855,898338,7656119878175365,"Full of bugs, crashes on startup after recent update.",False,1,0,7507,1631743200
10003856,923327,7656119813577448,"Full of bugs, crashes on startup after recent update.",False,9,13,10137,1625176800
10003857,886856,7656119889284265,10/10 worth every cent. Must buy during Steam sales!,True,0,0,6010,1547938800
10003858,118238,7656119899163076,Too repetitive and expensive for the amount of content.,False,8,0,6396,1636585200
10003859,353862,7656119850197532,Too repetitive and expensive for the amount of content.,False,0,29,9302,1566511200
10003860,561997,7656119826327874,Absolute masterpiece! Spent over 200 hours in this game.,True,127,0,9019,1581721200
10003861,102045,7656119833548880,"Great gameplay, amazing soundtrack, highly recommended!",True,250,0,6069,1763679600
10003862,921237,7656119885823927,Overrated game. Story is weak and servers lag constantly.,False,60,35,4876,1690408800
10003863,119791,7656119833956418,One of the best indie games I have played this year.,True,203,0,9657,1746482400
10003864,158385,7656119868474792,"Not recommended in its current state, wait for patches.",False,7,0,4938,1722549600
10003865,327447,7656119825260460,One of the best indie games I have played this year.,True,8,0,7859,1750197600
10003866,532383,7656119875354390,"Great gameplay, amazing soundtrack, highly recommended!",True,6,0,1482,1592863200
10003867,191017,7656119822509868,Overrated game. Story is weak and servers lag constantly.,False,9,0,7891,1726437600
10003868,449141,7656119827574546,"Solid mechanics, great performance, active developers.",True,147,0,1858,1587592800
10003869,653999,7656119883190399,Absolute masterpiece! Spent over 200 hours in this game.,True,0,0,10640,1540854000
10003870,880529,7656119849721215,One of the best indie games I have played this year.,True,3,0,7393,1742770800
10003871,972653,7656119816464350,Too repetitive and expensive for the amount of content.,False,219,0,12309,1651096800
10003872,625408,7656119896629865,"Great gameplay, amazing soundtrack, highly recommended!",True,72,44,6962,1646262000
10003873,617901,7656119883467332,"Not recommended in its current state, wait for patches.",False,96,0,5688,1726178400
10003874,509990,7656119874992367,"Not recommended in its current state, wait for patches.",False,249,0,765,1605826800
10003875,860996,7656119851137461,"Solid mechanics, great performance, active developers.",True,10,0,14723,1712613600
10003876,909126,7656119853155597,One of the best indie games I have played this year.,True,4,0,4043,1735426800
10003877,909126,7656119858145401,"Great gameplay, amazing soundtrack, highly recommended!",True,49,0,7086,1679353200
10003878,709087,7656119865217167,Absolute masterpiece! Spent over 200 hours in this game.,True,9,0,903,1654812000
10003879,826309,7656119831275433,Too repetitive and expensive for the amount of content.,False,1,0,4253,1727215200
10003880,648717,7656119875026854,One of the best indie games I have played this year.,True,0,0,9509,1770332400
10003881,765415,7656119820033913,Absolute masterpiece! Spent over 200 hours in this game.,True,2,0,10982,1687557600
10003882,761898,7656119873655910,One of the best indie games I have played this year.,True,0,0,1467,1781820000
10003883,175965,7656119822870191,Too repetitive and expensive for the amount of content.,False,0,0,10722,1717797600
10003884,603181,7656119855827867,Overrated game. Story is weak and servers lag constantly.,False,2,0,7361,1719871200
10003885,160015,7656119852084727,"Solid mechanics, great performance, active developers.",True,2,0,13465,1540504800
10003886,167100,7656119895661025,10/10 worth every cent. Must buy during Steam sales!,True,8,0,3051,1778882400
10003887,650224,7656119858027047,"Great gameplay, amazing soundtrack, highly recommended!",True,7,0,11920,1444860000
10003888,294521,7656119856063858,"Great gameplay, amazing soundtrack, highly recommended!",True,219,0,8954,1781388000
10003889,656841,7656119892296861,10/10 worth every cent. Must buy during Steam sales!,True,8,20,2972,1786312800
10003890,458731,7656119828951640,One of the best indie games I have played this year.,True,9,0,13346,1724277600
10003891,738173,7656119818918147,Absolute masterpiece! Spent over 200 hours in this game.,True,4,0,1549,1778623200
10003892,120804,7656119865815863,One of the best indie games I have played this year.,True,4,19,13501,1563141600
10003893,667966,7656119861529626,"Great gameplay, amazing soundtrack, highly recommended!",True,7,0,6875,1531692000
10003894,292168,7656119818683063,10/10 worth every cent. Must buy during Steam sales!,True,10,36,7524,1660687200
10003895,645423,7656119891452087,"Great gameplay, amazing soundtrack, highly recommended!",True,10,42,7624,1712527200
10003896,688444,7656119833251139,Absolute masterpiece! Spent over 200 hours in this game.,True,177,0,12439,1516057200
10003897,781102,7656119880272341,10/10 worth every cent. Must buy during Steam sales!,True,9,0,10411,1755813600
10003898,551101,7656119896949775,Poor optimization and awful monetization system.,False,169,0,7157,1603839600
10003899,721258,7656119854293755,Overrated game. Story is weak and servers lag constantly.,False,4,0,8191,1668034800
10003900,107961,7656119849703018,One of the best indie games I have played this year.,True,78,0,7080,1631397600
10003901,132182,7656119810229410,Poor optimization and awful monetization system.,False,60,0,922,1760652000
10003902,118238,7656119854969516,"Great gameplay, amazing soundtrack, highly recommended!",True,7,0,3503,1639177200
10003903,958242,7656119812586103,10/10 worth every cent. Must buy during Steam sales!,True,0,0,7962,1409263200
10003904,366448,7656119832856981,Too repetitive and expensive for the amount of content.,False,3,0,13841,1662847200
10003905,590077,7656119862119600,10/10 worth every cent. Must buy during Steam sales!,True,120,0,12611,1423609200
10003906,796684,7656119874307574,10/10 worth every cent. Must buy during Steam sales!,True,4,0,5243,1627164000
10003907,263753,7656119876394385,One of the best indie games I have played this year.,True,10,0,5048,1636585200
10003908,366448,7656119823509935,Too repetitive and expensive for the amount of content.,False,5,0,6830,1538776800
10003909,624567,7656119871389991,"Full of bugs, crashes on startup after recent update.",False,1,0,5160,1601676000
10003910,769431,7656119837969645,"Not recommended in its current state, wait for patches.",False,10,0,10510,1617487200
10003911,363398,7656119826100744,"Not recommended in its current state, wait for patches.",False,9,0,2624,1713823200
10003912,559452,7656119854265602,10/10 worth every cent. Must buy during Steam sales!,True,4,0,6859,1762297200
10003913,873433,7656119857249606,10/10 worth every cent. Must buy during Steam sales!,True,7,0,7198,1723327200
10003914,292168,7656119868496329,10/10 worth every cent. Must buy during Steam sales!,True,0,0,7022,1757109600
10003915,555728,7656119828651197,10/10 worth every cent. Must buy during Steam sales!,True,5,26,7354,1740092400
10003916,358325,7656119828189105,One of the best indie games I have played this year.,True,10,4,7432,1772406000
10003917,648717,7656119819749563,"Great gameplay, amazing soundtrack, highly recommended!",True,5,0,751,1753740000
10003918,587463,7656119858092731,Absolute masterpiece! Spent over 200 hours in this game.,True,6,0,8438,1782511200
10003919,991371,7656119866416237,"Not recommended in its current state, wait for patches.",False,5,0,2633,1617832800
10003920,923327,7656119856720843,"Great gameplay, amazing soundtrack, highly recommended!",True,4,0,1308,1642028400
10003921,885209,7656119874992367,"Solid mechanics, great performance, active developers.",True,10,0,66,1597442400
10003922,750671,7656119890062170,"Great gameplay, amazing soundtrack, highly recommended!",True,8,17,9782,1565906400
10003923,823082,7656119822312182,Overrated game. Story is weak and servers lag constantly.,False,5,0,10456,1623794400
10003924,347238,7656119811419219,Too repetitive and expensive for the amount of content.,False,4,0,12977,1730242800
10003925,394090,7656119875157803,10/10 worth every cent. Must buy during Steam sales!,True,2,0,2046,1725228000
10003926,507324,7656119818221287,Poor optimization and awful monetization system.,False,2,0,13575,1763506800
10003927,588308,7656119858302200,"Solid mechanics, great performance, active developers.",True,79,0,10164,1556229600
10003928,180835,7656119814901574,"Great gameplay, amazing soundtrack, highly recommended!",True,3,0,7599,1681768800
10003929,369295,7656119820710694,"Great gameplay, amazing soundtrack, highly recommended!",True,128,0,8590,1514242800
10003930,291387,7656119850946502,"Not recommended in its current state, wait for patches.",False,7,32,12457,1781042400
10003931,666103,7656119879652092,"Great gameplay, amazing soundtrack, highly recommended!",True,115,0,3791,1777327200
10003932,941476,7656119857338194,"Solid mechanics, great performance, active developers.",True,4,0,12682,1717279200
10003933,128872,7656119833762365,Overrated game. Story is weak and servers lag constantly.,False,5,0,10163,1582066800
10003934,820820,7656119841632285,Overrated game. Story is weak and servers lag constantly.,False,3,0,8377,1730070000
10003935,431977,7656119882540496,Absolute masterpiece! Spent over 200 hours in this game.,True,151,0,11741,1511046000
10003936,828364,7656119840175015,One of the best indie games I have played this year.,True,87,0,8589,1738537200
10003937,658679,7656119894515978,10/10 worth every cent. Must buy during Steam sales!,True,18,0,9083,1478905200
10003938,454799,7656119816720320,"Full of bugs, crashes on startup after recent update.",False,10,0,5213,1725746400
10003939,588308,7656119863789139,"Great gameplay, amazing soundtrack, highly recommended!",True,4,19,3023,1703631600
10003940,613859,7656119838152141,Absolute masterpiece! Spent over 200 hours in this game.,True,4,0,10225,1700780400
10003941,934527,7656119823589658,"Solid mechanics, great performance, active developers.",True,6,0,6884,1599602400
10003942,621239,7656119813473447,One of the best indie games I have played this year.,True,5,0,13355,1716933600
10003943,239304,7656119854265602,10/10 worth every cent. Must buy during Steam sales!,True,134,0,4687,1714428000
10003944,573085,7656119812586103,10/10 worth every cent. Must buy during Steam sales!,True,32,0,12092,1486422000
10003945,166593,7656119882537654,One of the best indie games I have played this year.,True,2,0,12599,1526335200
10003946,224578,7656119837550184,Absolute masterpiece! Spent over 200 hours in this game.,True,9,0,13095,1653602400
10003947,919483,7656119898062086,Too repetitive and expensive for the amount of content.,False,7,0,11360,1755208800
10003948,780150,7656119857429658,Overrated game. Story is weak and servers lag constantly.,False,4,0,1710,1463608800
10003949,512023,7656119825549563,"Great gameplay, amazing soundtrack, highly recommended!",True,0,0,2432,1520204400
10003950,662700,7656119845614461,"Full of bugs, crashes on startup after recent update.",False,57,0,12619,1745532000
10003951,285728,7656119852876630,Absolute masterpiece! Spent over 200 hours in this game.,True,9,0,495,1604098800
10003952,645423,7656119824565428,10/10 worth every cent. Must buy during Steam sales!,True,6,0,9972,1523484000
10003953,773642,7656119880081311,10/10 worth every cent. Must buy during Steam sales!,True,78,0,5118,1698620400
10003954,699678,7656119818322555,Absolute masterpiece! Spent over 200 hours in this game.,True,0,0,12823,1760824800
10003955,555423,7656119868551895,Poor optimization and awful monetization system.,False,107,0,4146,1779228000
10003956,621239,7656119881821998,One of the best indie games I have played this year.,True,40,0,13968,1785448800
10003957,630847,7656119819885877,"Great gameplay, amazing soundtrack, highly recommended!",True,6,0,7695,1717624800
10003958,829462,7656119848284293,10/10 worth every cent. Must buy during Steam sales!,True,9,0,10204,1623448800
10003959,921237,7656119838038019,10/10 worth every cent. Must buy during Steam sales!,True,10,0,6541,1672009200
10003960,668586,7656119895352329,"Not recommended in its current state, wait for patches.",False,10,0,12826,1770418800
10003961,716289,7656119813024169,One of the best indie games I have played this year.,True,192,0,11206,1602367200
10003962,484520,7656119849676565,One of the best indie games I have played this year.,True,10,0,13904,1777845600
10003963,738173,7656119880385578,10/10 worth every cent. Must buy during Steam sales!,True,8,0,8073,1709247600
10003964,138126,7656119890394733,"Solid mechanics, great performance, active developers.",True,153,0,241,1577314800
10003965,180835,7656119898728924,Absolute masterpiece! Spent over 200 hours in this game.,True,0,0,8349,1639090800
10003966,851097,7656119889183214,"Great gameplay, amazing soundtrack, highly recommended!",True,87,0,6912,1782079200
10003967,983329,7656119835295300,One of the best indie games I have played this year.,True,4,0,8161,1607727600
10003968,592114,7656119826857015,10/10 worth every cent. Must buy during Steam sales!,True,9,0,7005,1680559200
10003969,931793,7656119850309809,10/10 worth every cent. Must buy during Steam sales!,True,36,0,5471,1618437600
10003970,960289,7656119821125343,10/10 worth every cent. Must buy during Steam sales!,True,2,0,1043,1733007600
10003971,365931,7656119830639478,"Solid mechanics, great performance, active developers.",True,2,0,10589,1504735200
10003972,620079,7656119859463677,Absolute masterpiece! Spent over 200 hours in this game.,True,84,0,6567,1435874400
10003973,974174,7656119890062170,Absolute masterpiece! Spent over 200 hours in this game.,True,185,0,2761,1512601200
10003974,666065,7656119838152141,Absolute masterpiece! Spent over 200 hours in this game.,True,10,0,8268,1593122400
10003975,431977,7656119844096616,Absolute masterpiece! Spent over 200 hours in this game.,True,225,0,10659,1535234400
10003976,469090,7656119861419075,Too repetitive and expensive for the amount of content.,False,9,0,11166,1640214000
10003977,765415,7656119855774210,Too repetitive and expensive for the amount of content.,False,2,0,6463,1661724000
10003978,727676,7656119870140692,"Not recommended in its current state, wait for patches.",False,243,0,10896,1717538400
10003979,854175,7656119884920259,Absolute masterpiece! Spent over 200 hours in this game.,True,8,10,11893,1685570400
10003980,119791,7656119885938376,"Great gameplay, amazing soundtrack, highly recommended!",True,9,0,13556,1762470000
10003981,167100,7656119889976035,"Great gameplay, amazing soundtrack, highly recommended!",True,151,0,3794,1662674400
10003982,449711,7656119881853207,"Full of bugs, crashes on startup after recent update.",False,7,0,11736,1658354400
10003983,670637,7656119879079456,One of the best indie games I have played this year.,True,3,0,1051,1702854000
10003984,839682,7656119871389991,"Solid mechanics, great performance, active developers.",True,10,0,7158,1782943200
10003985,600514,7656119813724454,"Solid mechanics, great performance, active developers.",True,0,17,1742,1703026800
10003986,573085,7656119818486890,Poor optimization and awful monetization system.,False,1,0,9660,1785448800
10003987,851936,7656119812836733,"Great gameplay, amazing soundtrack, highly recommended!",True,3,0,9070,1782079200
10003988,289227,7656119848541929,"Not recommended in its current state, wait for patches.",False,10,0,6690,1745618400
10003989,984846,7656119836627865,One of the best indie games I have played this year.,True,2,0,24,1760133600
10003990,880529,7656119894746400,10/10 worth every cent. Must buy during Steam sales!,True,0,0,7700,1768777200
10003991,363398,7656119810423215,One of the best indie games I have played this year.,True,6,43,8114,1748556000
10003992,119791,7656119834164185,10/10 worth every cent. Must buy during Steam sales!,True,54,38,5401,1765753200
10003993,812156,7656119838137885,One of the best indie games I have played this year.,True,9,0,7430,1629237600
10003994,128837,7656119874959968,Absolute masterpiece! Spent over 200 hours in this game.,True,3,0,9119,1600812000
10003995,102045,7656119890944634,Poor optimization and awful monetization system.,False,6,46,818,1766358000
10003996,934527,7656119865043608,Absolute masterpiece! Spent over 200 hours in this game.,True,176,39,13252,1714428000
10003997,775847,7656119893396458,"Full of bugs, crashes on startup after recent update.",False,204,0,7184,1501192800
10003998,681592,7656119854293755,"Full of bugs, crashes on startup after recent update.",False,9,0,7876,1427151600
10003999,766548,7656119849703018,Absolute masterpiece! Spent over 200 hours in this game.,True,30,0,2852,1675638000
